,p_val,avg_log2FC,pct.1,pct.2,p_val_adj
RPS26,0,0.844682592370335,0.914,0.882,0
HLA-B,0,-0.544418260081576,0.999,1,0
HLA-A,3.17218167098112e-309,-0.377659483835967,0.99,0.998,6.90710837039429e-305
MT-CO2,1.14815447047735e-272,0.241735805123831,1,1,2.49999154401738e-268
MT-ATP6,1.88516736900685e-202,0.236404802727497,1,1,4.10476342927552e-198
SNHG5,7.16649058085772e-171,-0.784383092056669,0.317,0.46,1.56043165907596e-166
TMSB10,7.80010457563445e-157,-0.250507760863683,0.998,0.998,1.69839477029864e-152
CYBA,2.59989611920593e-154,-0.485010121856523,0.661,0.765,5.661013809959e-150
TMSB4X,3.34448298424691e-145,-0.212617388015677,0.999,0.999,7.28227724989923e-141
MT-ND4L,4.66039708504558e-131,0.200770569102231,0.998,0.995,1.01475486129783e-126
MT-CYB,4.45677778225497e-126,0.190628983979914,0.999,0.997,9.70418794308196e-122
MT-CO3,5.20758164497959e-119,0.156303865006886,1,1,1.13389882737786e-114
RPL28,6.77885924058055e-110,-0.131924296642812,1,0.999,1.47602881104401e-105
HLA-DQB1,7.50170296814684e-110,-0.759885692497435,0.209,0.322,1.63342080428429e-105
TXNIP,1.45207282395469e-108,-0.321234948236,0.892,0.936,3.16174336687895e-104
PPDPF,1.49185782996645e-97,0.348272042171004,0.804,0.728,3.24837123896894e-93
RPL37A,5.18389736012769e-93,0.161538859024839,0.998,0.995,1.1287418111942e-88
ACTB,1.38940964721755e-91,-0.237505351954955,0.995,0.997,3.02530056585149e-87
PABPC1,1.04057692782019e-89,0.213981614388112,0.979,0.973,2.26575220263568e-85
ARPC1B,1.86093646036046e-88,-0.347608205061978,0.619,0.71,4.05200304878886e-84
AC253572.2,4.71736406290814e-88,-1.18973033142754,0.078,0.151,1.02715885105762e-83
KLF6,3.2650674565927e-87,-0.392604161831195,0.633,0.721,7.10935787998494e-83
MTRNR2L12,1.06060520446233e-86,0.174177278110301,0.996,0.986,2.30936177219629e-82
GAS5,2.17342741184092e-84,-0.377369464271166,0.664,0.739,4.73242084654243e-80
DUSP1,7.96908085853832e-83,-0.293169618504262,0.87,0.912,1.73518766613813e-78
AC004556.3,4.63878979565964e-82,-2.47413258731776,0.007,0.039,1.01005009010693e-77
RPS14,8.29788822521811e-79,0.137193347786051,1,0.999,1.80678218215899e-74
CORO1A,6.60909130940838e-78,-0.261418752528103,0.836,0.874,1.43906354171058e-73
CREM,2.41455365531325e-74,0.891774436419835,0.256,0.171,5.25744912907907e-70
CD55,2.69131023007931e-70,0.484422593703345,0.465,0.373,5.86005889497469e-66
RPLP0,1.41845228968329e-68,0.169857341699663,0.992,0.992,3.08853801555639e-64
RPS3,2.97773524540314e-68,0.130521283838877,0.999,0.999,6.4837207233408e-64
CCL3L1,1.27541424456231e-67,-2.41674851807864,0.019,0.057,2.77708697610998e-63
S1PR1,3.20093334193618e-67,0.704352777250221,0.265,0.181,6.96971225873185e-63
FAM153B,1.51638825751529e-65,2.42905642782294,0.043,0.009,3.3017837919138e-61
SARAF,1.05892483856703e-62,0.256361929280378,0.904,0.879,2.30570294349586e-58
LAIR2,1.34382500967718e-62,-1.22202029176674,0.057,0.109,2.9260445760711e-58
MT-ND3,6.7113816452811e-62,0.131164339016457,1,1,1.46133623944351e-57
GOLGA8B,1.39745502231735e-57,0.74049329041472,0.177,0.109,3.04281856559379e-53
RPS3A,3.68800379642134e-57,0.133952266982565,0.999,0.998,8.03025946632783e-53
EGR2,1.32817424160859e-56,-1.92998854971053,0.016,0.048,2.89196659367855e-52
ARID5A,1.59736748423611e-56,0.489289702016465,0.352,0.268,3.47810796017571e-52
ZNF331,3.07618511481677e-56,0.618244797448184,0.324,0.245,6.69808546900203e-52
POLR2J3,4.96673762499555e-56,-0.595206962516067,0.172,0.246,1.08145745046653e-51
EEF1A1,2.15652054900914e-55,0.115732345716584,1,0.999,4.6956078434125e-51
MT2A,1.1609924206845e-53,-0.567022919918904,0.315,0.389,2.52794489679843e-49
DCXR,2.9497186263849e-53,0.546069957657267,0.293,0.214,6.42271733709049e-49
RPL3,4.2203065559139e-53,0.135857059238357,0.995,0.992,9.18929549484693e-49
CCR7,4.05073031366315e-52,0.661261110107775,0.288,0.216,8.82006018497014e-48
JUN,1.03347357868767e-49,-0.243891463466576,0.738,0.803,2.25028537023454e-45
RPS5,1.20171242624677e-49,0.162793369302959,0.977,0.972,2.61660863690972e-45
EGR3,1.02840337867051e-48,-2.03255017668321,0.015,0.043,2.23924551671717e-44
B2M,1.42247625807742e-48,-0.138360507117834,1,1,3.09729980433777e-44
SLC7A5,1.58359860720834e-48,0.694389888966763,0.198,0.134,3.44812760733544e-44
ATP5F1E,2.42288706193002e-48,-0.173231458724088,0.949,0.96,5.27559428864642e-44
PFN1,4.67402134482466e-48,-0.202979943677824,0.959,0.97,1.01772140762212e-43
RPSA,1.86052530334121e-47,0.143599042483094,0.973,0.97,4.05110779549516e-43
TSC22D3,1.32006685772443e-46,-0.184766120266394,0.916,0.938,2.87431357600917e-42
LSP1,1.65322389698155e-46,-0.227203885611227,0.738,0.785,3.59972971328762e-42
PSPH,4.39302176534821e-44,-0.693839561487457,0.079,0.129,9.5653655918692e-40
FOS,9.66198438812201e-44,-0.350351788184895,0.782,0.827,2.10380048066969e-39
HIST1H4C,2.85705780263625e-43,0.32940494181802,0.589,0.528,6.22095765946017e-39
RNF125,6.19809000389465e-43,0.440733083069093,0.354,0.283,1.34957211744802e-38
LGALS1,1.05658513756644e-42,-0.436287686896833,0.356,0.427,2.30060847853717e-38
PPIA,1.28905182563078e-41,-0.153479786484862,0.929,0.94,2.80678144512846e-37
SNHG29,3.48378560059405e-41,0.205408631242319,0.803,0.757,7.58559476673348e-37
SH3BGRL3,4.44327655658038e-41,-0.176326114230533,0.896,0.933,9.67479037429813e-37
USP36,7.92238048406327e-41,0.542811553755669,0.232,0.168,1.72501912659994e-36
SYTL3,2.08186692875542e-40,0.470836753331629,0.311,0.243,4.53305705067204e-36
HLA-DPB1,2.08860171979385e-40,-0.417827709125693,0.428,0.5,4.54772138467913e-36
S100A6,3.77032141675301e-40,-0.309731054051441,0.789,0.824,8.209497852838e-36
ANXA1,3.96855956195517e-40,-0.299977608654604,0.424,0.498,8.64114159020118e-36
PIK3R1,8.97807087936606e-40,0.401617983165792,0.472,0.406,1.95488515327317e-35
EEF1B2,3.15976238277787e-39,0.146097133133776,0.954,0.938,6.88006661226054e-35
TOB1,4.90364424895889e-39,0.548463513788528,0.288,0.223,1.06771949876831e-34
RPL5,6.1540155537421e-38,0.116758118772859,0.992,0.987,1.3399753466718e-33
NQO2,6.49746321227959e-38,-0.706815265862242,0.079,0.124,1.41475763984176e-33
FKBP5,7.9295381003003e-38,0.481663735211006,0.259,0.196,1.72657762595939e-33
LINC01138,2.30263508815093e-37,-0.412988431484045,0.336,0.399,5.01375764093983e-33
TMEM176A,3.394666502936e-37,1.38454415801837,0.057,0.026,7.39154684349284e-33
GPR132,6.94424601864057e-37,0.752069482744682,0.118,0.072,1.5120401280988e-32
CLIC1,1.64979327241993e-36,-0.25273872535204,0.526,0.593,3.59225987136716e-32
AL135905.2,7.04617297461934e-36,0.490863209496364,0.251,0.19,1.53423370349361e-31
ABO,2.20964761222734e-35,2.24552154544949,0.023,0.004,4.81128671086381e-31
IFI44L,3.97058159469054e-35,-0.767391893164753,0.075,0.118,8.64554436427918e-31
EEF1G,4.85429123114191e-35,0.140498138391342,0.949,0.934,1.05697337266884e-30
CNOT6L,7.08598295244172e-35,0.43596393382362,0.272,0.21,1.54290192806466e-30
THBS1,1.16148611900727e-34,1.72127876330702,0.109,0.07,2.52901987552643e-30
MYL6,1.5120600876574e-34,-0.174502272147924,0.836,0.865,3.29235963486523e-30
RPS6,2.88064798842767e-34,0.1076481708201,0.998,0.997,6.27232293000241e-30
SIGLEC14,3.73572451393612e-34,-2.20841273431722,0.004,0.019,8.1341665566445e-30
MNDA,3.76639600153743e-34,-0.75702227146518,0.09,0.134,8.2009506537476e-30
RPS12,4.86888572564426e-34,0.102743530238503,0.999,0.999,1.06015117790178e-29
CSNK1D,6.19929056696883e-34,0.407996537983226,0.296,0.234,1.34983352805179e-29
CD8B,7.43119187736884e-34,-0.494112595339138,0.257,0.316,1.61806771937829e-29
COL6A2,7.63842729208372e-34,0.93532107060074,0.074,0.039,1.66319115857831e-29
NOP53,1.04656138783151e-33,0.181898236735812,0.802,0.759,2.27878276586433e-29
SERF2,1.17725906451411e-33,-0.1505105461744,0.925,0.938,2.56336388707303e-29
ELL2,2.53197249618418e-33,0.812482489994135,0.096,0.057,5.51311691319144e-29
TMEM176B,3.19466068988225e-33,1.32119878406802,0.073,0.039,6.95605418614962e-29
CRIP1,4.97687448809184e-33,-0.304471573984607,0.589,0.642,1.08366465103712e-28
FHIT,1.17240931620409e-32,1.18050103125792,0.055,0.026,2.55280404510278e-28
SNX9,1.24578618165607e-32,0.520300006325511,0.223,0.167,2.71257483193793e-28
GSTM4,1.29373792708959e-32,-1.03309175429396,0.025,0.051,2.81698496244488e-28
S100B,3.78178762505387e-32,1.43283453147343,0.049,0.022,8.2344643747923e-28
TSC22D4,6.09725943369494e-32,-0.33566597052745,0.301,0.364,1.32761726909274e-27
PSME2,6.24260627022149e-32,-0.305569682109635,0.451,0.508,1.35926508927803e-27
SYAP1,9.0396108391728e-32,0.437794672140171,0.257,0.199,1.96828486412149e-27
PDE4D,1.50507447942465e-31,0.396334129014178,0.268,0.208,3.27714917149923e-27
TYMP,1.96160843499405e-31,-0.498389537916043,0.203,0.26,4.27120620635605e-27
SELENOK,2.11909164670999e-31,0.313390588363551,0.457,0.398,4.61411015154634e-27
CLEC12A,3.05084865001074e-31,-0.688089274706518,0.066,0.104,6.64291785053338e-27
PDE4B,3.83914604951841e-31,0.427158909988576,0.28,0.221,8.35935660822138e-27
MX1,4.48837605590452e-31,-0.675708469213928,0.125,0.172,9.77299002412651e-27
KLF10,7.15750573569733e-31,-0.489798273522366,0.145,0.195,1.55847529889074e-26
OAZ1,1.37180762673487e-30,-0.20762727354328,0.783,0.811,2.98697392645251e-26
MYL12A,1.80677491569673e-30,-0.204422793887322,0.808,0.825,3.93407170143806e-26
IFI6,2.59401708062127e-30,-0.619102462721477,0.198,0.25,5.64821279134476e-26
ISCA1,2.93325104053809e-30,0.416506547829328,0.253,0.196,6.38686081566763e-26
CFL1,3.22169790159982e-30,-0.138082587255138,0.919,0.933,7.01492501094344e-26
MS4A6A,3.27930397294562e-30,-0.829280032636913,0.091,0.131,7.1403564706918e-26
SH3BP1,1.96801354426545e-29,-0.362345281258563,0.238,0.297,4.28515269128359e-25
EEF2,1.97680334379408e-29,0.111868513391397,0.98,0.968,4.30429160077722e-25
MYOM2,2.22811357679822e-29,0.873606337713754,0.07,0.039,4.85149450212044e-25
MDGA1,5.08249016665732e-29,-2.35085699933742,0.003,0.015,1.10666140888796e-24
S100A10,5.5867789392233e-29,-0.226670144032858,0.668,0.708,1.21646524622648e-24
GNB2,7.41408848768565e-29,-0.29597076294308,0.366,0.425,1.61434362730867e-24
PIK3IP1,1.00942613224395e-28,0.330911072233458,0.474,0.423,2.19792446034797e-24
PYCARD,1.06738915421493e-28,-0.478540233951866,0.204,0.256,2.32413314438759e-24
ARPC3,1.16761220833498e-28,-0.172271598957133,0.741,0.773,2.54235882242858e-24
M6PR,1.42962501836244e-28,-0.346575570859515,0.252,0.309,3.11286551498237e-24
RHOB,1.76169171309469e-28,-0.617624744074102,0.168,0.216,3.83590753609237e-24
AC007952.4,2.03921020923155e-28,-0.700944827544117,0.133,0.178,4.44017630958077e-24
CD74,4.72915812570905e-28,-0.121332301832292,0.715,0.783,1.02972689029189e-23
MTFP1,9.96451664526931e-28,0.447579730766785,0.212,0.161,2.16967385434094e-23
AC020656.1,1.25425380983846e-27,-0.886355452499756,0.06,0.093,2.73101224554227e-23
SOCS1,1.41769460916984e-27,0.593202867794222,0.122,0.082,3.08688824200642e-23
SRSF7,1.89681582477814e-27,0.225627364345666,0.654,0.608,4.13012677687191e-23
CHD1,3.83082325235839e-27,0.314609027868066,0.344,0.286,8.34123454968515e-23
C20orf204,3.99964951671565e-27,2.25705948647738,0.019,0.004,8.70883685769666e-23
ACTG1,4.0875488843664e-27,-0.156111288570588,0.925,0.941,8.90022894081939e-23
GABARAP,8.05488647972898e-27,-0.245656973949351,0.665,0.703,1.75387098209619e-22
YPEL5,1.05030057950743e-26,0.306534363232031,0.449,0.394,2.28692448181948e-22
DYNLL1,1.07892081220058e-26,-0.400340414284021,0.172,0.222,2.34924217648554e-22
RGS19,1.21080285897066e-26,-0.349242225411459,0.222,0.276,2.63640214512271e-22
HCST,1.4149511964298e-26,-0.189568796474119,0.676,0.72,3.08091473510624e-22
EPSTI1,1.56850234478462e-26,-0.544597788569064,0.112,0.155,3.41525700553404e-22
DIP2A,2.09671486997861e-26,0.393172218249171,0.241,0.189,4.56538695789143e-22
OAS1,3.29511053569082e-26,-0.676268500812948,0.057,0.09,7.17477368041319e-22
NR4A3,3.58591860974202e-26,0.733048424108743,0.102,0.066,7.80797918085228e-22
POLR2J2,4.32186271743281e-26,1.04788669260077,0.044,0.021,9.41042388093819e-22
CD151,4.3915208525855e-26,-0.64471063301897,0.065,0.1,9.56209750441966e-22
SYNGR1,4.39825097593377e-26,0.750385627060277,0.091,0.057,9.5767516749982e-22
ZFP36L2,4.89597556621325e-26,0.132563961990346,0.928,0.927,1.06604971978727e-21
AC243829.1,5.07974292281031e-26,-1.84731404214918,0.005,0.018,1.10606322401272e-21
YWHAB,7.18311323798804e-26,-0.184286002185484,0.691,0.732,1.56405107643952e-21
DDX24,1.31779570733446e-25,0.267563491919454,0.436,0.378,2.86936837315006e-21
S100A8,1.54027855609562e-25,-0.539607571758042,0.127,0.17,3.3538025280426e-21
TC2N,2.51679900338406e-25,0.32573890537362,0.301,0.246,5.48007814996846e-21
PPP1CA,3.27225815631397e-25,-0.249932196120195,0.448,0.502,7.12501490955805e-21
GABARAPL1,3.82301910752741e-25,0.380329625144556,0.295,0.244,8.32424180473018e-21
EIF4B,3.93946633129194e-25,0.165518280373931,0.705,0.656,8.57779398975508e-21
PSMB9,4.2135261862071e-25,-0.271099252006876,0.459,0.509,9.17453191784734e-21
GBP5,4.39183585803281e-25,-0.455642708869918,0.174,0.221,9.56278339728064e-21
NFE2L2,6.10029346099842e-25,0.394648878414618,0.267,0.216,1.3282778981978e-20
IFI44,6.94792834089936e-25,-0.661209354006454,0.065,0.098,1.51284191694743e-20
SEC14L2,8.44433596952579e-25,0.931853593745679,0.059,0.032,1.83866971400455e-20
HLX,9.82487456419549e-25,-1.31627676762728,0.014,0.031,2.13926818760793e-20
C15orf48,1.11352171253252e-24,2.30802961826988,0.02,0.005,2.4245821768683e-20
CLEC7A,1.12873700014536e-24,-0.692849344386803,0.093,0.13,2.4577119441165e-20
EMP3,1.83347001850744e-24,-0.179774343544127,0.637,0.681,3.99219761829811e-20
SC5D,2.94529290172614e-24,0.614301251450279,0.109,0.073,6.4130807642185e-20
MT-ND5,3.08145685455398e-24,0.104273104845769,0.991,0.989,6.70956415510584e-20
XAF1,3.19167046350789e-24,-0.432945662318319,0.16,0.206,6.94954326724208e-20
RNASEK,3.79070614595471e-24,-0.176790022043899,0.613,0.664,8.25388356220178e-20
PKM,1.17231019311247e-23,-0.24641023025473,0.486,0.534,2.5525882144831e-19
AC020916.1,1.62494794872369e-23,-0.713405707246817,0.123,0.162,3.53816166355097e-19
CYP4V2,1.67828069810779e-23,-0.639128064403698,0.054,0.084,3.65428839205989e-19
STAT1,2.09003904167015e-23,-0.395943944786181,0.21,0.257,4.55085100933258e-19
EREG,2.62698968116054e-23,1.19740623493225,0.056,0.031,5.72000733175897e-19
S100A4,2.96482861555383e-23,-0.212132085479215,0.729,0.761,6.4556178275069e-19
ZYX,3.45133210700111e-23,-0.272709418731748,0.422,0.47,7.51493052978422e-19
NLRP6,6.70449516103807e-23,1.2326465141963,0.032,0.014,1.45983677636443e-18
JOSD1,7.09921223588832e-23,0.512010067777523,0.128,0.091,1.54578247224232e-18
AIM2,8.0129581640242e-23,-1.25280685367567,0.011,0.026,1.74474151063463e-18
NUDT2,1.0667171236035e-22,0.582244316178612,0.104,0.071,2.32266986493425e-18
UBL5,2.15901816047121e-22,-0.194193772828603,0.539,0.587,4.70104614261002e-18
TALDO1,2.67563562244133e-22,-0.341787277490176,0.265,0.314,5.82592900430375e-18
DNAJB1,3.71860777130582e-22,0.214742145158662,0.583,0.537,8.0968965612413e-18
LITAF,3.96980462845913e-22,0.200432549650333,0.639,0.588,8.64385259800692e-18
LY6E,4.25854989955033e-22,-0.266428372309738,0.624,0.656,9.27256655128089e-18
PRELID1,4.69523507339687e-22,-0.268058227131647,0.344,0.394,1.02234048488143e-17
OLR1,5.28343107186679e-22,3.42364488413924,0.011,0.001,1.15041428158827e-17
UBE2L6,9.55637415280358e-22,-0.354699327557854,0.247,0.294,2.08080490803145e-17
UBC,1.33912763556796e-21,-0.109419782342784,0.917,0.937,2.91581651368568e-17
BTN3A2,1.67539787116025e-21,-0.316557606046899,0.238,0.286,3.64801132466434e-17
FCRL5,1.73234447186717e-21,-1.62141273395624,0.009,0.022,3.77200685304357e-17
HBB,2.02030284035329e-21,-3.13999104831947,0.004,0.013,4.39900740458525e-17
IFI27L2,2.10788854264713e-21,-0.367775692030889,0.178,0.222,4.58971651275985e-17
KCTD12,2.25560047198875e-21,-0.683182485948165,0.05,0.078,4.9113444677083e-17
SERTAD1,2.29569682085022e-21,0.448955511484508,0.177,0.136,4.99865025771927e-17
CD84,2.60232342382628e-21,-0.514913112655557,0.085,0.119,5.66629902303933e-17
AREG,2.84069277750129e-21,0.43486214486378,0.192,0.149,6.18532445373131e-17
SRSF3,3.38170704849009e-21,0.225307795969091,0.513,0.466,7.36332892738232e-17
PRAM1,3.4734020677465e-21,-0.6450040344121,0.072,0.103,7.56298566231122e-17
PHB2,3.51431835624665e-21,-0.261237398894516,0.358,0.408,7.65207678889146e-17
CSK,4.02078340967572e-21,-0.279855354977082,0.252,0.301,8.75485379622792e-17
RBM3,4.60456404128255e-21,0.158318588628994,0.732,0.694,1.00259777434886e-16
TUBA4A,5.82148782292079e-21,0.298171451399407,0.371,0.323,1.26757075856277e-16
PCBP1,6.55589710511199e-21,-0.142952156995581,0.752,0.776,1.42748103566708e-16
FCN1,6.80589329467186e-21,-0.498927178392452,0.126,0.164,1.48191520598185e-16
S100A9,8.53257823112511e-21,-0.555216065848204,0.14,0.178,1.85788358404518e-16
IDI1,8.53466240171401e-21,0.340422050223219,0.281,0.234,1.85833739134921e-16
IL32,1.22849337692311e-20,-0.245691402279536,0.648,0.662,2.67492147891237e-16
RAB37,1.41879390636884e-20,-0.415318219747816,0.144,0.184,3.08928185172751e-16
ANXA2,1.44272070861099e-20,-0.31364190798146,0.281,0.327,3.14138007092957e-16
LINC02446,1.76701996415097e-20,-0.371994972810339,0.147,0.187,3.84750926994232e-16
LYZ,1.95857223940774e-20,-0.41228850838593,0.143,0.183,4.2645951940864e-16
S100A11,1.9616754867687e-20,-0.192612330203077,0.327,0.378,4.27135220489017e-16
GNLY,2.10901761844339e-20,0.527999171822541,0.272,0.233,4.59217496239863e-16
RCSD1,2.26028826027392e-20,-0.238939275110231,0.379,0.429,4.92155165792043e-16
FTH1,2.35225801560004e-20,0.208633387521605,0.992,0.992,5.12180660316753e-16
CSF3R,2.93085869230883e-20,-0.465322742666447,0.104,0.139,6.38165171663326e-16
DNAJC15,3.01849384408704e-20,0.335438231034789,0.218,0.173,6.57246849611512e-16
HIF1A,3.24258972717596e-20,0.326894714767829,0.349,0.301,7.06041487195293e-16
CD247,3.72831525670921e-20,0.217688649014291,0.431,0.38,8.11803363995863e-16
THAP7,3.75189136595278e-20,0.388813532405283,0.175,0.135,8.16936826022558e-16
ATP2B1-AS1,4.19690852584879e-20,-0.592823028969618,0.215,0.254,9.13834862418316e-16
VPS37B,4.28903928214963e-20,0.357539963103453,0.275,0.23,9.33895413295261e-16
NR4A2,4.35182707856943e-20,0.276520532238567,0.492,0.446,9.47566828087708e-16
LINC01220,4.65952327819668e-20,-1.16099854214936,0.015,0.03,1.01456459859455e-15
IL21R,6.63525335501561e-20,0.555428565840386,0.108,0.076,1.4447600655211e-15
STAB1,7.08477706654018e-20,-0.748312677058772,0.042,0.066,1.54263935846846e-15
GLRX,7.55228881128934e-20,-0.415489267146111,0.183,0.224,1.64443536577014e-15
VAMP8,8.1812832477194e-20,-0.266082084391303,0.366,0.413,1.78139261435842e-15
MAP3K8,8.92949211685208e-20,0.336803810866723,0.324,0.28,1.94430761352337e-15
CD14,9.53324952241232e-20,-0.554698618979456,0.102,0.135,2.07576975101006e-15
IFI30,1.07672743406982e-19,-0.344110058469174,0.159,0.2,2.34446631494363e-15
PTPN18,1.10470509488485e-19,-0.443715438741596,0.127,0.164,2.40538487360228e-15
IFI27,1.12588397762181e-19,-1.7133016433405,0.006,0.017,2.45149977287373e-15
PTPN6,1.15047699518342e-19,-0.296320633828117,0.303,0.349,2.50504860931238e-15
P2RY8,1.25125918413652e-19,0.230172357625353,0.466,0.42,2.72449174753885e-15
CEMIP2,1.27608414853381e-19,0.347766865774912,0.232,0.189,2.77854562501751e-15
SMAD7,1.30698116286701e-19,0.633457338644356,0.086,0.058,2.84582078402662e-15
CRYBG1,1.95125395585311e-19,0.380560880003472,0.203,0.161,4.24866036347456e-15
SAT1,1.99942788310079e-19,-0.416371151266282,0.526,0.563,4.35355427266366e-15
CYTOR,2.24689674454221e-19,-0.393874085119246,0.16,0.2,4.8923929715662e-15
DRAP1,2.8434425255106e-19,-0.238045732380234,0.41,0.454,6.19131175504679e-15
SLC3A2,3.25704299806086e-19,0.288357709876566,0.303,0.256,7.09188542397771e-15
PLPBP,3.36026205465976e-19,-0.495668466380404,0.081,0.112,7.31663459781615e-15
IRF7,5.74634363697617e-19,-0.372171998436629,0.175,0.217,1.25120886351519e-14
CPT1A,6.09020344602614e-19,0.480222725097967,0.113,0.081,1.32608089833773e-14
RBM38,7.61935055998044e-19,0.306911629563313,0.289,0.244,1.65903739093014e-14
STK17A,7.94094512437091e-19,0.245658286181564,0.404,0.356,1.72906139138052e-14
KLRC2,8.4470263424664e-19,0.541613184248364,0.112,0.08,1.83925551580863e-14
KLF4,8.76040003308394e-19,-0.566712552616022,0.105,0.138,1.9074895032037e-14
GAPDH,8.80572058633593e-19,-0.115754103929388,0.898,0.917,1.91735760046878e-14
ITK,9.45036667352297e-19,0.278892795409518,0.328,0.282,2.05772283949289e-14
SMAP2,9.54892644779517e-19,0.286059232456034,0.324,0.278,2.07918324474292e-14
CD52,9.8689785846988e-19,-0.147672448531148,0.882,0.895,2.14887139703232e-14
OGFRL1,1.11748123292519e-18,-0.517170438208157,0.08,0.11,2.4332036365713e-14
TNFAIP3,1.31966298192217e-18,0.15799943122329,0.664,0.613,2.87343417683734e-14
FAM118A,1.89038906006827e-18,-0.353910820477925,0.17,0.21,4.11613313939265e-14
NBPF12,2.30051701927902e-18,0.6791505025829,0.071,0.046,5.00914575777813e-14
IFIT3,2.82721052310249e-18,-1.1678849277346,0.018,0.035,6.15596819300336e-14
CAPG,2.87506378702829e-18,-0.413624629347976,0.124,0.159,6.26016388987539e-14
UPK3BL1,3.10914767278855e-18,-0.779900290930659,0.03,0.05,6.76985814272978e-14
BLVRA,3.3620575213403e-18,-0.529457431489329,0.099,0.132,7.32054404696638e-14
CFD,3.52727544409764e-18,-0.452891321122765,0.107,0.141,7.6802895519782e-14
SHTN1,3.64228709988324e-18,-0.751840507725386,0.028,0.047,7.93071593128576e-14
CD47,4.17561898323765e-18,0.218211929927285,0.422,0.373,9.09199277410165e-14
CST3,4.4207002409237e-18,-0.356652699676237,0.157,0.195,9.62563270458726e-14
PADI4,4.47977008529784e-18,-0.73260181276658,0.041,0.063,9.75425138372752e-14
IL4R,4.64222430884276e-18,0.3152510493766,0.189,0.15,1.01079792100742e-13
LMO2,5.28414515897342e-18,-0.839031002960736,0.027,0.047,1.15056976691487e-13
COTL1,5.76297086235104e-18,-0.146733107272286,0.502,0.545,1.25482927556832e-13
FAM177A1,5.80073146646783e-18,0.378981983082905,0.29,0.25,1.26305126950871e-13
APOBEC3C,6.09408063510679e-18,-0.407784159124645,0.109,0.143,1.32692511748815e-13
TMA7,6.48680279629331e-18,-0.104838269863312,0.884,0.896,1.4124364408649e-13
HNRNPA0,7.21674994359218e-18,0.148694168923729,0.621,0.574,1.57137513271776e-13
MRPL23,7.86641865072721e-18,0.496125688704911,0.104,0.074,1.71283399700934e-13
TXK,8.27305656486477e-18,0.372532979472548,0.19,0.151,1.80137533643365e-13
EGR1,9.36295896325293e-18,-0.823173002823032,0.075,0.103,2.03869068465869e-13
FGR,1.03856180046276e-17,-0.281312535294041,0.214,0.257,2.26136446432761e-13
VCAN,1.18003061578184e-17,-0.203287931137815,0.106,0.14,2.56939866280337e-13
MT1E,1.22037616175492e-17,-0.461282979179378,0.049,0.073,2.65724705460517e-13
SDCBP,1.55432749076885e-17,0.245695137988442,0.32,0.274,3.38439267840009e-13
TMEM273,1.62081470627207e-17,1.01007069864511,0.033,0.016,3.52916194143681e-13
ARRDC2,1.78755401855625e-17,0.380961284491086,0.204,0.165,3.89222012000437e-13
AP3M2,2.18115428327597e-17,0.479272385130512,0.104,0.074,4.74924533640511e-13
DDX11,2.43535290757364e-17,0.70631497850037,0.053,0.032,5.30273742095085e-13
AP2S1,3.0391210176017e-17,-0.279130731771691,0.254,0.297,6.61738210372595e-13
SCO2,3.10507740405754e-17,-0.568274300463281,0.095,0.125,6.76099553959489e-13
NCF2,3.17842837392223e-17,-0.431349682438838,0.096,0.127,6.92070994137827e-13
SH3YL1,3.69720171216392e-17,0.40181709556427,0.174,0.138,8.05028700806572e-13
GADD45B,4.1079773448811e-17,0.2710108342866,0.454,0.411,8.9447098707441e-13
EIF2S3,4.2695173198259e-17,0.180457264041915,0.468,0.418,9.29644701218892e-13
CD5,4.68095305020354e-17,0.25473668652398,0.326,0.281,1.01923071715132e-12
IFNGR1,4.97326334401696e-17,0.353516792826203,0.237,0.197,1.08287836052625e-12
NEAT1,5.36200704250499e-17,-0.411027612147275,0.488,0.526,1.16752341343504e-12
AC136475.1,6.40751919378578e-17,0.556943422613408,0.079,0.054,1.39517322925492e-12
SPI1,7.6231692818208e-17,-0.235095278388724,0.142,0.18,1.65986887942366e-12
RAC2,7.79313389171211e-17,-0.137401682937039,0.71,0.741,1.69687697358139e-12
NAPSA,7.89716381315084e-17,-0.656509432886899,0.038,0.059,1.71952844867546e-12
PSME1,9.4942616056808e-17,-0.14431199883939,0.729,0.753,2.06728052202094e-12
PSMB10,9.72999174669061e-17,-0.245958638227769,0.373,0.414,2.11860840292441e-12
CD33,9.75406365873238e-17,-0.679916043791672,0.04,0.061,2.12384982105239e-12
CIRBP,1.20181318828292e-16,0.111165611420323,0.825,0.792,2.61682803616723e-12
NCAM1,1.33536504273183e-16,1.09824860391684,0.029,0.014,2.90762384404429e-12
PNKD,1.40533457948925e-16,-0.341221509241873,0.166,0.203,3.0599755133799e-12
CBWD5,1.40827304011359e-16,0.532464371619385,0.091,0.064,3.06637371754334e-12
TOMM7,1.41025918107051e-16,0.104171726003023,0.889,0.878,3.07069834086293e-12
AVPI1,1.50194771701447e-16,0.793679644644024,0.046,0.027,3.27034095902731e-12
A1BG,1.59499962785574e-16,-0.384145580453191,0.114,0.146,3.47295218969309e-12
CD36,1.80018386020954e-16,-0.500509605753472,0.064,0.09,3.91972033722025e-12
SNU13,2.08415701538977e-16,0.200359280441647,0.415,0.371,4.53804348530969e-12
LAMTOR2,2.26131648253937e-16,-0.335590879707984,0.143,0.179,4.92379050908123e-12
LEPROTL1,2.46964212047443e-16,0.180197202493759,0.563,0.521,5.37739875312103e-12
ISG15,2.47129262174994e-16,-0.508244511711131,0.201,0.238,5.38099255459831e-12
CISD3,2.5750315223621e-16,-0.398006640785585,0.106,0.138,5.60687363679124e-12
NR3C1,2.72297821780119e-16,0.278892795409518,0.338,0.295,5.9290127714403e-12
PPP1R18,2.88820812667931e-16,-0.252072163460836,0.282,0.326,6.28878437503154e-12
AK5,3.08093590034833e-16,0.695833140035739,0.057,0.036,6.70842982941845e-12
CCND3,3.66843974229489e-16,0.126695619753492,0.637,0.595,7.9876606948729e-12
MYO1F,4.21578038334288e-16,-0.266872852242279,0.297,0.339,9.17944020669079e-12
SKIL,4.44638069622836e-16,0.53811486825411,0.096,0.069,9.68154932796763e-12
METRNL,4.63102936435582e-16,0.399866976781341,0.148,0.115,1.00836033379484e-11
CEBPZ,4.66748730253918e-16,0.256573605113449,0.27,0.228,1.01629868525488e-11
ARID3A,4.67048008383752e-16,-0.641524799658211,0.037,0.057,1.01695033345478e-11
UCP2,4.83800439503403e-16,-0.207740305947601,0.517,0.554,1.05342707697471e-11
TNFSF13B,5.23922593733306e-16,-0.457300057278946,0.089,0.118,1.1407890555949e-11
CARS,5.71182606174581e-16,-0.410617022997062,0.1,0.13,1.24369300668453e-11
PLK2,6.26789996624607e-16,1.03716447444003,0.031,0.016,1.36477253865042e-11
LRRK2,6.53074621227765e-16,-0.552689309506636,0.056,0.08,1.42200468026133e-11
ODC1,6.55952708054957e-16,0.22917286343029,0.264,0.222,1.42827142651886e-11
DHRS3,6.56699491232772e-16,0.606555371850264,0.067,0.044,1.42989747221024e-11
SLC38A1,6.84557717956958e-16,0.21322149492836,0.359,0.314,1.49055597507948e-11
HLA-DPA1,7.11559418102193e-16,-0.273218280758208,0.417,0.459,1.54934947697571e-11
CDC25B,7.25331504553868e-16,-0.254783235747882,0.299,0.34,1.57933681801559e-11
PRMT2,8.0129825607581e-16,0.201307184227824,0.456,0.415,1.74474682277947e-11
OSER1,1.00788671543008e-15,0.288646474824768,0.237,0.198,2.19457253417746e-11
GSTK1,1.03482446341307e-15,-0.178090525456494,0.6,0.629,2.25322678663562e-11
ETV3,1.37889457937158e-15,0.505832783348907,0.09,0.064,3.00240505712367e-11
JAML,1.56423168281022e-15,-0.33094801882441,0.136,0.17,3.40595806615097e-11
FERMT3,1.71089376698904e-15,-0.277287188862444,0.26,0.3,3.72530008824194e-11
CD8A,1.7964782347176e-15,-0.221115804540141,0.286,0.33,3.91165170827409e-11
MARCH1,1.84241916045564e-15,-0.4370544247336,0.077,0.103,4.01168347997611e-11
ARHGEF40,1.89252173747672e-15,-0.657854527096002,0.033,0.052,4.1207768311818e-11
IL7R,1.91878911178627e-15,0.180946425542278,0.522,0.478,4.17797141200343e-11
CTSZ,1.97585880135713e-15,-0.470853804736152,0.088,0.116,4.30223495407501e-11
ITGB2-AS1,2.12564475693525e-15,-0.308279389793083,0.184,0.221,4.62837889375082e-11
RALGAPA1,2.51622072651215e-15,0.349480216707314,0.17,0.136,5.47881900990756e-11
RPS6KA4,2.73002212873862e-15,-0.423734190157361,0.092,0.12,5.94435018311546e-11
BACH2,3.11225334023823e-15,0.398549528451166,0.186,0.151,6.77662042303471e-11
DNLZ,3.53578914068171e-15,-0.758060181611305,0.022,0.038,7.69882727492035e-11
ENOSF1,3.9721443660432e-15,-0.44243252340328,0.081,0.108,8.64894714262245e-11
CEBPA,4.54068634348334e-15,-0.85195006122383,0.02,0.035,9.88689044430063e-11
CEBPD,5.50500119432615e-15,-0.470887703044191,0.118,0.149,1.19865896005258e-10
C5orf56,5.68494642108316e-15,-0.32791123236358,0.173,0.209,1.23784023372665e-10
SATB1,5.88676823971388e-15,0.276051913502422,0.294,0.255,1.2817849165153e-10
IFI35,6.32894890962647e-15,-0.404505158525204,0.105,0.135,1.37806533558207e-10
IGSF6,6.55499733087573e-15,-0.544211505202543,0.063,0.087,1.42728511882488e-10
AC018755.4,6.88605812306296e-15,-1.70410789694128,0.004,0.011,1.49937029571573e-10
TRGV9,6.96159407281296e-15,0.537966890256863,0.08,0.056,1.51581749341429e-10
TMEM156,8.49558140828005e-15,-0.420214430295555,0.092,0.12,1.8498278958389e-10
CDKN2AIP,8.70724266576414e-15,0.336234627182322,0.155,0.122,1.89591501804348e-10
JUNB,8.78562062187165e-15,-0.11609162612503,0.933,0.94,1.91298103420633e-10
MYO15B,8.95054812453202e-15,-0.45985419015473,0.073,0.098,1.9488923486356e-10
GRN,9.29272398681227e-15,-0.404263831944792,0.17,0.204,2.0233977208885e-10
DCTN6,9.5790344370868e-15,0.442328064706456,0.105,0.078,2.08573895833128e-10
ATXN7,1.09412190167877e-14,0.35696120691055,0.16,0.128,2.38234102871535e-10
SIGLEC1,1.11790874012742e-14,-1.0942417143979,0.015,0.028,2.43413449075344e-10
LINC01954,1.12390018173128e-14,-1.56489805124095,0.004,0.011,2.44718025570169e-10
ARPC2,1.18152877388658e-14,-0.121300754794168,0.775,0.799,2.57266075226065e-10
MVP,1.2620850427811e-14,-0.244670054519441,0.211,0.25,2.74806397215157e-10
SLC9A3R1,1.53242473357141e-14,-0.245790632973757,0.369,0.407,3.33670161487839e-10
TSEN54,1.56705788115758e-14,0.299436510330283,0.232,0.195,3.41211183043252e-10
CALHM6,1.61617852446473e-14,0.49881955694097,0.094,0.068,3.51906711916949e-10
PDLIM2,1.79832055879438e-14,-0.297689869970446,0.186,0.221,3.91566318471888e-10
SRP14,1.82355051064723e-14,-0.115697142716989,0.765,0.789,3.97059888188329e-10
PPP1R9B,1.87047365825683e-14,-0.417303947081076,0.093,0.121,4.07276934348843e-10
SERINC1,1.90066674470585e-14,0.257302203255403,0.27,0.231,4.13851176992253e-10
IL16,2.06913219898251e-14,0.216754906343261,0.322,0.28,4.50532845006452e-10
ADAM15,2.0792075292289e-14,-0.466919726116403,0.082,0.108,4.527266474143e-10
CSTB,2.13165076193331e-14,-0.213175768933624,0.292,0.333,4.64145636903359e-10
KLRB1,2.32344039272874e-14,0.141970997185859,0.234,0.194,5.05905911112756e-10
NLRC5,2.36406951589979e-14,-0.305576528927154,0.176,0.212,5.1475249639202e-10
TUBB6,2.38155317629309e-14,-0.934847660991252,0.018,0.032,5.18559388606058e-10
NDUFA11,2.430636243183e-14,-0.177674869057347,0.463,0.501,5.29246735590667e-10
TMED4,2.60499627473483e-14,-0.257666720885094,0.229,0.267,5.67211888860762e-10
POLR2L,2.65164697068292e-14,-0.189468452318696,0.421,0.461,5.773696113965e-10
MGST1,2.7182627195226e-14,-0.685531954511605,0.031,0.049,5.9187452454885e-10
GZMK,2.83613309576731e-14,-0.573964167964555,0.098,0.125,6.17539620272373e-10
EMD,2.8458998156231e-14,0.192149697247907,0.422,0.38,6.19666225853774e-10
ZC3HAV1,3.79773415289268e-14,0.200721976876577,0.39,0.349,8.26918634450853e-10
BLVRB,3.83904386850443e-14,-0.447170274112013,0.114,0.143,8.35913411928154e-10
ENO1,3.91018034361207e-14,-0.172651740367571,0.475,0.514,8.51402668018092e-10
IRF5,4.12321195278549e-14,-0.534773075519838,0.045,0.065,8.97788170599513e-10
NDUFS6,4.5320370411142e-14,-0.254612447881823,0.234,0.272,9.86805745332205e-10
HLA-DRA,4.54289890030166e-14,-0.150259399224494,0.293,0.337,9.89170806551684e-10
LINC00861,4.68429252791219e-14,-0.25031388977897,0.289,0.327,1.0199578550276e-09
RGS1,4.74614464933114e-14,0.526693905620957,0.104,0.078,1.03342553594536e-09
AQP9,4.8367860007472e-14,1.08720036302503,0.028,0.015,1.05316178380269e-09
KLF3,5.11424736700259e-14,0.178673766350014,0.456,0.417,1.11357622169114e-09
TRAF4,5.85460870762796e-14,0.441566970964091,0.076,0.054,1.27478249999891e-09
SYNM,6.04987904084116e-14,1.42937745475816,0.014,0.005,1.31730066235275e-09
LDOC1,6.43914464082339e-14,-0.661886415252167,0.029,0.046,1.40205935409288e-09
TNFAIP2,6.8903391530364e-14,-0.317360087349334,0.093,0.12,1.50030244718215e-09
PLXNB2,7.40064466984626e-14,-0.496830891349992,0.062,0.085,1.61141637041232e-09
BDH1,8.30992368176154e-14,0.69241186059195,0.045,0.028,1.80940278246676e-09
GSTM1,9.25836997418695e-14,-0.596523162380858,0.042,0.062,2.01591747817947e-09
PDE3B,9.41351075403677e-14,0.251310957413678,0.284,0.245,2.04969783158397e-09
L3MBTL3,9.45938253214332e-14,-0.499721594146186,0.057,0.08,2.05968595254889e-09
LTB,9.64361201006794e-14,-0.29903280006925,0.538,0.551,2.09980007907219e-09
CD28,1.02381636531018e-13,0.382744566459412,0.139,0.11,2.22925775382639e-09
PLEK,1.1521310146878e-13,-0.170363260050497,0.219,0.258,2.50865007138121e-09
FOSB,1.19102690690097e-13,-0.328157988342514,0.389,0.421,2.59334198708617e-09
ABLIM1,1.20749824294557e-13,0.210365586954307,0.345,0.304,2.62920667418969e-09
CARD9,1.21310383099188e-13,-0.68304805860314,0.028,0.044,2.64141228160171e-09
SNRPA1,1.22700280531393e-13,0.234570453001403,0.291,0.253,2.67167590829056e-09
HLA-DQA1,1.24780407664658e-13,-0.167837591284908,0.14,0.174,2.71696859649027e-09
BCLAF1,1.56713978760966e-13,0.167864407021597,0.437,0.394,3.41229017354128e-09
PNPLA8,1.69610721135652e-13,0.329347049247097,0.165,0.134,3.6931038420077e-09
GPBAR1,1.75039123931571e-13,-0.678173419936899,0.029,0.046,3.81130188448603e-09
C9orf139,1.85628839640559e-13,-1.21814244925297,0.007,0.016,4.04188235433352e-09
NCF4,1.93892578743452e-13,-0.387425608587487,0.084,0.11,4.22181700955992e-09
RHOA,2.03083753705654e-13,-0.111603692270185,0.759,0.779,4.42194565318691e-09
ARPC5,2.03802954234916e-13,-0.198477582345614,0.362,0.4,4.43760552551106e-09
HSPA9,2.0461452679707e-13,0.188929528247806,0.35,0.309,4.45527670647939e-09
RGS14,2.06618371190398e-13,-0.299115840447258,0.162,0.195,4.49890841429973e-09
BIRC3,2.10759094395136e-13,0.375829234764623,0.162,0.131,4.58906852135969e-09
HSP90AB1,2.1547123514244e-13,0.121309518051945,0.71,0.67,4.69167067399149e-09
GSTO1,2.30609947735595e-13,-0.365276168926208,0.158,0.191,5.02130100199485e-09
AL138963.4,2.31117287956555e-13,0.389946480713748,0.257,0.223,5.03234782796604e-09
ITGB7,2.72646259112036e-13,-0.245905501532561,0.253,0.291,5.93659964590547e-09
LIPC,2.80998294750302e-13,1.79158726568278,0.01,0.003,6.11845686989307e-09
PGGHG,2.87229293743263e-13,0.336191465389214,0.14,0.11,6.25413064196581e-09
ANXA5,3.14697751554061e-13,-0.198782649376865,0.258,0.298,6.85222884233811e-09
CD68,3.16311323583355e-13,-0.247724423023435,0.125,0.156,6.88736275970397e-09
HRH2,3.22251508195042e-13,-0.507873228737196,0.049,0.07,7.01670433943884e-09
TSPYL2,3.28659619877926e-13,0.219513847709936,0.302,0.263,7.15623456322195e-09
LY86,3.77362920790736e-13,-0.396667762156497,0.092,0.118,8.21670023729749e-09
NHLRC3,3.94915718140286e-13,-0.479912396668321,0.063,0.086,8.59889484678658e-09
TVP23B,4.10892185366668e-13,0.425749472464165,0.095,0.071,8.94676644417384e-09
PPP1R15A,4.18714003039058e-13,-0.16216590077849,0.542,0.581,9.11707870217245e-09
POMZP3,4.37424906345603e-13,0.729143085895174,0.041,0.025,9.52448991076917e-09
LDHA,4.43877575805163e-13,0.218867514451979,0.491,0.459,9.66499033558163e-09
LST1,4.85427638058721e-13,-0.180998553614027,0.171,0.203,1.05697013910906e-08
CAP1,4.92882958553921e-13,-0.178583064515821,0.475,0.509,1.07320335395531e-08
TAF7,5.38242185883684e-13,0.205507012952125,0.296,0.257,1.17196853554313e-08
RNF138,5.38368132955013e-13,0.240978337546888,0.278,0.242,1.17224277269624e-08
P2RY13,5.75249138897162e-13,-1.08190549145444,0.012,0.023,1.25254747503468e-08
PARP10,6.02422874950602e-13,-0.302516300944584,0.151,0.183,1.31171556791744e-08
RGCC,6.03405019004777e-13,0.271734547004834,0.258,0.222,1.313854088381e-08
SPOCK2,6.1101645331797e-13,0.125785758942312,0.511,0.464,1.33042722545455e-08
PLEKHA1,6.2194058670915e-13,0.323769717217359,0.156,0.125,1.3542134335005e-08
SLFN5,7.06776095837771e-13,0.279490027723662,0.196,0.163,1.53893427107716e-08
AL136419.3,7.26975430728926e-13,-0.926934811441765,0.012,0.024,1.58291630286916e-08
SMDT1,7.33763050175571e-13,0.149425226747777,0.548,0.51,1.59769566545229e-08
LAIR1,8.06065530305626e-13,-0.379308920609996,0.09,0.116,1.75512708568747e-08
LYPD3,8.42117873968263e-13,0.859758768324364,0.035,0.021,1.8336274587785e-08
ARFIP1,8.43697600218341e-13,-0.533200781706384,0.043,0.062,1.83706715471542e-08
SNRK,8.97729140250216e-13,0.241477548293139,0.253,0.218,1.95471542998082e-08
NAIP,8.97761935996633e-13,-0.481954797969403,0.068,0.091,1.95478683943907e-08
CYTH1,9.12447758712025e-13,0.164447873408204,0.489,0.451,1.98676374981956e-08
AUTS2,9.13231579240855e-13,0.48830217532445,0.084,0.062,1.98847044063904e-08
PSD4,9.13730381954808e-13,-0.347089265076081,0.102,0.129,1.9895565336684e-08
FP565260.1,9.59698325393215e-13,1.06234717568886,0.021,0.01,2.08964713371119e-08
FBXO34,1.0142319376631e-12,0.420704930652217,0.102,0.078,2.20838862106762e-08
ATP5PF,1.01562723716608e-12,-0.181769799916846,0.343,0.382,2.21142674620542e-08
HLA-DRB1,1.02179764867916e-12,-0.134489186310128,0.403,0.441,2.22486220023401e-08
PTBP2,1.06462524737697e-12,0.606791207206118,0.054,0.036,2.31811501363861e-08
JDP2,1.10501781974988e-12,-0.544592859864625,0.04,0.058,2.40606580072339e-08
GIMAP5,1.16021459847845e-12,0.318255194103992,0.217,0.184,2.52625126672697e-08
AGO2,1.25266624844516e-12,0.420836258457804,0.101,0.076,2.72755548936449e-08
IFIT1,1.34830734176556e-12,-1.2979281578732,0.008,0.017,2.93580440596034e-08
IFITM2,1.45163967892844e-12,-0.172604205835129,0.697,0.723,3.16080023689878e-08
VSTM1,1.49187160692231e-12,1.44332192929718,0.013,0.005,3.24840123691264e-08
SYK,1.57680250352349e-12,-0.389839197092926,0.102,0.128,3.43332977117204e-08
RRM1,1.63628148527495e-12,0.469620258439797,0.08,0.059,3.56283930603768e-08
DMXL2,1.72269751879549e-12,-0.36289615606435,0.075,0.099,3.75100157742529e-08
ENTPD1,1.7773202984827e-12,-0.589208910765499,0.034,0.05,3.86993721791623e-08
TUBA1A,1.79332128138291e-12,-0.192230121218592,0.564,0.591,3.90477775808316e-08
LRP1,2.03023668748653e-12,-0.476729984086554,0.081,0.104,4.42063736333318e-08
DOK2,2.28676886719292e-12,-0.244810538328472,0.234,0.269,4.97921053142586e-08
PDCD5,2.29977571898365e-12,-0.249346470808867,0.2,0.234,5.00753165051501e-08
CPNE7,2.48008391107401e-12,-1.3796917434055,0.004,0.011,5.40013470797256e-08
GSDMD,2.60713046455598e-12,-0.301724295934683,0.157,0.188,5.67676587352419e-08
MCL1,3.4091403534359e-12,-0.188995014484871,0.467,0.502,7.42306220557133e-08
LIMD2,3.4617025492758e-12,-0.103873808606697,0.77,0.793,7.53751113079312e-08
KMT2E-AS1,3.61225148289583e-12,-0.331624170498116,0.115,0.143,7.86531637885739e-08
AC104695.4,3.93446478527516e-12,-0.896468728002475,0.013,0.023,8.56690362345814e-08
ADA2,4.12849018536993e-12,-0.315035794869653,0.166,0.197,8.98937452962449e-08
PFKFB3,4.43758257400256e-12,0.368958329443817,0.152,0.123,9.66239229663318e-08
NSG1,4.57137667595909e-12,0.40782810986462,0.099,0.075,9.95371557423332e-08
SNX10,4.62292627816737e-12,-0.373898598196,0.104,0.13,1.00659596780816e-07
CTSS,4.6479365493368e-12,-0.158888980609186,0.35,0.386,1.01204170425259e-07
XBP1,4.67666982619045e-12,0.212618117376361,0.339,0.303,1.01829808795471e-07
AC004687.1,4.71759515264384e-12,-0.295107051108122,0.183,0.215,1.02720916853667e-07
SNHG17,4.72132636465215e-12,0.324456332146137,0.137,0.109,1.02802160263936e-07
KLRK1,4.97888304097728e-12,-0.23323342300971,0.3,0.334,1.08410199334239e-07
PHLDA1,5.22683844133961e-12,0.849033793334997,0.051,0.034,1.13809180221729e-07
DNTTIP2,5.86279504708698e-12,0.239111899982337,0.255,0.221,1.27656499355272e-07
NAGK,5.9245965215224e-12,-0.385817700880353,0.109,0.135,1.29002164659629e-07
EIF5,6.02772560142552e-12,0.158324352324812,0.475,0.439,1.31247697245439e-07
MYL12B,6.08801845650134e-12,-0.127991355119738,0.623,0.654,1.3256051387186e-07
PLEKHF1,6.84315700424573e-12,0.470997492415298,0.09,0.067,1.49002900610447e-07
CASP1,6.87286506346206e-12,-0.267164254494384,0.171,0.203,1.49649763891823e-07
UBXN11,7.21734349038328e-12,-0.273463684088303,0.172,0.204,1.57150437159606e-07
IFIT5,7.29847543996702e-12,-0.491805161759628,0.048,0.066,1.58917004229842e-07
TFEC,7.3351848359113e-12,-0.693101547126974,0.022,0.036,1.59716314617133e-07
SNRPG,7.34539104531318e-12,0.178420523023397,0.369,0.33,1.59938544620649e-07
NDUFB10,7.45058948478321e-12,-0.207402451157445,0.335,0.369,1.6222913544167e-07
RNASE6,7.58917227218419e-12,-0.501952105752788,0.051,0.07,1.65246637054539e-07
GADD45A,7.72532779624535e-12,0.437544638022954,0.079,0.058,1.68211287435446e-07
ODF3B,7.90879671960267e-12,-0.411370715666906,0.09,0.115,1.72206139772629e-07
CTSH,8.01621974640229e-12,-0.381193681003301,0.134,0.161,1.74545168758163e-07
C4orf48,8.08364950758318e-12,-0.266641520450132,0.223,0.256,1.76013384378116e-07
CSTA,8.10924319134245e-12,-0.361123322620774,0.107,0.134,1.76570661248291e-07
OAS2,8.43706968143236e-12,-0.443278680927482,0.066,0.087,1.83708755243508e-07
TRAF3IP3,8.46934195136956e-12,-0.172461293912228,0.454,0.488,1.84411451649121e-07
RGS16,8.8529875759793e-12,1.51616913539316,0.012,0.004,1.92764951479373e-07
H2AFX,9.01667028354417e-12,0.376243553332975,0.132,0.106,1.96328978753891e-07
PAK1,9.3937916335327e-12,-0.39932254264936,0.079,0.102,2.04540419028541e-07
RAB31,1.01685457628661e-11,-0.311559149826432,0.092,0.117,2.21409915440646e-07
NUCB2,1.01700183684782e-11,-0.247427292716094,0.253,0.288,2.21441979955245e-07
GRASP,1.02760840670037e-11,0.406637902871644,0.11,0.085,2.23751454474938e-07
FCGR1A,1.22853404876224e-11,-0.674022927883636,0.024,0.038,2.67501003777489e-07
OSCAR,1.30811910618375e-11,-0.606315711883545,0.038,0.055,2.8482985418045e-07
FABP5,1.33574418750174e-11,-0.450938661463264,0.056,0.075,2.90844939386628e-07
C2orf74,1.38301497241509e-11,-0.547995991330526,0.033,0.049,3.01137680093662e-07
TNFSF10,1.54870028198295e-11,-0.530507846458861,0.071,0.092,3.37213999398968e-07
TRAV38-2DV8,1.58423250155159e-11,0.755677305581167,0.025,0.014,3.44950784887843e-07
C11orf21,1.62037277134899e-11,-0.299129747471574,0.126,0.154,3.5281996723353e-07
AFAP1,1.78146159076931e-11,0.9557724161732,0.02,0.01,3.87895446774109e-07
KLRF1,1.80641806140746e-11,0.372166405573072,0.087,0.065,3.93329468690861e-07
KIAA0930,1.811327806716e-11,-0.504650354541402,0.047,0.066,3.94398516634342e-07
HK1,1.81400917665608e-11,-0.281485869383574,0.146,0.175,3.94982358125096e-07
SPSB2,1.85335719323165e-11,-0.884829223251791,0.012,0.023,4.03549995254259e-07
DDX17,1.95343125590557e-11,-0.18354851882091,0.406,0.44,4.25340121660878e-07
GSPT1,1.96398867364658e-11,0.311714927469814,0.162,0.134,4.27638893799807e-07
MPHOSPH10,1.97092548717399e-11,0.348543100254096,0.124,0.099,4.29149315577264e-07
APOBEC3G,2.06188961414437e-11,-0.289776091198095,0.155,0.185,4.48955844583795e-07
NCF1,2.100650051442e-11,-0.311672149115313,0.244,0.276,4.57395542200981e-07
HCK,2.14913542710228e-11,-0.316518222864809,0.088,0.112,4.67952747897251e-07
CDK17,2.17260647235406e-11,0.288579672732727,0.217,0.186,4.73063333290372e-07
ZNF683,2.1857773408889e-11,0.409035608870732,0.061,0.043,4.7593115820515e-07
MYADM,2.28318174334888e-11,-0.258916497178858,0.196,0.228,4.97139992796784e-07
GTSF1,2.4935706265792e-11,-0.955706265888916,0.012,0.022,5.42950068231354e-07
MAPK1IP1L,2.53663062000687e-11,0.172754563944823,0.368,0.331,5.52325951200296e-07
CD69,2.54843203684929e-11,-0.177332175989787,0.571,0.59,5.54895591703564e-07
USP18,2.66396046119461e-11,-0.831408367032959,0.016,0.028,5.80050750820515e-07
DUS3L,2.81629471552769e-11,0.309094063846949,0.161,0.133,6.13220011358998e-07
KIR2DL3,2.97073604344837e-11,0.757658942976728,0.042,0.027,6.46848066100448e-07
NR4A1,2.99199322706974e-11,-0.755779280523275,0.127,0.15,6.51476605262165e-07
MRPL34,2.99617220866927e-11,-0.252525690513531,0.165,0.195,6.52386536715646e-07
PARP9,3.20567671195405e-11,-0.411670236444533,0.076,0.098,6.98004047260875e-07
AZIN1,3.2334306314817e-11,0.276852049303562,0.176,0.147,7.04047185698825e-07
AC037198.1,3.31196170850239e-11,1.40724656362686,0.013,0.005,7.21146542409311e-07
ROBO3,3.32270682940624e-11,0.845707201722637,0.025,0.013,7.23486185034914e-07
PTGDS,3.36219981579007e-11,0.214660581744729,0.055,0.038,7.3208538789013e-07
BRI3,3.71159112566432e-11,-0.338255454906337,0.132,0.159,8.08161851702148e-07
TRIM69,3.72708580473712e-11,-0.476102876473515,0.046,0.063,8.11535663123461e-07
ROGDI,3.83461484014155e-11,-0.495854776839872,0.044,0.061,8.34949035292422e-07
SAMSN1,4.00398604981332e-11,0.439126836393379,0.239,0.212,8.71827922486353e-07
TRIB1,4.39090827345511e-11,-0.604669907760899,0.038,0.055,9.56076367462115e-07
CPNE5,4.42346809756205e-11,-0.694038102056255,0.023,0.036,9.6316594356316e-07
EML4,4.64939209576663e-11,0.176942445419554,0.404,0.368,1.01235863493223e-06
S100A12,4.89718331865548e-11,-0.138490557978527,0.096,0.121,1.06631269580404e-06
NPEPL1,4.9263279390444e-11,-0.431428973209371,0.058,0.077,1.07265864544753e-06
ATP5MF,5.13589795150203e-11,-0.16749097172419,0.404,0.437,1.11829041996005e-06
NIFK,5.50309353793959e-11,0.316746146673164,0.151,0.124,1.19824358695097e-06
FBXO6,5.61212916665006e-11,-0.490890372731583,0.046,0.063,1.22198500474638e-06
HLA-DMB,6.11210695870103e-11,-0.30253387860224,0.122,0.149,1.33085016918756e-06
WTAP,6.26572825174725e-11,0.222058050052509,0.259,0.226,1.36429966953545e-06
S1PR3,6.35808022383385e-11,-1.02674495777968,0.011,0.02,1.38440838793758e-06
ELOB,6.40780905176305e-11,-0.127546145775502,0.615,0.641,1.39523634293089e-06
TK2,6.45238217683538e-11,-0.599863413278443,0.031,0.046,1.40494169518414e-06
PRDX5,6.48352985674717e-11,-0.192139751567912,0.331,0.364,1.41172379100813e-06
JAK1,6.57615628890391e-11,0.119955676698596,0.589,0.554,1.43189227034594e-06
RSL1D1,6.57723631210194e-11,0.157723885743945,0.445,0.409,1.43212743459708e-06
APBA2,6.68081220718173e-11,0.339475547387082,0.127,0.102,1.45468004999175e-06
STK38,6.985909264928e-11,-0.235044074479567,0.243,0.276,1.52111188334542e-06
NRGN,7.23722372447323e-11,-0.176879342242841,0.056,0.075,1.5758330937668e-06
CCL3,7.32817830560183e-11,-0.385866418864758,0.069,0.089,1.59563754426174e-06
GRK2,7.51267020971134e-11,-0.289899771091944,0.215,0.245,1.63580881146255e-06
SETD2,7.71575697393474e-11,0.238834034807645,0.23,0.199,1.68002892350455e-06
CAPZB,7.94311173911467e-11,-0.137502203720394,0.568,0.595,1.72953315007483e-06
U62317.4,8.31306991805657e-11,-1.03507016866173,0.008,0.016,1.81008784395764e-06
ADSS,8.38847362866418e-11,0.277537746560778,0.181,0.152,1.82650624790534e-06
NCL,9.13451588917489e-11,0.136054348771862,0.615,0.588,1.98894948970894e-06
KIR3DL1,9.38257619654308e-11,0.623374991777483,0.045,0.03,2.04296214103529e-06
BET1L,9.82388542195091e-11,0.286403838940626,0.168,0.14,2.13905281177559e-06
POLR2E,1.00183803002231e-10,-0.192588807772361,0.26,0.294,2.18140212657058e-06
KDM6B,1.02577093820012e-10,0.349735173652606,0.168,0.141,2.23351364083694e-06
SERPINB2,1.04003425401819e-10,1.10113163611431,0.019,0.01,2.26457058469921e-06
CREB5,1.04922140711811e-10,-0.664926869572218,0.022,0.035,2.28457469185897e-06
CALHM2,1.07454020541433e-10,-0.482413868604739,0.046,0.063,2.33970384326916e-06
RGS2,1.10896039929455e-10,-0.665705043242418,0.234,0.257,2.41465037342396e-06
ARRDC1,1.13679433578523e-10,-0.262784700204686,0.166,0.195,2.47525598673877e-06
SP3,1.13831039313637e-10,0.234217057157299,0.221,0.19,2.47855705001513e-06
NAA38,1.1433203349721e-10,-0.233580141908379,0.239,0.27,2.48946569736824e-06
FEM1A,1.15591979348493e-10,0.454316160623689,0.066,0.047,2.51689975833409e-06
APOBR,1.21224549283107e-10,-0.485080539327309,0.052,0.07,2.63954333609037e-06
AC006369.1,1.22974724725593e-10,-0.481498003157971,0.048,0.065,2.67765165617506e-06
GBP4,1.25280787269213e-10,-0.375989078053182,0.093,0.116,2.72786386199985e-06
LINC02482,1.33057192304808e-10,-0.791829352178552,0.014,0.024,2.8971873052449e-06
GNG5,1.38061189097043e-10,-0.140848230706043,0.373,0.412,3.00614433139901e-06
OPTN,1.44093177162864e-10,-0.259894818388655,0.217,0.247,3.13748483954421e-06
DHRS4,1.48019650660806e-10,-0.316126026093271,0.108,0.132,3.22297987348839e-06
MAD1L1,1.5476039118057e-10,-0.235849917024066,0.182,0.213,3.36975275756574e-06
CPSF6,1.55207178991536e-10,-0.269698881648871,0.144,0.171,3.37948111536171e-06
ZNF600,1.56356722754449e-10,-0.487596430444306,0.054,0.072,3.40451128125537e-06
POU2F2,1.62589045080493e-10,-0.233170537554122,0.196,0.227,3.54021386758266e-06
RBP7,1.63717058265167e-10,-0.434566837139494,0.055,0.073,3.56477522666575e-06
MARCKSL1,1.67048127285389e-10,0.299489775647309,0.175,0.147,3.63730592351206e-06
RSRC2,1.79273823869283e-10,0.178390516042862,0.318,0.283,3.90350824092977e-06
CFP,1.82655128583334e-10,-0.330604706936213,0.128,0.153,3.97713276977351e-06
PTS,1.86855086883999e-10,0.365402080876424,0.109,0.087,4.0685826618122e-06
NBPF1,1.89597553170811e-10,0.639969456000443,0.042,0.027,4.12829712274124e-06
LRRFIP1,1.90304894412397e-10,-0.132865911032499,0.492,0.525,4.14369877093554e-06
RNMT,1.92827438128888e-10,0.21250364871503,0.255,0.223,4.1986246378184e-06
TUBB4B,1.98776439054025e-10,0.248253688032372,0.269,0.238,4.32815818396234e-06
SNAPC1,2.00635518545575e-10,0.678465469260979,0.034,0.021,4.36863778081134e-06
CD3D,2.06466113215044e-10,-0.184475422530218,0.529,0.547,4.49559314914437e-06
PHLDA2,2.10918644897934e-10,1.01548327760962,0.02,0.011,4.59254257400761e-06
PDCD4,2.21363105664265e-10,0.183849274329972,0.359,0.325,4.81996026273371e-06
TIGIT,2.26225769982863e-10,-0.426222172131303,0.051,0.069,4.92583991560685e-06
SOD2,2.28945523416306e-10,0.51042133878284,0.298,0.271,4.98505982686665e-06
SERPINA1,2.29390731791196e-10,-0.106358850666021,0.12,0.148,4.9947537940215e-06
RYBP,2.42063101865642e-10,0.436516464378448,0.07,0.052,5.2706819800225e-06
RORA,2.524576506605e-10,0.198936123130283,0.289,0.257,5.49701288548173e-06
RAB8B,2.7475321860259e-10,0.287016728900321,0.167,0.139,5.98247658185279e-06
KRT72,2.91405715893216e-10,-1.32388995173715,0.005,0.011,6.34506805785889e-06
RGS18,2.97715526818105e-10,-0.726365685562373,0.033,0.047,6.48245788093741e-06
BST2,3.07482007393248e-10,-0.208030765810645,0.287,0.32,6.69511322898059e-06
ZBTB16,3.08592680389394e-10,0.34057651771286,0.098,0.077,6.71929702279867e-06
MLKL,3.09535784933759e-10,-0.480009153654433,0.044,0.06,6.73983218114766e-06
TTC3,3.11080397404624e-10,0.180450454604669,0.35,0.316,6.77346457308828e-06
REC8,3.14795610370114e-10,-0.447582735318674,0.057,0.075,6.85435962019887e-06
CYBB,3.2380141501851e-10,-0.269539087202964,0.124,0.15,7.05045201061304e-06
ARL14EP,3.26148298131238e-10,0.336405874209294,0.112,0.089,7.10155304350957e-06
SP110,3.30630709080691e-10,-0.206570626834321,0.26,0.292,7.19915305952296e-06
FBLN5,3.47108039363859e-10,0.698166969136046,0.032,0.02,7.55793044910867e-06
ATL1,3.52361016457107e-10,1.16796314459252,0.013,0.006,7.67230877233706e-06
HSP90AA1,3.61790970195412e-10,-0.107485385301375,0.657,0.685,7.8776365850349e-06
YWHAH,3.67146980024817e-10,-0.363687514178848,0.085,0.107,7.99425834306037e-06
BIN2,3.74153445681931e-10,-0.171384864237765,0.515,0.54,8.14681712627836e-06
AC015912.3,4.06863234940349e-10,-0.610348703082275,0.034,0.048,8.85904007759115e-06
NRG1,4.07741911603739e-10,-0.718168890849197,0.02,0.032,8.87817238325981e-06
RSU1,4.09593735567476e-10,-0.278046460738361,0.172,0.2,8.91849399824621e-06
FGL2,4.29760527860194e-10,-0.330120389199625,0.114,0.138,9.35760573362786e-06
ATF3,4.47031208470816e-10,-0.404446305785548,0.067,0.087,9.73365753324355e-06
GNAI2,4.73296264151351e-10,-0.202022726723263,0.32,0.351,1.03055528556315e-05
EIF3L,4.93140591098375e-10,0.10283695967872,0.651,0.617,1.0737643230576e-05
CISH,5.09654341024959e-10,0.960805236951236,0.024,0.013,1.10972136214775e-05
ARRB2,5.26817773465396e-10,-0.16041775153289,0.424,0.455,1.14709301994355e-05
SLC39A8,5.31321974976597e-10,0.43079043032821,0.075,0.056,1.15690046831404e-05
CD27,5.33333872383329e-10,-0.212406951178585,0.248,0.279,1.16128117372746e-05
UQCR11,5.55035424748263e-10,-0.118524178071271,0.651,0.671,1.20853413384687e-05
MRPL52,5.6203315565846e-10,-0.224987803299453,0.206,0.236,1.22377099313073e-05
PPBP,5.72935760809512e-10,-0.459148035281442,0.029,0.043,1.24751032558663e-05
SHISA5,5.8366352584403e-10,-0.195402715360287,0.35,0.379,1.27086896117279e-05
RNF31,5.86386385926027e-10,-0.409845321967221,0.052,0.07,1.27679771671533e-05
IFITM1,5.8735572786189e-10,-0.171246637415262,0.804,0.797,1.27890836184648e-05
CCT3,6.2303815487957e-10,-0.197845523934661,0.239,0.271,1.35660327843478e-05
NMT2,6.34650999552043e-10,-0.405851523776673,0.063,0.083,1.38188908642462e-05
NRROS,6.67998292184868e-10,-0.331869739673793,0.094,0.116,1.45449948140333e-05
IRF3,6.68437877089617e-10,-0.247096155401694,0.162,0.19,1.45545663357493e-05
PNMA5,6.84886110975424e-10,-1.2943708648171,0.004,0.011,1.49127101803789e-05
ADK,7.05479616799061e-10,0.23514223463459,0.181,0.153,1.53611131761827e-05
GNB4,7.06356347763283e-10,-0.538830069369901,0.033,0.047,1.53802031161977e-05
UQCR10,7.24962247920239e-10,-0.154489720169131,0.431,0.464,1.57853279862153e-05
MLLT3,7.42136113942734e-10,0.300700378511844,0.148,0.123,1.61592717449891e-05
ASF1A,7.82441026131201e-10,0.395373640695596,0.088,0.068,1.70368709029808e-05
RNF181,8.10045588248675e-10,-0.218505738950897,0.22,0.25,1.76379326385266e-05
TRAPPC5,8.15854599203681e-10,-0.208412734317215,0.329,0.359,1.77644180430609e-05
CTSC,8.26126261429007e-10,-0.190608701172964,0.252,0.284,1.79880732163552e-05
CXCL2,8.34236052145371e-10,1.73500373731642,0.022,0.012,1.81646557994133e-05
PLEKHO1,8.35119045301278e-10,-0.344664244588513,0.105,0.128,1.818388209239e-05
MTR,8.63709879230175e-10,0.315580402750359,0.119,0.096,1.88064189103578e-05
ZNF268,8.67067914991852e-10,0.62846467602774,0.038,0.025,1.88795367810326e-05
SEMA4D,8.7959430533905e-10,0.185123695750706,0.303,0.27,1.91522864044525e-05
PELI1,8.7980857924504e-10,0.247943652175642,0.264,0.233,1.91569520044815e-05
ERMN,9.24358631420865e-10,0.784673880443002,0.026,0.015,2.01269848405579e-05
RAB5A,9.54972482607256e-10,0.233573403378851,0.174,0.147,2.07935708362904e-05
HNRNPF,9.66142423516101e-10,0.161521104051235,0.35,0.316,2.10367851296396e-05
PDE4A,9.810843908451e-10,0.575890254708177,0.052,0.037,2.13621315262612e-05
PLEKHA2,1.00084146861335e-09,0.290907778524768,0.155,0.129,2.1792322137587e-05
DDX60L,1.00378734513199e-09,-0.351085239397292,0.082,0.103,2.18564656529039e-05
STAT2,1.00417180835183e-09,-0.339224065245258,0.105,0.128,2.18648369550528e-05
GMEB2,1.05079169979338e-09,0.416150659666156,0.078,0.059,2.28799384713011e-05
OAS3,1.09823824312175e-09,-0.507489890076541,0.044,0.06,2.3913039505733e-05
BEX4,1.18355571673458e-09,0.266931475715705,0.179,0.153,2.57707421761786e-05
SPAG7,1.20939046150213e-09,-0.247916804369172,0.155,0.182,2.63332679087473e-05
CD302,1.2179872126197e-09,-0.363727534183611,0.084,0.105,2.65204535675814e-05
TP53BP2,1.23650449881446e-09,0.412138523175002,0.083,0.064,2.6923648957186e-05
ALG13,1.24381064535778e-09,0.255908459841375,0.179,0.152,2.70827329920203e-05
MAPKAPK5-AS1,1.2462787251239e-09,-0.255188973998523,0.161,0.188,2.71364729608478e-05
JUND,1.24932919010857e-09,-0.228242414004294,0.37,0.4,2.7202893785424e-05
ETF1,1.2681262342985e-09,0.254259336600513,0.183,0.156,2.76121806256154e-05
EXOSC5,1.29553298000246e-09,-0.397346017212626,0.057,0.074,2.82089351065737e-05
LUC7L3,1.29554422451769e-09,-0.203389806470417,0.251,0.282,2.82091799446482e-05
EIF3E,1.35211100353514e-09,0.109759745070616,0.668,0.644,2.94408649909742e-05
IGLC1,1.35770791732626e-09,3.14313546085981,0.012,0.005,2.9562732191862e-05
TSPAN32,1.40800537626019e-09,-0.206953255142782,0.195,0.224,3.06579090626894e-05
NDUFB3,1.50468322874923e-09,-0.238015270005083,0.158,0.185,3.27629726227858e-05
CD44,1.50971979533777e-09,0.130632921277595,0.673,0.645,3.28726388236846e-05
DTX3L,1.56483849280399e-09,-0.398823204773497,0.07,0.089,3.40727933423141e-05
CARD16,1.58761387044512e-09,-0.201317347160055,0.25,0.281,3.4568704415072e-05
AGPAT5,1.59381941305893e-09,0.394666523886494,0.091,0.071,3.47038238999451e-05
TMEM205,1.63646992388411e-09,-0.320676821141965,0.097,0.119,3.56324961226525e-05
CTSA,1.66242239851758e-09,-0.258117972674244,0.174,0.201,3.61975853053217e-05
ALDOA,1.70005575490404e-09,-0.103325291996676,0.616,0.643,3.70170140072806e-05
HDAC9,1.72628899509473e-09,-0.486436724209253,0.04,0.055,3.75882165791927e-05
TNFRSF1B,1.74257680335705e-09,0.213716562662127,0.337,0.305,3.79428673162964e-05
PLXDC1,1.75599532115912e-09,0.626964282385764,0.04,0.026,3.82350421229187e-05
NBPF20,1.77262860282388e-09,0.638319804249069,0.044,0.03,3.85972151978871e-05
KLRC3,1.77573260921696e-09,0.503945085122644,0.043,0.029,3.866480183309e-05
GSTP1,1.81905697740119e-09,-0.218208455037874,0.462,0.484,3.96081466259335e-05
CCS,1.84799590014385e-09,-0.238704964864655,0.167,0.194,4.02382627297322e-05
NDUFB7,1.89033954995726e-09,-0.176556465267087,0.324,0.355,4.11602533607693e-05
ALDH2,1.89826475215295e-09,-0.349666586670573,0.077,0.098,4.13328167133783e-05
RHOH,1.91346015078583e-09,0.158887631452406,0.397,0.363,4.16636813232107e-05
CD320,1.97010028134711e-09,0.37199574776265,0.127,0.104,4.28969635260521e-05
SIRPG,2.00754968767744e-09,-0.34961770560394,0.092,0.114,4.37123868994886e-05
GLIPR2,2.03035572131157e-09,-0.219639989740469,0.202,0.231,4.42089654758382e-05
NEXN,2.12025620392886e-09,-0.907497172846297,0.009,0.017,4.6166458584347e-05
NUTM2B-AS1,2.136337781755e-09,0.235457197910983,0.19,0.163,4.65166188599335e-05
PHYKPL,2.20814284357339e-09,-0.2218325242827,0.193,0.222,4.8080102275967e-05
LINC02696,2.21827164293555e-09,-1.05929503191574,0.006,0.013,4.83006467532787e-05
PSTPIP2,2.23326359452059e-09,-0.36336139252656,0.063,0.082,4.86270815070914e-05
HNMT,2.26936070559673e-09,-0.534297426919736,0.035,0.049,4.94130600036632e-05
CENPN,2.30612164942692e-09,0.654315891750857,0.032,0.02,5.02134927946218e-05
HBEGF,2.32317638263326e-09,-0.380946314009829,0.069,0.088,5.05848425554566e-05
AL627171.2,2.34162604178218e-09,-0.239544858592698,0.177,0.205,5.09865654337651e-05
NSF,2.4204844932498e-09,0.316269049381827,0.111,0.089,5.27036293560212e-05
AL662844.4,2.45182656942835e-09,-0.393628977593247,0.069,0.088,5.33860717227328e-05
UTS2,2.51726988917957e-09,0.332333293324886,0.095,0.075,5.4811034566996e-05
UBE2B,2.58528317995066e-09,0.145259905443339,0.4,0.366,5.62919559602457e-05
ZNF780A,2.58951509926417e-09,0.570326813836257,0.043,0.029,5.6384101771378e-05
AC116407.2,2.67515019411787e-09,-0.628634609455783,0.021,0.032,5.82487203267224e-05
MACO1,2.81565999534695e-09,0.369486373881372,0.089,0.069,6.13081807386845e-05
COX5B,2.83922573861105e-09,-0.13018578563072,0.575,0.597,6.1821301232517e-05
COL18A1,2.85173828728277e-09,-0.538239844077099,0.036,0.05,6.20937494672951e-05
PPARGC1B,2.886794811363e-09,-0.713335737113255,0.015,0.025,6.28570702226181e-05
ZDHHC1,2.90781557149414e-09,-0.667467784881494,0.022,0.034,6.33147762537135e-05
KIAA1324L,2.93686961364828e-09,1.29986503198106,0.011,0.005,6.39473989675777e-05
BCL6,2.96114922586004e-09,-0.461279523033262,0.057,0.074,6.44760632438765e-05
IRF8,2.98870975101722e-09,-0.274222161692047,0.096,0.118,6.5076166118649e-05
HIGD2A,3.06683753606598e-09,-0.120370786396024,0.564,0.591,6.67773205103007e-05
RNF135,3.19824703163874e-09,-0.453328506932593,0.047,0.063,6.9638630866902e-05
FYB1,3.2531679005019e-09,-0.114109507232482,0.654,0.674,7.08344778655284e-05
STAT4,3.25616601083645e-09,0.195471813122375,0.225,0.196,7.08997587199529e-05
SPATS2L,3.26393204178362e-09,-0.643213488417489,0.02,0.031,7.10688562777965e-05
BAIAP2-DT,3.28996888679563e-09,-1.02749694895693,0.006,0.013,7.16357825410881e-05
NMI,3.30117605117302e-09,-0.314563476960412,0.09,0.111,7.18798073382413e-05
NDUFA3,3.4190504482772e-09,-0.151368882864289,0.469,0.497,7.44464044607878e-05
CXCR3,3.4252552608869e-09,0.59590315668848,0.049,0.035,7.45815080505514e-05
LINC02273,3.45989537012972e-09,-0.368823120364593,0.06,0.077,7.53357617892045e-05
LY96,3.59810068741625e-09,-0.423324202036529,0.06,0.078,7.83450443678015e-05
ST3GAL6,3.60551314245293e-09,-0.954380792315679,0.007,0.014,7.85064431637701e-05
DHCR7,3.66156697481846e-09,0.576423709468114,0.042,0.029,7.97269593096972e-05
SDR39U1,3.66282149607148e-09,-0.215217214467471,0.204,0.233,7.97542752554603e-05
SNX6,3.79248974723594e-09,-0.191342790143585,0.247,0.277,8.25776717563154e-05
AC025159.1,3.8159457986993e-09,-0.313791504237682,0.086,0.107,8.30884038208786e-05
REL,3.84075191880596e-09,0.20576970235841,0.339,0.31,8.3628532280081e-05
KLRC4,3.98386800809408e-09,-0.290011692074513,0.106,0.129,8.67447420082405e-05
LILRB3,3.98598926955871e-09,-0.367879871266951,0.062,0.08,8.67909303553714e-05
CERNA1,4.03803487254996e-09,0.624130519831222,0.037,0.025,8.79241713149027e-05
RABGEF1,4.08398429639645e-09,0.430536612495277,0.072,0.055,8.89246740697363e-05
ATP8A1,4.09566101529093e-09,0.220908230630442,0.19,0.163,8.91789229469447e-05
CLEC2B,4.12046726658806e-09,-0.170769170749483,0.379,0.41,8.97190542626884e-05
SLC25A33,4.38316763270539e-09,0.44445244589701,0.069,0.052,9.54390920345271e-05
LINC02580,4.38850057514035e-09,-0.914218962208123,0.009,0.017,9.55552115231059e-05
SESN3,4.69452623705967e-09,0.352943939679862,0.128,0.106,0.000102218614285737
IL2RG,4.78187830740535e-09,-0.15086202990367,0.599,0.612,0.000104120618265444
MEAF6,4.79860094311027e-09,-0.178497844844635,0.246,0.277,0.000104484736935283
AIF1,4.82762757417046e-09,-0.272932172704539,0.252,0.279,0.000105116762799988
PMAIP1,4.90896658590357e-09,-0.290682906347232,0.136,0.161,0.000106887838441464
PIM1,5.04240673831278e-09,0.23128808626057,0.236,0.208,0.000109793364320022
LAT,5.19963981604787e-09,-0.197184997482028,0.393,0.417,0.000113216957354626
UTP25,5.61872415852533e-09,0.586099882530254,0.039,0.026,0.00012234209982773
RFXANK,5.68890462253366e-09,-0.309892800657905,0.097,0.118,0.000123870209251048
CD3G,5.74093309852489e-09,-0.200614793871448,0.432,0.455,0.000125003077287281
DENND6A,5.76022415662682e-09,0.266063292335226,0.144,0.12,0.000125423120786392
ARHGAP30,5.79174480182525e-09,-0.164586678055842,0.303,0.334,0.000126109451314943
GLIPR1,6.72435615827234e-09,-0.186343901345969,0.25,0.28,0.000146416130990222
ZBTB7B,6.77697246374375e-09,-0.43029617874209,0.054,0.071,0.000147561798425556
CHROMR,6.79833548119195e-09,-0.801290638368475,0.012,0.02,0.000148026956767474
TNFRSF13B,6.804529316591e-09,-0.725561333028432,0.016,0.026,0.000148161821339452
PRKCD,6.80596616621551e-09,-0.340707569797425,0.095,0.116,0.000148193107303177
SDCCAG8,6.80806349628478e-09,-0.291542278625472,0.096,0.117,0.000148238774568105
HIST1H1D,6.92620749843538e-09,-0.180794665071815,0.264,0.294,0.000150811242070932
ZNF75A,6.96611492853873e-09,0.323393838873719,0.104,0.084,0.000151680186454002
TGFBI,7.03686232733633e-09,-0.382283441457301,0.074,0.093,0.000153220640315421
ANXA6,7.27408822502848e-09,-0.184233005313195,0.417,0.441,0.00015838599701177
GYG1,7.31075560306789e-09,-0.266390844755336,0.11,0.133,0.0001591843925012
AL133477.2,7.3769466587371e-09,-0.791744149459443,0.013,0.022,0.000160625636547342
ZNF718,7.8053246792037e-09,0.551781913260647,0.041,0.028,0.000169953139564981
TSPO,7.88765811488892e-09,-0.363760647768712,0.417,0.434,0.000171745867793591
BRD2,8.07386392303896e-09,0.164662804940898,0.387,0.356,0.00017580031306025
OTUD1,8.08067391019025e-09,-0.516535029679547,0.048,0.063,0.000175948593720482
GABPB1,8.139703780479e-09,0.450483331471402,0.061,0.046,0.00017723391011615
CHMP4A,8.16945895430792e-09,-0.216057294663559,0.18,0.207,0.000177881799271101
ATP6V1F,8.18762383823968e-09,-0.164482564293256,0.319,0.35,0.000178277321453831
TP53INP2,8.81398489818461e-09,0.525025486353666,0.045,0.031,0.000191915707173072
STAG3,9.31967688121858e-09,0.53945292819861,0.046,0.033,0.000202926644411653
LINC00539,9.38194903111516e-09,-0.942752859076598,0.008,0.015,0.000204282558203501
CLYBL,9.4786514788433e-09,-0.678846847011984,0.017,0.027,0.000206388157300334
CHN2,9.50748785720316e-09,-0.572127355642865,0.027,0.039,0.000207016040602742
FOXP1,9.70566086186007e-09,0.141592046759443,0.5,0.469,0.000211331059606141
NFKB2,9.74147976988174e-09,0.321738046723139,0.157,0.134,0.000212110980509405
TM4SF19,9.82309969219831e-09,1.21417157401498,0.012,0.005,0.000213888172697926
ARL6IP4,9.88823354186338e-09,-0.12243851103159,0.53,0.558,0.000215306397140533
TMEM191B,1.02518105417681e-08,0.977204639733045,0.016,0.008,0.000223222922736458
GMFG,1.03230036119974e-08,-0.111357949716042,0.654,0.673,0.000224773080647631
COX5A,1.05121801914619e-08,-0.148767445850508,0.367,0.398,0.000228892211488892
RNF167,1.06269032134589e-08,-0.179289994602826,0.249,0.278,0.000231390190569855
ARHGAP45,1.0679127904865e-08,-0.146041438996782,0.432,0.461,0.000232527331000531
PHF3,1.08181894152501e-08,0.175083236421143,0.309,0.278,0.000235555256327657
MICB,1.08220873950392e-08,-0.390795744707564,0.056,0.073,0.000235640130939584
LINC01410,1.08230904905139e-08,-0.810331689284028,0.012,0.02,0.000235661972340449
GBP1,1.10845848131305e-08,-0.336946104562597,0.079,0.098,0.000241355749721103
CD248,1.11246153892297e-08,0.594030109570234,0.038,0.026,0.000242227375485088
MGMT,1.11496485972428e-08,-0.237749592054245,0.148,0.173,0.000242772448556365
NDUFB2,1.1193321374243e-08,-0.136154043126916,0.438,0.467,0.000243723379602767
PCK2,1.15704512859789e-08,-0.493814953179464,0.032,0.045,0.000251935006300905
NDUFS7,1.15829741454546e-08,-0.187517510005865,0.269,0.298,0.000252207679043128
ITGB1BP1,1.19014703793077e-08,-0.214033472508517,0.157,0.183,0.000259142616039046
HIST1H1C,1.20658450339831e-08,0.213500924142986,0.212,0.184,0.000262721709769947
ELF1,1.21851418622703e-08,0.108872047618857,0.473,0.441,0.000265319278909074
SAMD9L,1.21994547330229e-08,-0.370923485580659,0.082,0.101,0.000265630927356841
MARCO,1.22887046642811e-08,-0.970252997122451,0.008,0.015,0.000267574255360057
CPVL,1.24495779583098e-08,-0.313877387140548,0.08,0.1,0.000271077110464238
TEP1,1.26368977404646e-08,-0.483254428896886,0.036,0.05,0.000275155811400877
APAF1,1.27240953577087e-08,-0.419347110985056,0.051,0.067,0.000277054452318748
ABCA1,1.27500540762488e-08,0.476147820023653,0.059,0.043,0.00027761967745624
MRPS21,1.33257328318956e-08,-0.139900176130844,0.361,0.393,0.000290154506681695
C16orf87,1.33587844624452e-08,-0.269527158186265,0.099,0.12,0.000290874172885281
FNBP4,1.36153088139795e-08,0.151457968598206,0.365,0.334,0.00029645973411559
ALOX5,1.37918114974496e-08,-0.271690915257591,0.096,0.117,0.000300302903545469
HIST1H2AH,1.38094374615743e-08,0.929529365219921,0.018,0.01,0.000300686691288319
SLA,1.42527070198187e-08,0.28867495628305,0.184,0.159,0.000310338442649532
DLGAP1-AS1,1.42574592494058e-08,-0.49350566064084,0.034,0.047,0.000310441917696562
RBM8A,1.44660081934868e-08,0.128521426719012,0.428,0.395,0.000314982862404981
IGKV2-30,1.49664252747244e-08,2.29322882538135,0.01,0.004,0.000325878943931849
CAPN1,1.5011288077173e-08,-0.245326804804998,0.154,0.179,0.000326855786592365
BUD13,1.6077553659241e-08,0.496531873521578,0.048,0.034,0.000350072653376314
EHMT2,1.6254760476645e-08,-0.326591823236579,0.076,0.095,0.000353931154618469
ANKRD37,1.64791134087265e-08,0.438254205425052,0.062,0.047,0.000358816215361612
RSAD2,1.66906238410013e-08,-0.790306486120852,0.014,0.023,0.000363421643513963
ACP5,1.67870475360143e-08,-0.353936820995298,0.076,0.095,0.000365521173049175
ACYP1,1.6888021073921e-08,-0.348935081183479,0.06,0.077,0.000367719770863556
SLC11A1,1.69088090079249e-08,-0.113657433727298,0.116,0.139,0.000368172407338558
LINC00653,1.7128520667223e-08,-0.529080282998661,0.025,0.037,0.000372956409008115
MRPL40,1.8190672695797e-08,-0.30840356179558,0.101,0.122,0.000396083707278284
LINC01128,1.82597776710796e-08,0.545789564774295,0.046,0.033,0.000397588399010088
PTGER4,1.8439634784336e-08,0.205486587238727,0.295,0.268,0.000401504607794132
SPTY2D1,1.8899285258106e-08,0.284943326041388,0.127,0.105,0.000411513037209999
SF3B1,1.9082878326717e-08,0.1240922279754,0.463,0.431,0.000415510592685936
AGO4,1.91416408199781e-08,-0.397668806696871,0.05,0.065,0.000416790087214203
BRD7,1.94051685495114e-08,-0.268593812760538,0.121,0.143,0.000422528139997062
TSG101,1.96674719466121e-08,0.336634836823403,0.091,0.072,0.000428239534165532
TNFRSF12A,1.97222189544014e-08,1.35295464999148,0.01,0.004,0.000429431595513135
IKZF1,2.00960419886099e-08,0.154052017076921,0.443,0.415,0.000437571218259993
CYSTM1,2.08634310429131e-08,-0.487914351739779,0.033,0.046,0.00045428034752839
RAB32,2.10858694540907e-08,-0.471765159559524,0.038,0.052,0.00045912372149337
PARVB,2.11324904543867e-08,-0.372082209844378,0.062,0.079,0.000460138847153815
TRABD2A,2.17987766160998e-08,0.240956427573831,0.165,0.141,0.000474646562038957
DAXX,2.23320653419842e-08,-0.274024753660237,0.11,0.131,0.000486258390756364
DNAJB6,2.3219812550689e-08,0.161523220078493,0.377,0.348,0.000505588198478702
TRAPPC1,2.32644470068782e-08,-0.152366256745297,0.376,0.405,0.000506560069127765
LAT2,2.36946818733297e-08,-0.316727984037146,0.097,0.117,0.00051592800310988
BNIP2,2.37133836588385e-08,0.157065262200212,0.321,0.291,0.000516335215787549
FCGR1B,2.37351922585577e-08,-0.903108469923503,0.008,0.015,0.000516810076237836
RAB4B,2.37590342699951e-08,-0.292425182195809,0.086,0.105,0.000517329212194873
UAP1L1,2.44261328111312e-08,-0.614938733740542,0.02,0.03,0.000531854615829571
RSRP1,2.48980820896827e-08,-0.14880751437279,0.453,0.48,0.000542130839420752
TRIM39,2.57662173928372e-08,0.472508555948212,0.05,0.036,0.000561033617511637
CBLB,2.58876846925613e-08,0.187548419418806,0.272,0.244,0.000563678446495829
ZNF385A,2.58952690696689e-08,-0.311594652968766,0.075,0.094,0.000563843588722971
LGALS9B,2.59612291669085e-08,-0.630177555524829,0.011,0.019,0.000565279803880265
BCAP31,2.64156527498432e-08,-0.161725340674,0.31,0.34,0.000575174422975087
NABP1,2.64737090858147e-08,-0.480214651132295,0.057,0.073,0.00057643854163453
HSPE1,2.67166465303356e-08,0.165838487908458,0.343,0.314,0.000581728261551527
ATP23,2.68964461774048e-08,-0.607158841310999,0.02,0.03,0.000585643219066812
ZFHX3,2.74655045225036e-08,-0.505593279397621,0.035,0.048,0.000598033895472994
ZNF467,2.75787859585622e-08,-0.454030087073599,0.045,0.06,0.000600500485461733
SLC25A38,2.75892164916262e-08,0.253852495038664,0.142,0.119,0.000600727599888669
FAM78A,2.79619149282369e-08,-0.366854267232749,0.063,0.08,0.000608842735647429
ZNF595,2.82080384498427e-08,0.591809101488626,0.032,0.021,0.000614201829206874
IFNG,2.85133464587401e-08,-0.338395022642143,0.04,0.054,0.000620849605792608
IGHG2,2.92156899649594e-08,-1.54348509630605,0.014,0.022,0.000636142433297026
SRSF5,2.9440208882802e-08,0.100444299742219,0.736,0.716,0.000641031108214131
AC011472.2,2.95715540147258e-08,-0.757568011601412,0.012,0.02,0.00064389101711664
SKI,3.09592350130406e-08,0.34234959028805,0.087,0.069,0.000674106383173945
CIB1,3.24822993901494e-08,-0.164501451476007,0.403,0.43,0.000707269586921112
TCR-B,3.27090438407529e-08,-0.142636590203122,0.812,0.793,0.000712206720588554
HK3,3.34476172241366e-08,-0.445451931618065,0.053,0.068,0.000728288417438351
TPI1,3.38493511502483e-08,-0.1221317252535,0.487,0.514,0.000737035771945507
PSMB4,3.41233609320139e-08,-0.225352596738928,0.177,0.202,0.000743002060933671
PILRA,3.42109403972425e-08,-0.210865404072781,0.079,0.098,0.000744909016209559
ETFDH,3.43776481401413e-08,0.376440640800403,0.073,0.057,0.000748538910603437
KCNN4,3.5275235229993e-08,-0.525771719951125,0.028,0.04,0.000768082971897868
CASP8,3.56608276102605e-08,0.207703674793833,0.24,0.214,0.000776478860385813
SAP25,3.83199570665863e-08,-0.382759843562851,0.053,0.069,0.00083437874516785
FLNA,3.88529499635066e-08,-0.126201843204307,0.533,0.561,0.000845984132505393
ADAMTSL4,3.94003945098538e-08,-0.625398505385581,0.02,0.03,0.000857904190057556
LAMTOR3,3.9774935773001e-08,0.304645797910545,0.099,0.08,0.000866059451521323
LSM10,4.04183245090204e-08,-0.245738489469542,0.14,0.163,0.00088006859785941
ANKRD28,4.13463808158002e-08,-0.419324409074877,0.05,0.065,0.000900276095883233
ICAM1,4.27128298172487e-08,0.544029412358535,0.077,0.061,0.000930029156440773
PAFAH1B1,4.47553366737585e-08,0.162624194906944,0.282,0.253,0.000974502700734418
ZNF524,4.54894759323019e-08,-0.278398967286071,0.102,0.123,0.000990487848949942
MT-ATP8,4.64496428994876e-08,-0.129514557024093,0.962,0.956,0.00101139452449344
FBXW5,4.8007860494784e-08,-0.181359610912384,0.228,0.256,0.00104532315441343
SELENOH,4.86074951629673e-08,-0.13871733726667,0.391,0.42,0.00105837959967845
RNASEH2B,4.9381905025372e-08,-0.201159523957189,0.174,0.199,0.00107524160002245
SNHG1,4.99434544704563e-08,0.157808617454652,0.353,0.323,0.00108746877763972
BRK1,5.1210684023599e-08,-0.140776325752071,0.392,0.421,0.00111506143392984
ALDH16A1,5.16688523667723e-08,-0.271325318471402,0.09,0.11,0.0011250375914341
BMP2K,5.17895393261665e-08,-0.505130266407297,0.028,0.039,0.00112766542928795
PDE8A,5.20789981212793e-08,0.33953240606468,0.07,0.054,0.00113396810509273
EIF4EBP1,5.35726479826602e-08,-0.317580779695667,0.086,0.105,0.00116649083717444
MYO1G,5.42931460628595e-08,-0.171372436806569,0.356,0.382,0.0011821789623727
TMCC3,5.43665175294971e-08,0.560906873020751,0.039,0.027,0.00118377655268727
CTH,5.44030435056939e-08,1.14054978761796,0.011,0.005,0.00118457186929298
CD1C,5.55928453765064e-08,-0.747720569474001,0.01,0.017,0.00121047861522805
SH3BP2,5.57194517826555e-08,-0.244985120862972,0.156,0.18,0.00121323534311554
HSPH1,5.61504134094302e-08,0.283336389236923,0.114,0.094,0.00122261910157693
RESF1,5.77240110740669e-08,0.146008467262679,0.379,0.348,0.00125688261712673
CSRNP1,5.7789807825916e-08,0.172493502617336,0.321,0.292,0.0012583152756015
FCER1G,5.86911406044667e-08,-0.181724571426443,0.19,0.215,0.00127794089552166
TSC22D2,5.96211864053812e-08,0.298337754084651,0.114,0.094,0.00129819171279077
JMJD6,6.04083913490834e-08,0.279836121498303,0.159,0.137,0.00131533231323494
MAPK8,6.10802544672311e-08,0.37299820305372,0.071,0.055,0.00132996146076949
DHX36,6.62872904343339e-08,0.210845776781533,0.195,0.17,0.00144333946191719
NDUFAF8,6.70525082461089e-08,-0.210050740156739,0.179,0.204,0.00146000131455078
ATP5PD,6.84718227967907e-08,-0.143400597372073,0.39,0.419,0.00149090546957732
SLC25A43,6.8639027501872e-08,-0.620200512445243,0.017,0.026,0.00149454618482576
RASSF4,6.95215923394795e-08,-0.388326236574171,0.068,0.084,0.00151376315159983
TWF2,7.09081999633438e-08,-0.184231543283542,0.226,0.252,0.00154395514600185
TFEB,7.1111034182799e-08,-0.414486148517103,0.043,0.057,0.00154837165829627
RAB24,7.15639097324139e-08,-0.199901234461698,0.169,0.194,0.00155823257051358
TKT,7.25179134215192e-08,-0.16543835123021,0.364,0.388,0.00157900504684016
OSTF1,7.2880763207369e-08,-0.164233285748666,0.305,0.334,0.00158690573807725
PLEKHJ1,7.28913835676135e-08,-0.198986051075966,0.194,0.22,0.00158713698580122
RASA2,7.76911105507626e-08,0.160863809839269,0.269,0.241,0.0016916462411323
POMC,7.9473062414368e-08,-0.39656745622382,0.039,0.053,0.00173044646101045
NUP58,8.03439654322754e-08,0.178383720509922,0.226,0.199,0.00174940950332236
YBEY,8.13439861267848e-08,-0.321559435707965,0.076,0.093,0.00177118395392461
TRAT1,8.21629166262059e-08,0.267500701912688,0.164,0.142,0.00178901534661901
RPS6KA1,8.24334702512573e-08,-0.207086590136674,0.175,0.2,0.00179490638125088
CAMK2D,8.26851852081627e-08,0.276754171216274,0.126,0.105,0.00180038722272254
TMF1,8.36768281866314e-08,0.186811778036225,0.199,0.174,0.00182197925693571
TUFM,8.43305855662294e-08,0.134988167932724,0.378,0.347,0.00183621417011908
RXRA,8.48979666985325e-08,-0.339887435917732,0.069,0.085,0.00184856832689385
FES,8.72560558641851e-08,-0.317770345357253,0.056,0.072,0.00189991336038677
SERTAD2,8.79000083128888e-08,-0.239689362866409,0.122,0.143,0.00191393478100484
SYNJ2,8.81604477145164e-08,0.327876854380414,0.079,0.063,0.00191960558853588
SNX17,9.43067647477175e-08,-0.181434026502274,0.243,0.269,0.0020534354956168
AC240274.1,9.44029106534925e-08,1.04468823644903,0.012,0.006,0.00205552897656915
PLEC,9.57790877595273e-08,-0.199901234461698,0.193,0.218,0.00208549385687595
TSHZ1,9.63995369609017e-08,0.348853199474728,0.075,0.059,0.00209900351778667
CHMP2A,9.75357263442867e-08,-0.196087381346816,0.18,0.205,0.0021237429054205
TGIF2,9.76594723453015e-08,0.37430607226448,0.071,0.055,0.00212643735084659
IL5RA,9.79064515442353e-08,1.08966861861578,0.011,0.005,0.00213181507592418
TMED2,9.84256972461095e-08,0.146692178863219,0.332,0.303,0.00214312113183679
VAMP5,1.02995898869239e-07,-0.233433454286688,0.22,0.245,0.00224263270197881
XRCC5,1.03561618881611e-07,-0.149648900601449,0.331,0.358,0.00225495068952821
PSMG4,1.05289556437123e-07,-0.273338242474364,0.106,0.126,0.00229257480186191
BATF,1.05739248946159e-07,-0.342652732981738,0.063,0.079,0.00230236640655366
B3GNT8,1.08464410884683e-07,-1.08573021454239,0.005,0.011,0.00236170408260309
LGALS3,1.09201335068891e-07,-0.167962893270931,0.158,0.183,0.00237774986979004
MPG,1.09684580022588e-07,-0.204027433509808,0.17,0.194,0.00238827204541184
ATP5ME,1.09707089797181e-07,-0.113673378821517,0.586,0.609,0.00238876217324382
RIPOR1,1.12492527952267e-07,-0.362376466162944,0.067,0.083,0.00244941230363267
TENT5A,1.14029113749164e-07,-0.352055205865565,0.078,0.095,0.00248286992277429
JCHAIN,1.1428952400867e-07,1.32789264739154,0.05,0.037,0.00248854009576477
ACSL1,1.15863672121233e-07,0.650709250780663,0.091,0.075,0.00252281559676774
GPR146,1.20369648078306e-07,0.69547537312978,0.024,0.015,0.00262092871725704
GORASP2,1.22129541211224e-07,0.205831466632294,0.188,0.164,0.0026592486303332
PRPF4,1.22937704959664e-07,0.377782312434389,0.065,0.05,0.00267684558779172
GSTM3,1.23150569973034e-07,-0.54315195554204,0.024,0.035,0.00268148051059285
ASRGL1,1.23431978183119e-07,-0.644448058691921,0.016,0.025,0.00268760789295923
RNF213,1.24265422262091e-07,-0.169526746386234,0.515,0.535,0.00270575530433476
ACTR3,1.26254760465487e-07,-0.148646459996088,0.36,0.387,0.00274907115437552
GABARAPL2,1.27921372607337e-07,-0.161809016282296,0.297,0.325,0.00278535996715216
CTLA4,1.31293653025807e-07,-0.478520764952432,0.036,0.049,0.00285878800098393
MSRB1,1.32146780238722e-07,-0.3801233538936,0.051,0.065,0.00287736399291793
MAX,1.3410904786751e-07,0.107707331430013,0.33,0.301,0.00292009040826716
CIITA,1.34818619799334e-07,-0.302682638871197,0.067,0.084,0.00293554062751069
ATG3,1.3507733453513e-07,-0.210504717531578,0.166,0.189,0.00294117388216791
ZNF100,1.3651285296022e-07,0.434494626063961,0.053,0.04,0.00297243086035583
PIP4P1,1.37685932264205e-07,0.225045299329248,0.163,0.141,0.00299797348912079
FCAR,1.39186495989078e-07,0.605226562106339,0.04,0.028,0.00303064676366618
SDHA,1.39565662640428e-07,-0.160998542149365,0.285,0.313,0.00303890273833269
DBR1,1.4098070069567e-07,0.712089345368415,0.023,0.014,0.00306971377694752
RAMP1,1.47713406688051e-07,1.04366076027601,0.012,0.006,0.00321631171722561
SINHCAF,1.51524589571596e-07,0.221325814308058,0.15,0.128,0.00329929641333193
PDCD1,1.53628988134099e-07,-0.566460255011229,0.018,0.027,0.00334511758763188
KIF1BP,1.57883567794769e-07,0.757658942976728,0.02,0.012,0.00343775680516331
CCDC93,1.59259114888196e-07,0.31134934350466,0.093,0.075,0.00346770796757559
BCL3,1.627190644675e-07,0.352212787565974,0.114,0.095,0.00354304490971534
USP15,1.63790920774408e-07,-0.144725165664,0.393,0.42,0.00356638350894196
CPPED1,1.64022634292309e-07,-0.244404547598975,0.083,0.101,0.00357142883908074
CD1D,1.65228027222491e-07,-0.457253745126162,0.035,0.048,0.00359767506474253
SH2D2A,1.67891257059137e-07,0.235979116169889,0.181,0.157,0.00365566423120564
CMTM3,1.68785346864327e-07,-0.245952955734204,0.157,0.179,0.00367513214262386
DYNLRB1,1.68926574487655e-07,-0.240934184603199,0.129,0.151,0.00367820723289419
MSL2,1.69831761736959e-07,0.275806760468837,0.145,0.124,0.00369791678006055
LAMTOR4,1.71244971022315e-07,-0.149283271416675,0.49,0.511,0.00372868799903989
PARVG,1.73015854486194e-07,-0.185662889738622,0.218,0.244,0.00376724721558238
C1orf43,1.7414307189817e-07,0.1662009121462,0.272,0.245,0.00379179124751076
ACAA2,1.86516851751091e-07,0.253392785384429,0.14,0.119,0.00406121793002825
PBX4,1.88514215657516e-07,0.300149200478681,0.101,0.083,0.00410470853172676
TGFBR3,1.91326922853141e-07,0.217717503188828,0.158,0.135,0.0041659524182043
AL162231.2,1.98585317572852e-07,-0.569542279342709,0.019,0.028,0.00432399670483128
ZC3H12A,1.98739502454126e-07,0.265074479541501,0.16,0.138,0.00432735392643615
MBD2,2.02092901166762e-07,-0.308064984575469,0.079,0.096,0.00440037083000507
GPBP1,2.05527959660154e-07,0.139577727883347,0.327,0.299,0.0044751657936402
TIGAR,2.09450384003264e-07,0.37192647035718,0.062,0.047,0.00456057266128707
WNT1,2.09548277950367e-07,0.903401269012136,0.016,0.009,0.00456270420409128
RBCK1,2.13055437046595e-07,-0.19128139171522,0.259,0.284,0.00463906908625255
FOSL2,2.13068350230836e-07,0.202765244846069,0.224,0.2,0.00463935025792622
ARHGEF2,2.15609918557599e-07,-0.247573112651108,0.129,0.15,0.00469469036667316
PLEKHG2,2.15963224210533e-07,-0.484976149944639,0.052,0.067,0.00470238324396014
LINC01637,2.16551698263503e-07,-0.86168124842928,0.008,0.014,0.00471519667798951
RELB,2.20049652359779e-07,0.253537074012295,0.225,0.202,0.00479136113048182
KIAA0513,2.20257651139557e-07,-0.460272064594331,0.037,0.049,0.00479589009591271
PCMT1,2.23917540460984e-07,-0.240186019343242,0.132,0.153,0.00487558052599746
ZFY,2.24315246225805e-07,0.337957991598544,0.071,0.056,0.00488424017132068
MIER1,2.30494853274609e-07,0.174298808484941,0.248,0.221,0.00501879493520133
CYP2R1,2.376373981469e-07,0.324042093303489,0.092,0.075,0.00517431670725061
WBP11,2.37692627095229e-07,0.150598692182138,0.267,0.239,0.00517551926237152
TICAM2,2.37999939386637e-07,-0.875429450920858,0.007,0.013,0.00518221068020464
ZDHHC8,2.38153017008797e-07,-0.605071704281205,0.018,0.027,0.00518554379234955
LRIG1,2.40430644377122e-07,0.484982398849395,0.04,0.029,0.00523513685066745
CD81,2.41948593858501e-07,-0.3409741063627,0.069,0.085,0.005268188682675
APOL6,2.43496197640044e-07,-0.23033672133161,0.151,0.174,0.00530188620741431
HES4,2.43576982285118e-07,0.746348710910427,0.017,0.01,0.00530364521227615
UBQLN1,2.4504636985797e-07,0.210167847868443,0.192,0.169,0.00533563965728745
MIR181A1HG,2.4639468190279e-07,-0.447587675962057,0.034,0.046,0.00536499780375135
C16orf54,2.47801968010437e-07,-0.242255866678131,0.12,0.141,0.00539564005145925
SUPV3L1,2.51888613226447e-07,0.237608202203546,0.138,0.117,0.00548462266439266
S1PR4,2.55389655645506e-07,0.234930134181774,0.157,0.135,0.00556085436202525
ATP2B1,2.57663049420399e-07,0.348221396186187,0.22,0.197,0.00561035523807978
MMADHC,2.64583473136159e-07,0.170761273015654,0.22,0.194,0.00576104054406673
PF4,2.72026750419234e-07,-0.610032620550133,0.016,0.024,0.0059231104636284
PDIA6,2.72528731765413e-07,-0.186071944053352,0.23,0.255,0.0059340406054601
PDP1,2.77288527123049e-07,0.358244601214273,0.075,0.059,0.00603768038957726
UQCRC1,2.77404717245814e-07,-0.165852993198544,0.248,0.274,0.00604021031331036
GET3,2.77887589843771e-07,-0.223107350674828,0.126,0.147,0.00605072438125826
CXCL3,2.78356812673896e-07,2.0841533009388,0.011,0.005,0.00606094123916141
SELENOT,2.80949468408426e-07,0.15029929849397,0.284,0.256,0.00611739372512506
PLXDC2,2.88914438061724e-07,-0.389864705610527,0.069,0.085,0.00629082297435598
EIF2AK2,2.95834154734969e-07,-0.231568885729945,0.164,0.186,0.00644149288519922
RB1CC1,2.97307601900894e-07,0.205095878830053,0.202,0.178,0.00647357572379008
FOXN3,3.00581335045102e-07,0.144221563351149,0.303,0.276,0.00654485798927205
GOLPH3,3.00614750028757e-07,0.181235858198855,0.197,0.173,0.00654558556712617
MIR29B2CHG,3.02255130337396e-07,-0.433476401670736,0.031,0.042,0.00658130320796647
MBP,3.20261116466696e-07,0.12292586220714,0.419,0.391,0.00697336554994583
KANSL2,3.21656184403738e-07,0.222224017792596,0.143,0.122,0.00700374175920698
PCBD1,3.21908035905901e-07,-0.384172361458059,0.047,0.061,0.00700922557381509
FAM32A,3.23087640592835e-07,0.170135270975836,0.229,0.204,0.00703491028626839
PSMB8,3.30789651099497e-07,-0.144627345106044,0.412,0.436,0.00720261386304044
LAG3,3.3323407934625e-07,-0.368299901315891,0.081,0.098,0.00725583884368524
ZNF85,3.40305177620524e-07,-0.581992062028714,0.016,0.025,0.00740980493750929
TAPBPL,3.44317547818112e-07,-0.28263392379964,0.083,0.1,0.00749717028619158
ACER3,3.50810261131306e-07,-0.37065567510265,0.047,0.061,0.00763854262587305
C12orf75,3.50864001961706e-07,-0.212428432499812,0.248,0.272,0.00763971277871419
NOL11,3.59406859387827e-07,0.250817404668768,0.126,0.106,0.00782572495631055
SFXN1,3.60016134428566e-07,0.171794563730333,0.24,0.215,0.00783899131104761
GTF2H5,3.62789809978074e-07,-0.296840593094235,0.077,0.094,0.00789938532246258
STAU1,3.70211224772404e-07,0.194506957868194,0.199,0.175,0.00806097920819433
AC116366.1,3.73039376612592e-07,-0.715779423247369,0.016,0.024,0.00812255938636259
FUOM,3.7532372376573e-07,-0.301860315274529,0.072,0.089,0.00817229876127501
H2AFY,3.75717394437575e-07,-0.198576538312841,0.227,0.252,0.00818087054648376
NDUFB1,3.76577943705736e-07,-0.138123182534881,0.395,0.421,0.0081996081462487
TIMP2,3.7790600138216e-07,-0.32827726897809,0.057,0.072,0.00822852527409514
MRPS31,3.91098861299546e-07,-0.294041434035341,0.076,0.093,0.00851578660593632
LINC02762,3.99285861812795e-07,-0.797398088926628,0.01,0.017,0.0086940503551118
NR1H2,3.99364657074569e-07,0.17186759904844,0.275,0.249,0.00869576604314167
TRADD,4.06520921973668e-07,-0.186622172842423,0.16,0.183,0.00885158655505464
SNX27,4.07657373198387e-07,-0.292303608679318,0.068,0.084,0.00887633164402168
GGNBP2,4.16070065309526e-07,0.153238936554311,0.325,0.299,0.00905950960204961
GYPC,4.17363956039535e-07,0.117773398911217,0.517,0.492,0.00908768277880483
CAPNS1,4.20354319205186e-07,-0.230073043588552,0.165,0.187,0.00915279494637371
SRGN,4.20603095737253e-07,0.179548689507584,0.721,0.706,0.00915821180658294
ADAM10,4.22008993631483e-07,0.194216461193227,0.198,0.175,0.00918882382733192
JMY,4.34401166932355e-07,0.309897689959563,0.096,0.079,0.00945865100878509
AC022167.3,4.40397122575154e-07,1.06634415654112,0.01,0.005,0.0095892069469514
GPR174,4.52335372662449e-07,-0.274270269442284,0.096,0.115,0.00984915040435216
EBPL,4.59046859589704e-07,-0.256752843046131,0.099,0.118,0.00999528632070622
IGFLR1,4.65248981954195e-07,-0.213995566337429,0.191,0.214,0.0101303313330707
MED8,4.65360819935028e-07,0.288008127955053,0.087,0.071,0.0101327664932653
SF3A1,4.83928149992166e-07,0.129596795174319,0.337,0.309,0.0105370515379294
CYBC1,4.95437667915635e-07,-0.183972332449668,0.199,0.223,0.010787659781195
ME2,4.95524256737392e-07,-0.248628548678594,0.103,0.122,0.0107895451662
IL17RE,5.00596434132422e-07,-0.966628783737509,0.005,0.01,0.0108999867567994
AC007032.1,5.01084517968897e-07,-0.595615317834989,0.018,0.026,0.0109106142942548
AGPAT2,5.1236207338997e-07,-0.308623195083841,0.071,0.088,0.0111561717859932
APOL1,5.1444797313233e-07,-0.482674395574263,0.023,0.032,0.0112015901669834
TBXAS1,5.14480069326204e-07,-0.264385511933945,0.083,0.101,0.0112022890295088
C1orf174,5.20264469824736e-07,0.259648687628485,0.119,0.1,0.0113282385659638
IFRD1,5.2157611433118e-07,0.20564386962138,0.237,0.213,0.0113567983134471
HSPA5,5.23495906806934e-07,0.140642538593011,0.425,0.399,0.0113985998748142
YIF1A,5.26963761972587e-07,-0.269805979352282,0.091,0.109,0.0114741089531911
MED25,5.37398405687276e-07,-0.281432036203261,0.073,0.09,0.0117013128854347
ANTKMT,5.43655784556984e-07,-0.217866745710336,0.127,0.148,0.0118375610529438
ETS1,5.56239419647374e-07,0.13321128047131,0.422,0.395,0.0121115571234019
CHIC2,5.62333617952657e-07,0.172333443186051,0.218,0.194,0.0122442521973011
THRAP3,5.70824633570484e-07,0.130259852405694,0.333,0.305,0.0124291355713637
SQOR,5.89349028676986e-07,-0.23833205574269,0.117,0.136,0.0128324857504127
WAS,5.90457100794913e-07,-0.106270191314733,0.425,0.454,0.0128566129127084
RAD50,5.94317095129746e-07,-0.260644238143876,0.086,0.104,0.0129406604293551
LINC00339,5.9923900662364e-07,-0.376256462696442,0.046,0.059,0.0130478301302231
DFFA,6.13339151680653e-07,-0.380845836549227,0.05,0.064,0.0133548466886945
RNASE2,6.14138863589298e-07,-0.635341486621647,0.015,0.024,0.0133722596157934
IDH3G,6.15073257664184e-07,-0.191732466734497,0.177,0.2,0.0133926051123799
TBCA,6.23436198904703e-07,-0.127114950813973,0.384,0.41,0.013574699794951
ADCY7,6.3225875859298e-07,-0.228518158808372,0.123,0.143,0.0137668022096035
ZNF91,6.33762249040756e-07,0.252936333905326,0.124,0.105,0.0137995392106134
SNIP1,6.428219580717e-07,0.274308376140699,0.107,0.089,0.0139968053150532
STXBP2,6.43494280658617e-07,-0.151478137403162,0.268,0.294,0.0140114444670607
TMEM8A,6.43515912087584e-07,-0.36482766136434,0.045,0.058,0.0140119154697951
SMIM29,6.46533386941375e-07,-0.240008610745682,0.113,0.132,0.0140776179672615
SLC9A3,6.46666264365853e-07,0.735003737316417,0.019,0.011,0.0140805112403021
MGST3,6.47317304489575e-07,-0.174397203524217,0.203,0.227,0.014094686987956
DDAH2,6.47792344833039e-07,-0.298347386829966,0.073,0.089,0.0141050305163946
IL12RB2,6.52022544884707e-07,0.787312610582459,0.018,0.01,0.0141971388923196
PMVK,6.53517320306141e-07,-0.290415247186063,0.073,0.089,0.0142296861323459
TAGLN2,6.6271151168699e-07,-0.107816835470981,0.637,0.658,0.0144298804554725
CHCHD5,6.65113299703733e-07,-0.206737977205495,0.143,0.164,0.0144821769877491
NFE2,6.70053877605259e-07,-0.623220486793935,0.02,0.029,0.0145897531309769
UAP1,6.81518663524698e-07,0.329011377640581,0.076,0.061,0.0148393873795868
OXSR1,6.90919596549807e-07,0.26618972028981,0.112,0.093,0.0150440832952755
CCDC112,6.93523983425199e-07,-0.374620753858081,0.041,0.053,0.0151007912151003
ADAM12,6.94487824764581e-07,-0.919499696657816,0.007,0.013,0.015121777896424
SETD9,6.96547914583924e-07,0.583000643871368,0.028,0.018,0.0151666342921504
RIC8A,7.0029807277209e-07,0.243035405151314,0.148,0.128,0.0152482902365395
ARNTL,7.14448043266974e-07,0.246777023392692,0.126,0.107,0.0155563916940951
DGKQ,7.1566473375025e-07,-0.466501317546207,0.027,0.037,0.0155828839126779
CLSTN3,7.2171125913311e-07,-0.422903288192972,0.049,0.062,0.0157145409563643
NEDD8,7.31867710787612e-07,-0.130685997928251,0.37,0.397,0.0159356875346895
FIBP,7.40889996423428e-07,-0.198227250470882,0.161,0.183,0.0161321387821237
AL356512.1,7.4958428138646e-07,-0.6014726661401,0.017,0.025,0.0163214481429088
SERPINB9,7.5284941022924e-07,0.267113613134579,0.172,0.152,0.0163925430583315
NR1D2,7.54152741384494e-07,0.272568187821834,0.12,0.102,0.016420921790906
HIP1R,7.62239231791352e-07,0.288904638889552,0.094,0.077,0.0165969970330249
PLD4,7.68918499900269e-07,-0.547153828878344,0.025,0.035,0.0167424314168285
ZCCHC10,7.86946286628099e-07,0.277063276476873,0.097,0.08,0.0171349684450402
MRPL24,7.8916919712238e-07,-0.276773430459937,0.085,0.102,0.0171833700981427
TMEM167B,7.95472042602073e-07,-0.238866530858929,0.107,0.126,0.0173206082556175
SELENOW,7.95921352499175e-07,-0.134459273438123,0.379,0.403,0.017330391529317
U2AF1L5,7.96183006008918e-07,-0.969781451100639,0.006,0.011,0.0173360887728382
IL7,7.97080696998709e-07,-1.03005416387914,0.005,0.01,0.0173556350964499
HNRNPU,8.00646425471696e-07,-0.138722828775632,0.488,0.509,0.0174332752682207
KLHDC2,8.28276402025843e-07,0.165283969580729,0.23,0.205,0.0180348903777107
AC016831.5,8.34361376792284e-07,0.671934372291656,0.023,0.015,0.0181673846182752
CYFIP1,8.45399956552958e-07,-0.49634890445327,0.027,0.038,0.0184077386539841
MTIF3,8.58817018688849e-07,-0.227718987746958,0.108,0.127,0.018699881764931
PIM2,8.64413654620334e-07,0.213244023893389,0.222,0.199,0.0188217429157032
CCNG1,8.6551953407775e-07,0.155923894969609,0.244,0.219,0.0188458223350089
BUB3,8.72131460899812e-07,0.157901491959923,0.278,0.252,0.0189897904296325
KIF5C,8.81789008598453e-07,-0.791614777173934,0.009,0.016,0.0192000738732227
CPNE3,9.13372990775906e-07,0.228008756781427,0.161,0.14,0.0198877835011546
FPR1,9.18281692405473e-07,-0.162516813159645,0.084,0.102,0.0199946655704368
NDEL1,9.31441693493644e-07,0.221629712623928,0.16,0.139,0.0202812114341306
TUBA1B,9.32018050459933e-07,0.117972612546037,0.463,0.437,0.0202937610307146
OXNAD1,9.424525858847e-07,0.117153044540924,0.255,0.228,0.0205209626050534
ZBTB32,9.42568131070567e-07,-0.756849359013257,0.01,0.017,0.0205234784859305
MPEG1,9.65368971052757e-07,-0.192511036134242,0.093,0.111,0.0210199439757027
RTF2,9.80083593696828e-07,-0.189215936206565,0.192,0.215,0.0213403401691547
RBM47,9.91659898616551e-07,-0.417830162394546,0.034,0.045,0.0215924026324768
RASGRP4,1.01042207232146e-06,-0.406482078601064,0.039,0.05,0.0220009302027275
PGD,1.03470613075347e-06,-0.268902145617611,0.153,0.173,0.022529691291026
PLK3,1.03510435158555e-06,0.201088037193176,0.187,0.165,0.0225383621514237
NEDD4,1.03952673948379e-06,-0.772139230037852,0.008,0.014,0.02263465522552
CISD1,1.04525328107528e-06,-0.383809543278035,0.041,0.053,0.0227593449421332
PGLS,1.04968724257785e-06,-0.175988663414372,0.293,0.317,0.0228558900198901
ADAP2,1.08803095231718e-06,-0.453102745749402,0.031,0.042,0.0236907859557543
SMAD1,1.10272510437261e-06,0.757803606689555,0.016,0.009,0.0240107364226092
CYC1,1.10777343745317e-06,-0.174617324932319,0.212,0.235,0.0241206588271052
BCL2L11,1.10871456358123e-06,0.299345180439356,0.092,0.076,0.0241411509074178
SNHG8,1.11096247472786e-06,-0.115198132410948,0.562,0.581,0.0241900969247243
NELFB,1.13102867092891e-06,-0.41053427254958,0.036,0.047,0.0246270182808061
MORN3,1.14472724720692e-06,-0.480264249586649,0.024,0.034,0.0249252910806835
TCIRG1,1.15349016527564e-06,-0.13951594027454,0.333,0.36,0.0251160948587117
RAB11FIP1,1.16068566442873e-06,-0.288429832145432,0.112,0.13,0.0252727696572711
LGALS3BP,1.1799305383303e-06,-0.349743989465062,0.06,0.075,0.025691807541604
TAPBP,1.18328558619454e-06,-0.108596756930325,0.535,0.557,0.0257648603537998
RALB,1.20335886495844e-06,-0.343424556168168,0.064,0.079,0.0262019359256051
PAM,1.20342178483001e-06,-0.389033977056661,0.047,0.059,0.0262033059428887
DNPH1,1.20801282397402e-06,-0.226462249106105,0.107,0.126,0.0263032712292103
CLK3,1.20955827528083e-06,-0.204368170297612,0.145,0.166,0.0263369218859649
SLC25A32,1.21723811084632e-06,0.267365188341828,0.107,0.09,0.0265041426255677
SREBF2-AS1,1.22069679549332e-06,-0.596084356856421,0.017,0.026,0.0265794520250715
LILRA5,1.22259023392646e-06,-0.260397028111768,0.07,0.085,0.0266206797535148
ANK3,1.27465089972713e-06,0.345765707469629,0.07,0.056,0.0277542486906586
ALDH1A1,1.27992227125894e-06,-0.48782994263821,0.023,0.033,0.0278690275343921
TAP2,1.29085831980781e-06,-0.186252217554923,0.237,0.26,0.0281071490554952
IFIT2,1.29538925071037e-06,-0.442783381898866,0.03,0.04,0.0282058055449676
NSMCE3,1.29907050590882e-06,0.240756012289523,0.124,0.105,0.0282859611956586
SLC35E2A,1.3509990078159e-06,0.400420341623025,0.051,0.039,0.0294166523961834
RGS10,1.35296625289118e-06,-0.148908729313534,0.409,0.436,0.0294594871904526
GBP2,1.35455011484465e-06,-0.191154774233752,0.189,0.212,0.0294939742006274
ASTL,1.35593619450156e-06,1.06757907640329,0.01,0.005,0.0295241546990769
NDUFA8,1.36209187586094e-06,-0.274207658269554,0.072,0.087,0.029658188504996
SRGAP2,1.37790328964546e-06,-0.387615549347538,0.047,0.06,0.0300024662287403
LTBR,1.378471238458e-06,-0.407771515956663,0.039,0.051,0.0300148327461845
HDGFL3,1.37858465000689e-06,0.748059890141864,0.018,0.011,0.03001730216925
ITGA4,1.3899191406696e-06,-0.166187768846223,0.405,0.427,0.0302640993689398
SRF,1.394334947516e-06,-0.51863961800447,0.023,0.033,0.0303602491472133
IP6K1,1.40754169940409e-06,0.302303917617611,0.08,0.065,0.0306478129628247
NUP50-DT,1.44953172732547e-06,-0.610100679937039,0.014,0.022,0.0315621038307847
PRR13,1.46275774039867e-06,-0.100930467874366,0.578,0.596,0.0318500870394406
VNN1,1.46953951583454e-06,1.13776290681682,0.01,0.005,0.0319977534177812
RASSF5,1.4799724928292e-06,0.126104342165309,0.366,0.339,0.0322249210588629
PPWD1,1.4808265555077e-06,0.218567450381646,0.136,0.116,0.0322435174196246
B4GALT3,1.48478587131414e-06,-0.259176913227719,0.099,0.117,0.0323297275619941
PYHIN1,1.50006095862887e-06,-0.235275564563583,0.145,0.165,0.032662327313185
CDA,1.51414384428169e-06,-0.303866991352199,0.059,0.073,0.0329689680653894
NOG,1.54425908593042e-06,0.719011704548516,0.017,0.011,0.033624697337049
TCR-G,1.55015458907643e-06,-0.177467261787782,0.283,0.308,0.0337530660225503
NEK6,1.55368881155654e-06,-0.401966541171157,0.033,0.044,0.0338300201828321
DOK3,1.5666670543935e-06,-0.35095707876869,0.049,0.062,0.0341126084423641
TAGAP,1.57690241312539e-06,-0.132924966031782,0.314,0.34,0.0343354731433922
MMUT,1.57828443481395e-06,0.504333387334125,0.032,0.022,0.0343655652836389
CAMK1,1.58508863771041e-06,-0.431027348021404,0.039,0.05,0.0345137199975065
SIK1,1.59569302754854e-06,0.706947452185442,0.018,0.011,0.0347446199818418
HMG20B,1.63194032672997e-06,-0.204264501725732,0.132,0.151,0.0355338686742185
SNRPD3,1.64954466437503e-06,-0.312202105872762,0.065,0.08,0.0359171855221019
PLIN2,1.65402407312969e-06,0.215259824485337,0.155,0.135,0.0360147201683258
ZSCAN18,1.67021875791391e-06,0.394385759188093,0.055,0.042,0.0363673432348174
CASTOR1,1.73319581076233e-06,0.466898341935202,0.039,0.029,0.0377386055835391
ILK,1.73456477952108e-06,-0.262145234060396,0.123,0.143,0.037768413509292
CD300LF,1.76878104941973e-06,-0.448629376340675,0.029,0.039,0.0385134385700653
BLOC1S1,1.77311934036701e-06,-0.139713287644047,0.366,0.39,0.0386079005171514
PTPN7,1.78577615684791e-06,0.217194006671816,0.176,0.155,0.0388834900392065
FMC1,1.81296515157655e-06,-0.291917561998871,0.073,0.089,0.0394755032104278
NAF1,1.85788883267765e-06,0.337034388706348,0.067,0.053,0.0404536714427231
CXorf21,1.85975877998206e-06,-0.631662672336229,0.014,0.021,0.0404943876753294
TPP1,1.8639986782853e-06,-0.200604026752131,0.183,0.204,0.0405867072209841
PYGL,1.89466880224808e-06,-0.427953813018241,0.037,0.049,0.0412545185001497
OFD1,1.91734311229547e-06,0.198468202185496,0.178,0.157,0.0417482289271216
LINC00685,1.94403164336607e-06,0.688255478124938,0.018,0.011,0.0423293450026529
THOC7,1.95513950629745e-06,-0.176973846169422,0.192,0.214,0.0425712076101206
IVD,1.9583173133733e-06,-0.363736405450132,0.051,0.064,0.0426404011813902
ASGR1,1.96794472118421e-06,-0.332887777154801,0.047,0.059,0.042850028359065
FAM133B,1.98077780453615e-06,0.134766477928318,0.305,0.28,0.0431294559159701
TMEM191C,1.98191727289957e-06,0.324153642902993,0.075,0.06,0.0431542667001153
GAPT,1.9961064887819e-06,-0.480424736270266,0.028,0.039,0.043463222686737
PHB,2.01358631394633e-06,-0.181944645878347,0.175,0.196,0.0438438283998673
QPCT,2.0230431181244e-06,-0.496603750366251,0.02,0.029,0.0440497408540407
PSMD4,2.05011890063833e-06,-0.158950938227183,0.219,0.243,0.044639288942499
AL021155.5,2.06414800555319e-06,-0.463629865705321,0.031,0.041,0.0449447586729151
ATM,2.11227828041855e-06,0.113828406935948,0.377,0.35,0.0459927472778334
VPS13C,2.11818839835901e-06,0.155387570908361,0.297,0.274,0.046121434185869
ATP5MC1,2.12969451339128e-06,-0.1623135315853,0.216,0.239,0.0463719683345817
TAF1D,2.13913075590929e-06,0.134287462655281,0.367,0.341,0.046577433079169
GIMAP1,2.13956299214387e-06,-0.175942608143408,0.218,0.241,0.0465868445909407
NDUFA2,2.14706343249363e-06,-0.155046193317597,0.292,0.315,0.0467501591791163
METTL7A,2.1660273294229e-06,-0.416999356128633,0.041,0.053,0.0471630790708541
KLRG1,2.18707052222399e-06,-0.286981786691325,0.147,0.167,0.0476212735509053
YIPF5,2.19167182710705e-06,0.273125983834601,0.102,0.085,0.0477214623634289
PIP4P2,2.20150663550857e-06,-0.447551384942624,0.038,0.049,0.0479356054815636
DUSP11,2.20393469096575e-06,0.215669904564636,0.135,0.116,0.0479884739610883
LPAR6,2.21110558381507e-06,-0.329303447923516,0.056,0.07,0.0481446129819893
KDM4B,2.21704087068937e-06,0.350566440951044,0.086,0.071,0.0482738479183904
ZNF614,2.22097075387857e-06,0.535066166807665,0.027,0.018,0.048359417194952
FAM13B,2.28212636887262e-06,0.197930555149151,0.161,0.14,0.0496910195558324
HNRNPUL1,2.32821772597256e-06,0.104022576040316,0.418,0.39,0.0506946127653266
CPQ,2.35386575814195e-06,0.274779211244548,0.098,0.082,0.0512530730177828
APBB1IP,2.39080814814776e-06,-0.137645604535953,0.329,0.354,0.0520574566177693
C1orf21,2.4021562798309e-06,0.277943700954976,0.114,0.097,0.052304550837038
MALT1,2.40453071904019e-06,0.254377896409997,0.128,0.11,0.0523562518763811
AHSA1,2.40952051693312e-06,-0.256875800609481,0.092,0.108,0.0524648997357018
RAB27A,2.41899655603813e-06,-0.211776345839428,0.14,0.16,0.0526712310111742
AC092296.2,2.42005609548638e-06,0.934612763008578,0.01,0.005,0.0526943014231205
PXN,2.43904894230883e-06,0.143108314211696,0.305,0.28,0.0531078516698326
AL118516.1,2.47236676550728e-06,0.184772569575196,0.164,0.143,0.0538333139521554
PID1,2.47381152238431e-06,-0.453898938940162,0.028,0.038,0.0538647720883959
DIS3,2.48159281769056e-06,0.286495145863912,0.088,0.072,0.0540342020123943
HLA-DMA,2.48259830953729e-06,-0.193567109795826,0.2,0.222,0.0540560955918649
ACOT4,2.48487363633038e-06,0.705161725787491,0.018,0.011,0.0541056385574577
CDKN2A,2.4959100613559e-06,-0.586924357570945,0.016,0.023,0.0543459456759634
ID3,2.4981559862633e-06,-0.423918770068423,0.048,0.06,0.0543948484448971
DBN1,2.49872604681952e-06,-0.474878045551282,0.024,0.034,0.0544072609434483
TNFAIP8L2,2.5546772607915e-06,-0.500884526504254,0.022,0.03,0.0556255426764741
FHL3,2.58674284918464e-06,0.354009701564538,0.071,0.057,0.0563237387981464
SEMA4B,2.66467807435434e-06,-0.504111475354421,0.026,0.036,0.0580207003909914
VASH1,2.66916636745573e-06,0.555792685351128,0.028,0.019,0.058118428484981
ARHGAP27,2.67935838345749e-06,-0.24477312469435,0.12,0.139,0.0583403494414035
CD300LB,2.68302447551907e-06,-0.460262393468438,0.023,0.033,0.0584201749299523
WDR45B,2.70401438359713e-06,0.212877465168481,0.169,0.148,0.058877209188444
PCBD2,2.77714297972217e-06,-0.488600523688839,0.024,0.033,0.0604695112404706
LINC00623,2.79668392473275e-06,-0.204286271197856,0.154,0.174,0.0608949957771308
STRN4,2.90559286314764e-06,-0.37609546820116,0.043,0.055,0.0632663790021768
LINC00847,2.92628979786932e-06,-0.485386331108883,0.023,0.032,0.0637170340588066
ISOC2,2.92657155550826e-06,-0.410647676687515,0.035,0.046,0.0637231690496369
FBXO21,2.93818022858427e-06,0.216287311508239,0.126,0.108,0.0639759362971939
MTHFR,2.94668628008716e-06,-0.341550677004571,0.055,0.069,0.0641611470626179
JPT1,2.96118227360106e-06,-0.191673048298076,0.159,0.18,0.0644767828253894
AFG3L2,2.96202518906729e-06,0.212052593576039,0.152,0.133,0.0644951364667511
AP1S1,2.96540108095105e-06,-0.333307527499249,0.045,0.057,0.0645686431366281
FBLN7,3.02265587337724e-06,0.547014020112114,0.027,0.018,0.065815308986916
AGAP9,3.02463059327259e-06,-0.911886512547941,0.005,0.01,0.0658583065379173
FLVCR1-DT,3.06264179722369e-06,0.746274849651437,0.014,0.008,0.0666859624927487
JADE1,3.09390792178882e-06,0.243808654699809,0.116,0.099,0.0673667510890297
PRPF38A,3.09539176832257e-06,0.236502096633631,0.119,0.102,0.0673990603634557
LRPAP1,3.09826128239573e-06,-0.167865633306451,0.233,0.256,0.0674615411628846
HSD17B11,3.13105447848905e-06,0.129470017524039,0.276,0.251,0.0681755802146205
KIR2DL4,3.13303916203683e-06,0.966468064149342,0.011,0.005,0.0682187947141899
PIEZO1,3.1920656372625e-06,-0.266222522885663,0.08,0.095,0.0695040371857536
STMN1,3.23907110276361e-06,0.240781506252688,0.109,0.092,0.0705275341915748
SEPHS2,3.24122071426494e-06,0.2336961100527,0.127,0.109,0.0705743398324048
TFDP2,3.24243357033248e-06,0.204048267527555,0.151,0.132,0.0706007485604194
DDIT4,3.25080533425441e-06,-0.108673672351419,0.479,0.502,0.0707830353480555
SLC4A10,3.27775005798855e-06,-0.559293238593755,0.017,0.025,0.0713697297626428
ARHGEF10L,3.27811032201281e-06,-0.597120124676834,0.016,0.023,0.0713775741515068
EVL,3.30270986831598e-06,-0.10458799797915,0.666,0.669,0.0719132046727121
PAG1,3.30301032163077e-06,0.196271635343432,0.221,0.2,0.0719197467431884
ESYT1,3.316889951512e-06,-0.179482228493066,0.177,0.198,0.0722219618042223
DCTN5,3.33535077732274e-06,0.350420034579287,0.064,0.051,0.0726239278254253
EIF4E3,3.35860349148587e-06,-0.308775522720017,0.067,0.081,0.0731302324236134
PPP1CB,3.38410917385651e-06,0.188015785491362,0.233,0.211,0.0736855931515517
IL18RAP,3.44274374829124e-06,0.425339062094883,0.041,0.03,0.0749623023752935
GET4,3.47065007227876e-06,0.220279346516719,0.13,0.111,0.0755699346737978
PGM2L1,3.47580534485426e-06,0.368117860222686,0.047,0.036,0.0756821855788567
PRORP,3.49640995661168e-06,0.239017544012836,0.123,0.106,0.0761308303952627
CCNL1,3.50781566936345e-06,-0.137786757647611,0.545,0.561,0.0763791783847197
HMGN3,3.53612053958505e-06,-0.134485942354614,0.343,0.367,0.0769954886289249
ERCC5,3.55014471609337e-06,0.166066797296901,0.212,0.19,0.077300851048217
CDCA4,3.58180099586369e-06,0.441644794625826,0.04,0.03,0.0779901348839359
SNHG15,3.61836987703446e-06,0.149179668913108,0.313,0.289,0.0787863857025484
MAPK3,3.63251848849706e-06,-0.358870601144071,0.043,0.054,0.0790944575685351
MIR762HG,3.64815438455404e-06,-0.315526478802525,0.057,0.071,0.0794349135692796
AL359504.2,3.67811325573614e-06,-0.884190398224038,0.007,0.012,0.0800872380303987
BTG2,3.72389508345529e-06,-0.207540092499659,0.559,0.576,0.0810840915471555
PODXL2,3.75354455186196e-06,0.671227826883102,0.02,0.012,0.0817296790722422
MARCH6,3.78949958215495e-06,0.176721452994875,0.185,0.164,0.0825125639018419
TNFSF8,3.79394675443217e-06,0.201156552322115,0.146,0.127,0.0826093966310061
GCSAM,3.79565844216956e-06,-0.461666119358424,0.026,0.036,0.0826466669198
MRPS34,3.80948379197948e-06,-0.170537914724082,0.224,0.247,0.0829477000865612
FAM210A,3.84798892895951e-06,0.402903837371764,0.046,0.035,0.0837861109391644
SLC7A7,3.86922304945375e-06,-0.180534406905613,0.08,0.096,0.0842484626788061
A1BG-AS1,3.87628296528545e-06,-0.600099746318678,0.012,0.019,0.0844021852861254
CKLF,3.96380252420174e-06,-0.149019185164629,0.253,0.277,0.0863078361619687
PRNP,4.00249383486624e-06,0.153120205528711,0.24,0.217,0.0871503007603775
AC010247.1,4.03118244967565e-06,-0.644068264674554,0.011,0.018,0.0877749666592375
GPRIN3,4.05139089521244e-06,0.202550631294564,0.131,0.112,0.0882149853523557
CTPS1,4.07353948473155e-06,0.329461537876225,0.074,0.06,0.0886972487405448
APLP2,4.07570840208497e-06,-0.172067161365621,0.182,0.203,0.0887444747469982
OSGEP,4.07909188102615e-06,-0.207665382328487,0.115,0.133,0.0888181466174633
THBD,4.10370189006942e-06,0.72404452532655,0.03,0.021,0.0893540049543716
AC016831.1,4.11798432577214e-06,0.532063678646142,0.026,0.018,0.0896649907093625
MT-ND6,4.14111209101033e-06,0.102033725013456,0.675,0.648,0.0901685746696588
RALGDS,4.17147356934571e-06,-0.242040085202547,0.122,0.14,0.0908296654989336
MRPL39,4.17494611406614e-06,0.386635775226883,0.046,0.035,0.0909052766876762
LINC01684,4.21335620191317e-06,-0.641890816788874,0.011,0.018,0.0917416179404573
UQCC3,4.22801997000355e-06,-0.300227273962784,0.07,0.085,0.0920609068268572
IL15RA,4.25621881487857e-06,-0.40800090644103,0.033,0.043,0.0926749084751659
HSPA13,4.25988582513387e-06,0.356586404774847,0.064,0.051,0.0927547539564649
RER1,4.26295999050045e-06,-0.164400963509601,0.184,0.206,0.0928216908331569
AC087239.1,4.26386224976893e-06,-0.305106476057735,0.066,0.081,0.0928413366264686
RNPEP,4.27690889682056e-06,-0.258220468656185,0.09,0.107,0.0931254143193709
TRMT6,4.29511212919744e-06,0.375007601595536,0.061,0.048,0.0935217715011451
IL17RA,4.30016149950207e-06,-0.197003790041281,0.19,0.211,0.0936317164901581
WDR83OS,4.314543863294e-06,-0.123495374189821,0.39,0.414,0.0939448780793635
LINS1,4.39884463556144e-06,0.250430471891544,0.11,0.093,0.0957804430947149
ZBTB1,4.40121549761261e-06,0.18585862415115,0.215,0.193,0.0958320662450169
NFKB1,4.40194509706156e-06,0.251531781774398,0.151,0.132,0.0958479525434183
FGFR1,4.46510583910826e-06,0.726575115245836,0.014,0.008,0.0972232145407433
AC027097.1,4.54127597054331e-06,-0.359273816369751,0.041,0.052,0.0988817429826101
RTL8C,4.55597800628056e-06,-0.254130312345417,0.081,0.097,0.0992018651087528
ECHS1,4.55945861186625e-06,-0.233654267558575,0.109,0.127,0.0992776518147757
AC011445.2,4.62118170166585e-06,-0.607102239508575,0.012,0.019,0.100621610372072
ZNF200,4.63114421147313e-06,0.547940491386004,0.024,0.017,0.100838534060616
SNHG9,4.64506618053189e-06,-0.145480127245951,0.273,0.297,0.101141671014901
ALDH3B1,4.70345571427951e-06,-0.399032809599184,0.032,0.042,0.102413044722722
SNAP29,4.82391984455019e-06,-0.230623468022646,0.099,0.116,0.105036030695236
DCP1A,4.9275648938043e-06,0.215843294991007,0.145,0.126,0.107292797997695
TRIM25,4.95945033345395e-06,-0.351393466775373,0.052,0.065,0.107987071560626
RANBP2,5.01554353772537e-06,0.168565854213708,0.246,0.224,0.109208444990432
DHX16,5.12483285362007e-06,-0.3082991164309,0.058,0.071,0.111588110554723
PRKAR2A,5.13458132971887e-06,0.200289426472545,0.172,0.152,0.111800373873299
CMPK2,5.14247583864618e-06,-0.535736902712155,0.025,0.034,0.111972268910682
COPRS,5.36061806034975e-06,-0.818654643486729,0.008,0.013,0.116722097646056
LSM3,5.45786527416765e-06,-0.1524460757037,0.219,0.241,0.118839558479726
ZNF738,5.47207292509469e-06,-0.446480224634434,0.025,0.034,0.119148915871012
SCARB1,5.64901772697757e-06,-0.641372141593322,0.013,0.02,0.12300171198721
PPP6R2,5.65688052399466e-06,-0.183215334735805,0.18,0.201,0.12317291652946
VPS36,5.67963159655625e-06,-0.174922262299492,0.16,0.18,0.123668298383416
JHY,5.69607722930303e-06,-0.667707012286991,0.011,0.017,0.124026385590844
GATD3A,5.8038483385369e-06,-0.329728964026966,0.053,0.066,0.126372993723303
ANAPC11,5.82445969337403e-06,-0.143980861722217,0.281,0.305,0.126821785363526
INPPL1,5.85476021583474e-06,-0.316911031722123,0.06,0.073,0.127481548939586
DOCK10,5.91433964308969e-06,0.144511105418943,0.247,0.224,0.128778831388635
ARIH2,5.94339018553757e-06,0.13278918801668,0.302,0.278,0.129411377899895
FCGR2A,5.98034151005694e-06,-0.264008453647464,0.064,0.078,0.13021595603998
STAC3,5.99098501637166e-06,-0.53413694321151,0.019,0.027,0.130447707746477
ZNHIT1,6.01683024910848e-06,-0.160223940766521,0.217,0.239,0.131010461844088
ALOX5AP,6.04890772933583e-06,-0.159360760566055,0.232,0.254,0.131708916898558
ZFYVE28,6.06337696441379e-06,0.35909802137023,0.056,0.044,0.132023970023146
MARCKS,6.1672405695577e-06,-0.191354437896005,0.064,0.078,0.134285496161549
PAX8-AS1,6.19472099061746e-06,-0.557972983874816,0.017,0.024,0.134883854849705
ATP6V0B,6.20132960053325e-06,-0.138495594680821,0.32,0.343,0.135027750722011
CASP2,6.20282770473336e-06,-0.42332420203653,0.032,0.042,0.135060370442864
CORO1B,6.32995443817298e-06,-0.159364938037429,0.261,0.283,0.137828427936779
USP9Y,6.35869915925075e-06,0.195951116394487,0.165,0.145,0.138454315493526
CARS2,6.36688202786298e-06,-0.298930395865403,0.068,0.082,0.138632489274688
RCBTB2,6.4569799133466e-06,-0.302441931561586,0.069,0.083,0.140594280633209
TNFSF14,6.4939840744788e-06,0.655513143655735,0.024,0.016,0.141400009237701
BCKDK,6.5233472096228e-06,-0.291358533481497,0.066,0.08,0.142039362142327
TRIM56,6.63142457667208e-06,-0.226334642314478,0.088,0.104,0.144392638732458
LACTB2,6.67583197544602e-06,-0.435284709156383,0.025,0.034,0.145359565433362
RAB10,6.77233165448936e-06,-0.183727972515185,0.137,0.156,0.147460749444851
TP53TG1,6.77279123277114e-06,-0.204074005717124,0.114,0.132,0.147470756302359
BEX2,6.95703728807726e-06,0.194786932668233,0.136,0.118,0.151482529910594
AGTRAP,6.96890134223197e-06,-0.192802437945437,0.188,0.209,0.151740857825759
WNK1,7.12122639946237e-06,-0.153964950294839,0.189,0.211,0.155057583621894
TFB2M,7.12765323363187e-06,0.385768296433319,0.052,0.04,0.1551975215091
BZW1,7.14897383846753e-06,0.126222924395617,0.407,0.384,0.155661756358792
MARK2,7.15310138581732e-06,-0.243166014659367,0.077,0.092,0.155751629574786
HTATIP2,7.16836065771386e-06,-0.218657548016713,0.118,0.136,0.156083884961062
CIR1,7.1867266311012e-06,0.141063640476004,0.269,0.246,0.156483785665598
DUSP12,7.18987297064947e-06,0.210790794541182,0.125,0.108,0.156552294062922
DDT,7.21141252732042e-06,-0.131474233627462,0.327,0.35,0.157021296369875
ARHGEF7,7.21802313222965e-06,0.213747627338162,0.128,0.111,0.157165235681168
SCART1,7.23697098749592e-06,-0.718168890849197,0.01,0.016,0.157577806281736
CX3CR1,7.36740765188897e-06,-0.33899684412736,0.046,0.057,0.16041793421223
TNKS2,7.42075311766624e-06,0.198414086884282,0.148,0.13,0.161579478384065
LINC01619,7.43827484600799e-06,0.429949460993451,0.038,0.028,0.161960996496978
COPE,7.46517032493513e-06,-0.12477817658917,0.364,0.387,0.162546618655138
TCN2,7.49793849402508e-06,-0.627951625831,0.011,0.018,0.163260112768902
LRCH4,7.55156366711655e-06,-0.208008399628515,0.135,0.153,0.164427747287796
CD163,7.63018110770848e-06,-0.370245587428891,0.03,0.039,0.166139563439244
PNN,7.71627027454134e-06,-0.149193637561604,0.35,0.371,0.168014068957863
RNPS1,7.73330521900588e-06,0.112316041543034,0.399,0.374,0.168384987838634
FUT7,7.73490258906127e-06,-0.640473825847679,0.013,0.019,0.16841976897422
CTBP2,7.83772230832268e-06,-0.333093779066991,0.039,0.05,0.170658565541418
TLE1,7.85680780805846e-06,0.351395044373585,0.076,0.063,0.171074133212665
ELP5,7.86080314879442e-06,-0.236685563568905,0.1,0.116,0.17116112776185
LTK,7.92499487739463e-06,-0.638063206562746,0.01,0.016,0.172558838460391
RNF170,7.94876010100002e-06,-0.402105481769042,0.027,0.037,0.173076302439175
ANKRD36,7.95323088110106e-06,0.216257675709901,0.12,0.103,0.173173649205095
AURKAIP1,7.99398068210015e-06,-0.125331778514192,0.287,0.312,0.174060935372049
IKZF3,8.02247222751068e-06,-0.19638987430754,0.178,0.199,0.174681310281818
VASP,8.07006828480681e-06,-0.145766843101407,0.265,0.288,0.175717666833383
PFDN6,8.11849407187794e-06,-0.231727416276288,0.091,0.107,0.17677208992107
PDLIM7,8.16380143551301e-06,-0.343456119764257,0.04,0.051,0.17775861245686
FTL,8.1650195179258e-06,-0.148525704922041,0.985,0.981,0.177785134983316
FAM107B,8.16823342624982e-06,0.120887811631062,0.318,0.294,0.177855114623164
ZNF580,8.16931403394258e-06,-0.194494500934754,0.13,0.148,0.177878643775066
POLE4,8.46088205519527e-06,-0.161138149339395,0.2,0.222,0.184227245869822
TUBGCP5,8.49170015518289e-06,0.402203736865484,0.037,0.027,0.184898279178952
CCDC85B,8.49820639278505e-06,-0.12517998242306,0.383,0.405,0.185039945996502
EIF1AD,8.58898815361561e-06,0.307292408002463,0.07,0.057,0.187016628056826
SDHAF2,8.61964563567765e-06,0.164365544186845,0.206,0.185,0.187684164071245
POMGNT2,8.63453132851742e-06,0.605720720371451,0.02,0.013,0.188008285147138
DAD1,8.66804875699921e-06,-0.114601616567368,0.356,0.38,0.188738093634901
ORAI2,8.66943186334229e-06,0.22174270194945,0.112,0.096,0.188768209392415
NARS2,8.77219185474667e-06,0.404114774857433,0.036,0.027,0.191005705445254
SERPING1,8.82919397110302e-06,-0.62539850538558,0.011,0.018,0.192246869526797
OGDH,8.87244918597724e-06,-0.196134404538779,0.148,0.167,0.193188708575468
AC124016.1,8.87519609401125e-06,-0.332153262768291,0.043,0.054,0.193248519751001
LSM2,8.9309521447958e-06,-0.163841629736079,0.161,0.181,0.194462552000784
NDFIP1,9.10750756318206e-06,0.132659158367025,0.487,0.467,0.198306869680726
BCL11B,9.28500264995344e-06,0.148909267105341,0.284,0.262,0.202171647700086
BBX,9.32467531817797e-06,0.148075711712371,0.242,0.22,0.203035480378007
DDX39A,9.48923966210127e-06,0.136677394576428,0.34,0.317,0.206618704402593
LENG8,9.59213939445492e-06,-0.151814255665708,0.329,0.351,0.208859243174862
TLE5,9.59769603755923e-06,-0.100367562903542,0.687,0.695,0.208980233521815
ITGA6,1.01592050005544e-05,0.261072548984005,0.084,0.07,0.221206529682071
POLR2F,1.02034965858549e-05,-0.165106808696156,0.162,0.182,0.222170934660404
COMT,1.03020839407041e-05,-0.172500118680035,0.16,0.179,0.224317575724892
ZNF638,1.04987849162253e-05,-0.164031326618933,0.168,0.188,0.22860054276589
ZGLP1,1.06638415583658e-05,-0.797344137241317,0.007,0.011,0.232194486091856
PSMB6,1.07171257737003e-05,-0.118226199565227,0.291,0.315,0.233354696596549
TUT4,1.07602027954568e-05,0.144874489920494,0.249,0.227,0.234292655668277
CRY2,1.07984347410745e-05,0.268466261724948,0.086,0.072,0.235125118052156
COQ7,1.0941965549568e-05,-0.24640058042807,0.099,0.116,0.238250357876293
SLC4A2,1.09974796993066e-05,-0.372437134319844,0.036,0.046,0.239459122972702
CCDC88A,1.10446931513094e-05,-0.253897081745822,0.087,0.103,0.240487148676612
YDJC,1.12043935782977e-05,0.202557321380899,0.158,0.139,0.243964465773855
STOML2,1.12358231672067e-05,-0.200284853433815,0.127,0.145,0.244648813642758
PRR5,1.14472937228936e-05,-0.274034491751948,0.087,0.102,0.249253373522285
SIRT1,1.15127255397928e-05,0.36863086575425,0.049,0.038,0.250678085903449
NDUFS5,1.15868932965825e-05,-0.11089495295656,0.464,0.484,0.252293014639788
SLC25A51,1.17865207991566e-05,-0.338464464682635,0.048,0.059,0.256639703880835
UBL7,1.18363586424827e-05,-0.20693916109381,0.118,0.135,0.257724873081417
AC243829.4,1.19978605545257e-05,0.863388616455429,0.013,0.007,0.261241415714242
FBXO32,1.19993808941242e-05,-0.22031950100139,0.121,0.138,0.261274519588661
FAM192A,1.20896688692246e-05,-0.210450439515989,0.108,0.124,0.263240449958496
ELOVL1,1.21812460272235e-05,0.20729999266611,0.145,0.127,0.265234450996764
SLC27A3,1.21872330303952e-05,-0.312064516340361,0.058,0.071,0.265364812003826
DBI,1.22702839725903e-05,-0.103855774876467,0.4,0.424,0.267173163219181
FADS1,1.23117476078173e-05,-0.460421636419762,0.021,0.03,0.268075992412615
CDC37L1,1.26077659675503e-05,0.244138450022861,0.105,0.089,0.27452149617744
TTC14,1.26227288181852e-05,-0.161509246615954,0.174,0.194,0.274847297287164
DLEU2,1.27047972380846e-05,-0.389135976352589,0.031,0.041,0.276634255062053
KDM5B,1.2870403369497e-05,0.237295988969227,0.107,0.092,0.280240162967428
FTX,1.30460524011733e-05,-0.278743593139692,0.064,0.077,0.284064744983147
CMTM8,1.3259459022157e-05,0.508356145862164,0.029,0.021,0.288711460748447
ADGRE5,1.34373076689308e-05,-0.104254634909679,0.356,0.381,0.292583937183299
HSPA6,1.35524897416125e-05,-0.562471313846406,0.019,0.027,0.29509191163387
LEF1,1.36089026194775e-05,0.114171641796864,0.31,0.286,0.296320245636504
QRICH1,1.3621118468467e-05,0.16763280199834,0.188,0.168,0.2965862335324
EPB41L4A-AS1,1.37944882842968e-05,0.125698712033081,0.274,0.251,0.300361187902278
RPH3A,1.39193940074429e-05,0.737347677784717,0.015,0.01,0.303080885118061
PARP1,1.4026222595156e-05,-0.152688392924659,0.179,0.199,0.305406970786927
CAPS,1.40343486892657e-05,-0.567493827622044,0.017,0.024,0.305583908360072
RAB11FIP4,1.40418560858267e-05,0.27712257024252,0.1,0.085,0.30574737441279
VTI1B,1.41575063307267e-05,-0.186257363232972,0.166,0.185,0.308265542845244
HAT1,1.42322266142537e-05,0.247853259952031,0.092,0.078,0.309892502298761
IER5L,1.42558330517794e-05,-0.539618642792589,0.017,0.024,0.310406508869444
TBC1D10C,1.42826153683782e-05,-0.122768742723005,0.485,0.501,0.310989667031067
PPP2R5A,1.43493208165078e-05,-0.244669461579206,0.081,0.096,0.312442111458642
PTRH1,1.45698572871241e-05,-0.353725181277914,0.034,0.044,0.31724407256984
PLXND1,1.45713487711459e-05,-0.283297079426527,0.061,0.074,0.317276548142931
ZNF180,1.46908905268383e-05,0.46872367197897,0.031,0.022,0.319879450331376
NINJ2,1.47640884028023e-05,-0.430354102018321,0.026,0.034,0.321473260882617
SLC9A9,1.48929682906599e-05,-0.307717137668204,0.051,0.063,0.324279491560829
SHFL,1.49411134022972e-05,-0.138766908041472,0.304,0.326,0.325327803221618
TST,1.49857517953322e-05,-0.570373181307097,0.014,0.021,0.326299759591562
SLAMF6,1.52395858324844e-05,-0.280375256386965,0.073,0.086,0.331826741916515
RENBP,1.53971847197235e-05,-0.32426511622786,0.043,0.054,0.335258300087259
DNAJC13,1.54461111634522e-05,-0.335751455039222,0.042,0.052,0.336323624473008
AC004854.2,1.5453897445268e-05,0.573929653456371,0.024,0.017,0.336493162973266
SLIRP,1.55331407559394e-05,0.152117922114404,0.232,0.211,0.338218606819824
HSF2,1.56566497453025e-05,0.326955745410557,0.063,0.051,0.340907891554217
CD7,1.56596388493777e-05,0.101095402516661,0.566,0.537,0.340972976306349
HDDC2,1.58015095183679e-05,-0.17413931002348,0.135,0.154,0.344062068252943
PDZD11,1.59185253211589e-05,-0.33899684412736,0.04,0.05,0.346609970342914
AOAH,1.61356398152487e-05,-0.152715814442094,0.174,0.194,0.351337421337225
PCM1,1.62304865252684e-05,0.149240628893866,0.237,0.216,0.353402613601193
SMIM25,1.62523644382368e-05,-0.191932800493859,0.056,0.069,0.353878983278168
SLC16A6,1.62860988704101e-05,0.44443981333839,0.047,0.037,0.354613516804309
NCOA5,1.63754017187952e-05,0.369032916286772,0.049,0.038,0.356557997025047
HSD17B10,1.64499468269148e-05,-0.183171651145639,0.135,0.153,0.358181142209243
TOP1,1.66316277975564e-05,0.170986921789074,0.213,0.193,0.362137063663994
MGAT2,1.6667712418725e-05,0.316976195431762,0.066,0.054,0.362922770205319
PNP,1.66786533804304e-05,0.279308120433071,0.096,0.082,0.363160998705492
SULT1A3,1.71314598655358e-05,-0.50091044186259,0.018,0.025,0.373020407112176
CCNG2,1.72737658395602e-05,-0.369182910016244,0.037,0.047,0.376118977390583
PSENEN,1.72922159402732e-05,-0.211434233449464,0.113,0.129,0.376520709883509
ATOX1,1.73122333958674e-05,-0.190834345056287,0.148,0.166,0.376956569961616
CDCA7,1.7354867490711e-05,-0.500564072767763,0.017,0.024,0.37788488474274
DUSP23,1.74698357059087e-05,-0.235858510914388,0.093,0.108,0.380388202660455
SSNA1,1.7508273641096e-05,-0.143519138861472,0.224,0.245,0.381225150261225
SNRPN,1.75510098852353e-05,0.129036671646405,0.293,0.27,0.382155689241114
NOCT,1.7762445575911e-05,0.515522911399873,0.027,0.019,0.386759489969886
CCDC149,1.78604341677275e-05,-0.822027830656947,0.006,0.011,0.388893093568099
TSPYL1,1.79622876052973e-05,0.192148630097106,0.199,0.179,0.391110850317743
TRMO,1.8020011135856e-05,0.282388780221097,0.075,0.062,0.392367722472129
PRR14,1.81150802687924e-05,-0.228911452557837,0.097,0.112,0.394437757772685
TRANK1,1.82965072991807e-05,-0.242429494613378,0.089,0.104,0.398388149932361
PDLIM1,1.84569470126415e-05,-0.360062340240872,0.061,0.074,0.401881564253256
ARL11,1.85138937866754e-05,-0.562156452422003,0.013,0.019,0.403121523311069
MIR155HG,1.87457318235114e-05,-0.507246102365218,0.018,0.025,0.408169564725138
HDAC7,1.88260257244961e-05,-0.185734675409448,0.151,0.169,0.409917884125177
PIN1,1.88455683656709e-05,-0.146577635494975,0.239,0.26,0.410343405594119
BX284668.5,1.88641069456248e-05,-0.271014067785675,0.069,0.082,0.410747064634035
ZNF433-AS1,1.90632956601129e-05,-0.252134111746533,0.075,0.089,0.415084199703299
TCL1A,1.91128714837e-05,0.230123960690503,0.037,0.027,0.416163663686083
MTERF4,1.9340259032646e-05,0.178434675371086,0.172,0.153,0.421114800176834
BRD3,1.95663463573947e-05,-0.244595070623862,0.089,0.103,0.426037625585913
NADK,1.95993295721556e-05,-0.22708642076912,0.085,0.1,0.426755802104117
RNF141,1.97621781811019e-05,-0.281625391304408,0.073,0.087,0.430301667715312
BCR,1.9998471628265e-05,0.307561566859211,0.049,0.039,0.435446721233842
OXLD1,2.00217829042597e-05,-0.179668022263713,0.146,0.165,0.435954300957352
ZNF518B,2.05608480386366e-05,0.341669974206164,0.053,0.042,0.447691905193273
TNK2,2.06427504765728e-05,-0.257696742025511,0.076,0.09,0.449475248876897
STX8,2.07503924519457e-05,-0.20216606230656,0.139,0.157,0.451819045248665
NUS1,2.08660749275469e-05,0.228202566424663,0.119,0.103,0.454337915472406
SNPH,2.10519551026442e-05,0.655932166325218,0.016,0.01,0.458385270404975
TMEM91,2.10520069331425e-05,-0.32266681046771,0.049,0.061,0.458386398962244
ERN1,2.11322795327322e-05,0.186678139992186,0.164,0.145,0.46013425454571
TOMM34,2.1155825861081e-05,0.479476868151565,0.032,0.024,0.460646952299177
TMEM87A,2.12932901785374e-05,0.199607668658369,0.149,0.131,0.463640100347474
MEGF9,2.13847766600287e-05,-0.273901815905474,0.065,0.078,0.465632126995465
GPR155,2.13904266429393e-05,-0.311766392654662,0.051,0.063,0.465755149723361
ZFYVE19,2.15184147582655e-05,-0.368693159312337,0.033,0.042,0.468541962946473
MFSD1,2.17298435188573e-05,-0.222684492072879,0.112,0.128,0.473145612779599
PSMA3-AS1,2.19006064103637e-05,-0.164257570068939,0.197,0.217,0.47686380397926
UNC93B1,2.20941541234685e-05,-0.334308600805644,0.055,0.067,0.481078111884403
BAD,2.21050801965933e-05,-0.218031280303515,0.097,0.112,0.481316016200622
CR381653.1,2.21174723074947e-05,0.618190072333667,0.019,0.012,0.481585842023391
AL136962.1,2.21647270817885e-05,-0.801049162923792,0.005,0.01,0.482614767478863
ABRACL,2.2583305363763e-05,-0.135058737418486,0.283,0.304,0.491728890990575
IKZF5,2.26736433965454e-05,0.212116410703958,0.102,0.087,0.493695911316379
RELA,2.29048690067625e-05,0.168884868284372,0.215,0.195,0.498730617753246
PVT1,2.30249882494846e-05,-0.252722196635652,0.078,0.092,0.501346094144277
GOLT1B,2.313329433397e-05,0.211729663373897,0.13,0.113,0.503704350827864
BCAS4,2.32116207813492e-05,-0.218385320391993,0.092,0.107,0.505409830893097
CYB5A,2.33499486177165e-05,-0.246426538267402,0.079,0.093,0.508421781202159
ATP2B4,2.34574774074326e-05,-0.188545111646088,0.134,0.151,0.510763113069437
PRKCQ-AS1,2.35566768827745e-05,0.175306013915821,0.218,0.198,0.512923082445531
TPPP3,2.37030855361076e-05,-0.656465290824022,0.013,0.019,0.516110984463206
AKT1,2.37643544981095e-05,-0.292197546949231,0.065,0.077,0.517445054841836
ABCC3,2.38585253206504e-05,-0.612572944941555,0.01,0.016,0.519495530331842
MSRB2,2.38592082442371e-05,-0.554743951821796,0.015,0.022,0.519510400310018
RRP8,2.39861168002982e-05,0.293366251650315,0.07,0.058,0.522273707209692
HSP90B1,2.43674493619319e-05,0.118405571106588,0.487,0.465,0.530576842406706
CAPN7,2.46935143776217e-05,0.170748493010413,0.184,0.165,0.537676582058334
INPP4B,2.47828303770371e-05,0.204609882245948,0.173,0.155,0.539621348629606
NBPF26,2.4852483377951e-05,-0.289019491890099,0.051,0.062,0.541137973071505
MBOAT1,2.50576246463366e-05,-0.4387411352827,0.026,0.034,0.545604719049332
SCML1,2.51584711805455e-05,0.308404423474434,0.06,0.048,0.547800551485197
CIAO2A,2.55659820734179e-05,-0.172950400574611,0.19,0.21,0.556673693666601
ANP32A,2.56648062802706e-05,-0.132630808615963,0.295,0.316,0.558825491946612
TOE1,2.56769639023097e-05,0.270715389348946,0.073,0.061,0.559090212008892
FXYD2,2.60564009080391e-05,-0.613891405171215,0.018,0.025,0.567352073371644
RAB34,2.62248782380771e-05,-0.36219179777998,0.034,0.043,0.571020498755891
SLAMF1,2.62490797896003e-05,-0.279214366815715,0.043,0.054,0.571547463338757
CELF1,2.64010568410333e-05,-0.174378990611387,0.199,0.218,0.574856611656659
ZNF622,2.67261476983818e-05,0.188877152769082,0.142,0.125,0.581935139984566
UNC45A,2.68025083571499e-05,-0.245049731266865,0.082,0.097,0.583597816968582
PCSK1N,2.68774247121615e-05,0.365608903593285,0.043,0.034,0.585229045682605
ORAI3,2.69536008836674e-05,-0.368069400305701,0.035,0.044,0.586887705640973
HHEX,2.7019490657478e-05,-0.270307268043158,0.048,0.059,0.588322389575926
RAB40C,2.70627619433518e-05,-0.505285888546588,0.017,0.025,0.589264578554542
DDX60,2.71904665328609e-05,-0.315327938233727,0.046,0.057,0.592045218286513
DOK1,2.72060743322563e-05,-0.354665783111265,0.045,0.056,0.592385062510548
AL441992.1,2.74200214178399e-05,-0.466630123853233,0.02,0.027,0.597043546352045
TMIGD2,2.76259544797887e-05,0.246128340786638,0.099,0.084,0.60152753284292
CHD7,2.77642928325267e-05,0.273350878762442,0.081,0.067,0.604539712135436
MECP2,2.79236972506552e-05,0.159151655039975,0.225,0.205,0.608010583935767
CHRNE,2.79530272902054e-05,0.724473069824247,0.015,0.009,0.608649216216932
NTMT1,2.79584638979599e-05,0.231706570971513,0.111,0.096,0.60876759291418
SYTL2,2.79690638318344e-05,0.264752895471954,0.093,0.079,0.608998395874363
PEPD,2.80883688876038e-05,-0.191990466664248,0.138,0.155,0.611596144158685
NFIC,2.80975630313407e-05,-0.214391586806637,0.127,0.144,0.611796337444413
PTPA,2.82549992551998e-05,-0.239680449049414,0.075,0.088,0.61522435378272
SPTLC2,2.82809266033875e-05,-0.232141952287982,0.087,0.101,0.61578889586216
AC020659.1,2.84613003649219e-05,-0.428054544637628,0.029,0.038,0.61971635414581
ATP6V0E1,2.85586385027198e-05,-0.125026504397123,0.405,0.424,0.621835794758222
CD63,2.8789451987209e-05,-0.122508023693242,0.248,0.27,0.626861527569489
ATP5MD,2.90394398093109e-05,-0.104041069566055,0.495,0.511,0.632304762407936
DZIP3,2.9081774043388e-05,-0.392895399387291,0.033,0.043,0.633226548020731
ARPC4,2.91575573269157e-05,-0.115174044392002,0.39,0.411,0.634876653236262
FOSL1,2.91853798785846e-05,0.747494681499614,0.013,0.007,0.635482461476301
PA2G4,2.94820676536194e-05,-0.116456365927764,0.34,0.362,0.64194254108991
RDH11,2.95370603087982e-05,-0.253564177293524,0.074,0.088,0.643139951163773
UBE2L3,2.98077389773079e-05,-0.136084722835119,0.262,0.284,0.649033708491903
LPIN1,2.98406811599672e-05,0.23522067113926,0.115,0.099,0.649750991577126
ZNF106,2.98701249307972e-05,-0.203430785179191,0.173,0.191,0.650392100243178
SLC35D1,3.00608079861467e-05,0.444901088284452,0.031,0.022,0.654544033090359
CRYZ,3.03048994824287e-05,-0.348499419081152,0.031,0.04,0.659858881330403
NOP10,3.04471545733944e-05,-0.159938151925402,0.229,0.249,0.66295634368109
LINC00278,3.0870531423356e-05,-0.457015034976512,0.02,0.028,0.672174951212154
APOL2,3.1074428837451e-05,-0.366823747742487,0.035,0.045,0.676614613506658
PIGX,3.1086633387865e-05,-0.29132208928072,0.05,0.061,0.676880355387372
HIST3H2A,3.12692620814973e-05,0.292662754642968,0.077,0.064,0.680856912562523
CORO1C,3.18595319854332e-05,-0.37397518317346,0.039,0.049,0.693709449450823
MTMR6,3.18977179199945e-05,0.213998965347081,0.128,0.112,0.694540909989959
DCTPP1,3.23782050745031e-05,-0.294919899233703,0.046,0.058,0.70500303729223
COMMD1,3.24864178596685e-05,-0.203876972536539,0.123,0.14,0.707359262476421
FADS3,3.25348268104691e-05,0.427105202333113,0.034,0.025,0.708413318971155
STX7,3.27937557723046e-05,-0.25741133236402,0.085,0.1,0.71405123818616
BAZ1A,3.28949684232216e-05,0.13993370887468,0.275,0.254,0.716255042447228
PSMD12,3.3278192618551e-05,0.203416711000395,0.124,0.108,0.72459936607633
KRTCAP2,3.34529771874785e-05,-0.107756520872386,0.458,0.478,0.728405125280158
FAF2,3.35194441349644e-05,0.26626911485782,0.073,0.061,0.729852376594716
RTP5,3.36249008373252e-05,-0.61291956610389,0.012,0.018,0.732148590831919
JARID2,3.3657982828623e-05,0.195159782301293,0.18,0.162,0.732868918110438
AL121944.1,3.39169873775621e-05,-0.273968482342994,0.058,0.07,0.738508483159036
BST1,3.4014725581562e-05,-0.380757643003962,0.039,0.049,0.740636634812932
DERL2,3.42270861284228e-05,0.168725799860188,0.149,0.131,0.745260573360278
TRMT1,3.42965699683342e-05,-0.194707229904386,0.188,0.206,0.746773514490509
GPR137B,3.42990632835093e-05,0.308311396480438,0.048,0.037,0.746827803935131
RBM23,3.43534667479364e-05,0.158059411491186,0.216,0.196,0.748012384969567
ZSCAN2,3.45578637118691e-05,-0.459867621256126,0.019,0.027,0.752462924462238
ACSL6,3.45981411754513e-05,-0.374247091067709,0.029,0.037,0.753339925954278
PRKCSH,3.48972842419628e-05,-0.129781666633513,0.233,0.255,0.759853467084498
AC021028.1,3.49279369151121e-05,-0.718168890849197,0.007,0.012,0.760520898389651
KIAA1958,3.51992221461e-05,0.604300045671823,0.016,0.011,0.766427863009182
TOGARAM2,3.52049143814641e-05,-0.600599294468022,0.012,0.017,0.766551805742
DNASE1,3.56825132829723e-05,-0.380687704625538,0.028,0.037,0.77695104422344
FARP2,3.57068561942938e-05,0.419008598182796,0.04,0.03,0.777481086774554
LCK,3.58147870874729e-05,-0.136591208107855,0.493,0.503,0.779831174042636
FARSB,3.58152317930868e-05,-0.307261989660593,0.052,0.064,0.779840857062673
ATP1B3,3.60128490659105e-05,0.242115753605459,0.186,0.169,0.784143775561136
MTHFSD,3.61400638853691e-05,-0.562367253326967,0.013,0.02,0.786913751040027
PADI2,3.63210039185674e-05,-0.723426357475807,0.007,0.012,0.790853539322888
TP53INP1,3.66281732410629e-05,-0.284028363148781,0.045,0.056,0.797541844150904
TGFBR2,3.6658078830517e-05,0.165676913688863,0.288,0.268,0.798193008455678
LTB4R,3.67604076567195e-05,-0.356837544444497,0.036,0.046,0.800421116317411
CXCL16,3.67822825089915e-05,0.348301585025034,0.08,0.067,0.800897419350782
USP46,3.69478163690573e-05,-0.421213844705297,0.026,0.034,0.804501753619855
MRFAP1L1,3.70361063314302e-05,0.219184713769436,0.124,0.108,0.806424179260562
SMCO4,3.73629498158763e-05,-0.33347600056635,0.038,0.048,0.813540869290891
DUSP22,3.78377584174999e-05,-0.206191494400537,0.092,0.106,0.823879351782644
TOR2A,3.82319371927381e-05,-0.274254230544679,0.065,0.077,0.83246220043468
MED28,3.82425756529747e-05,0.178455045930849,0.151,0.133,0.832693842267871
FBXO5,3.83417427092161e-05,0.619526519896481,0.018,0.012,0.834853105750471
KRR1,3.85259233877964e-05,0.149887258790442,0.168,0.149,0.838863455845879
PABPC4,3.86452066936346e-05,0.141070536259978,0.268,0.247,0.841460730547199
FAM169A,3.87776004858034e-05,0.31398122749632,0.048,0.038,0.844343472977884
RAD51-AS1,3.89525956898308e-05,-0.273438036570244,0.058,0.07,0.848153818550376
LINC02256,3.94227885760762e-05,0.196206357973224,0.124,0.108,0.858391798455483
HAUS3,3.94987635915216e-05,0.211062822748981,0.138,0.121,0.86004607844179
WDR33,3.94989442732143e-05,0.133738228040796,0.232,0.211,0.860050012604967
RFC2,3.96672131009299e-05,-0.330068526666275,0.039,0.05,0.863713898059648
ZNF397,3.99739348390787e-05,-0.403980232988149,0.027,0.036,0.870392457186099
BMF,4.00152944236871e-05,-0.49869717455921,0.02,0.027,0.871293020781363
MIAT,4.01629575969257e-05,-0.336811178676047,0.06,0.071,0.874508238715461
DDX20,4.02446659117351e-05,0.294671708703562,0.053,0.042,0.876287355562119
CHKA,4.08225699182535e-05,0.45439151154129,0.036,0.028,0.888870637400052
PDCD6IP,4.09420589458431e-05,-0.147465113051624,0.212,0.232,0.891472391486788
UBXN6,4.12333066428949e-05,-0.287813303503582,0.055,0.066,0.897814018842395
USP53,4.12621134566164e-05,0.283828068617918,0.064,0.053,0.898441258404365
PRR7,4.12870518436597e-05,0.276042281642671,0.075,0.062,0.898984266843846
PSMA3,4.13036823232053e-05,0.164192550441399,0.193,0.175,0.899346378905471
SNX20,4.15843297768134e-05,0.219414939635923,0.097,0.083,0.905457196560335
APH1A,4.16488260596618e-05,0.107629421142647,0.363,0.34,0.906861538623076
MZT2A,4.18246980183237e-05,-0.158726877767465,0.221,0.24,0.910690974650981
AC008035.1,4.23913615106792e-05,0.840757350960121,0.01,0.006,0.923029505533528
PSMD8,4.25215416145618e-05,-0.137616956207355,0.255,0.276,0.925864047115469
MEA1,4.25361096296678e-05,-0.147392296371353,0.164,0.182,0.926181251076386
NSUN2,4.26276240956194e-05,0.262811783722542,0.082,0.069,0.928173887058017
AC092944.1,4.27480141161181e-05,-0.460684360190977,0.021,0.028,0.930795259364356
SCAND1,4.29894460569221e-05,-0.10061555266216,0.42,0.442,0.936052198443423
AF165147.1,4.30278294163071e-05,-0.574698055237686,0.013,0.019,0.93688795771067
CD70,4.30531101032222e-05,-0.571576393237509,0.009,0.015,0.937438419387561
TSTA3,4.3125258085029e-05,-0.224573283126451,0.104,0.119,0.939009369543421
IGKV3-11,4.36920002408974e-05,0.508660888974713,0.013,0.008,0.951349613245301
BTN3A3,4.37244927590197e-05,-0.212343299088993,0.109,0.125,0.952057105334894
TMEM170B,4.37248663717668e-05,-0.309539582625538,0.054,0.066,0.95206524037885
MIIP,4.38266386060065e-05,-0.183724628263702,0.129,0.146,0.954281229007185
USP47,4.38797423541619e-05,0.167158550277264,0.165,0.147,0.955437510019521
PDCL,4.38977755946279e-05,0.341959942931699,0.047,0.037,0.955830165797428
AC092803.1,4.40291783855638e-05,-0.618808418590731,0.01,0.015,0.958691330167267
SAP30,4.40512625506291e-05,-0.459867621256126,0.019,0.026,0.959172190777398
JMJD1C,4.42237662428619e-05,0.12466173955662,0.313,0.29,0.962928286172076
PARP14,4.47431316999565e-05,-0.238750833874782,0.13,0.146,0.974236949634853
SFXN5,4.48749456826094e-05,-0.486787686285496,0.019,0.026,0.977107067293136
PIGW,4.51484015526975e-05,0.673839874638022,0.014,0.009,0.983061295408436
RUNX3,4.526224979417e-05,0.122644551854084,0.299,0.278,0.985540227018258
DAB2,4.54505977354741e-05,-0.631624165041759,0.01,0.015,0.989641315092213
GAS2L1,4.55261501079638e-05,-0.690996811718631,0.012,0.018,0.991286392450805
APOBEC3A,4.66669881164135e-05,-0.106931416451331,0.061,0.073,1
KLHL12,4.73043458719088e-05,0.294997908868736,0.053,0.042,1
CPNE2,4.80869429415567e-05,-0.439648095073833,0.026,0.035,1
CEP85,4.92182380782466e-05,-0.483023491458628,0.019,0.026,1
KLRD1,4.95148115208023e-05,0.209983777051543,0.205,0.187,1
NCR3,4.97555403911448e-05,-0.285691909606976,0.109,0.124,1
ZNF574,5.03233250286859e-05,0.316427251590961,0.054,0.044,1
AP1S2,5.03891194618201e-05,-0.156675346254469,0.199,0.218,1
AC087741.1,5.05122756431234e-05,-0.473713747122954,0.021,0.028,1
LASP1,5.09844648636515e-05,-0.132995434752972,0.169,0.188,1
FMNL1,5.11256745865218e-05,-0.163009609913675,0.289,0.309,1
PSTK,5.13025643455413e-05,0.436067285055285,0.029,0.021,1
CD79B,5.13138098404335e-05,-0.271282525531015,0.086,0.1,1
AGO1,5.16532817524032e-05,-0.316405557836245,0.049,0.06,1
MED6,5.16661858464238e-05,0.209842799376062,0.124,0.108,1
OGT,5.29617133799776e-05,-0.136007855850967,0.258,0.278,1
EIF2AK3,5.3022746460588e-05,0.294673952350143,0.067,0.055,1
FAM102A,5.32783950060855e-05,0.166512246274162,0.162,0.145,1
ZNF143,5.35477124811889e-05,-0.284725071824981,0.051,0.062,1
TOX2,5.36928494996184e-05,-0.822027830656947,0.006,0.01,1
ATP13A3,5.38719452877819e-05,0.379620345243576,0.068,0.057,1
MAP1LC3B,5.43590767273402e-05,0.102010931484421,0.406,0.384,1
UBR2,5.50152341631009e-05,-0.167229113507632,0.159,0.176,1
LUC7L2,5.50393166082122e-05,0.114351168352632,0.254,0.233,1
SIN3B,5.54066971941989e-05,-0.237622058013768,0.068,0.081,1
C17orf49,5.57059707524138e-05,-0.134189026948381,0.251,0.271,1
TCHP,5.58589443239173e-05,-0.258461216159111,0.057,0.069,1
RALBP1,5.61864163310388e-05,-0.239443078881938,0.096,0.11,1
GK5,5.62977217372251e-05,0.266234254099784,0.086,0.073,1
HDAC2,5.63304758730573e-05,-0.195411785602956,0.128,0.144,1
TMC6,5.63726953417582e-05,-0.116705803279403,0.34,0.36,1
HEXIM1,5.68268441778154e-05,0.236771728424038,0.073,0.061,1
EIF4A3,5.77573040472447e-05,0.198676011846137,0.124,0.109,1
METTL14,5.79812691829252e-05,0.245221991006437,0.076,0.064,1
SCIMP,5.80290462332806e-05,-0.343756996324281,0.043,0.053,1
YTHDF3,5.81305249783049e-05,0.196027441869441,0.116,0.1,1
SLC5A6,5.89363454492851e-05,0.320925795798846,0.052,0.042,1
CA2,5.94267651766822e-05,-0.430522800228378,0.011,0.017,1
SPARC,5.95205666882072e-05,-0.299078874745881,0.015,0.022,1
AKR1A1,5.98883097999559e-05,-0.168879098846729,0.164,0.182,1
BAG2,5.9974869246495e-05,0.334380312160001,0.043,0.034,1
YJU2,6.03750173164445e-05,0.245454588169136,0.074,0.061,1
PDE7A,6.05857736606857e-05,0.183381030347655,0.127,0.111,1
CD86,6.072799801426e-05,-0.242420462901544,0.054,0.065,1
AP002387.2,6.0841909022477e-05,0.197545215198225,0.15,0.133,1
MAK16,6.09636893288963e-05,0.388603744258919,0.036,0.027,1
FUT10,6.10074589117496e-05,0.640881559951867,0.015,0.01,1
PPP1R16B,6.12145884090297e-05,0.241184188726164,0.108,0.094,1
AZIN2,6.12708246360116e-05,-0.669386517762918,0.009,0.014,1
ZNF10,6.13180438098541e-05,0.224432012447147,0.109,0.094,1
LEPROT,6.15007131511747e-05,-0.229055381614469,0.091,0.105,1
ZNF570,6.15696837863851e-05,0.498382955053561,0.023,0.016,1
SRP14-AS1,6.17714626331575e-05,-0.44448009255074,0.02,0.027,1
LZIC,6.2011924563867e-05,-0.206597425299213,0.092,0.106,1
JMJD7,6.22305702792713e-05,0.267587753627607,0.076,0.064,1
HAGH,6.22489794143203e-05,-0.196148465825428,0.124,0.14,1
IMPDH1,6.3378074459143e-05,-0.155711867442618,0.15,0.168,1
PLBD1,6.35657865945239e-05,-0.185499858339433,0.066,0.078,1
NUP35,6.402184080147e-05,0.42778214124408,0.028,0.02,1
CAT,6.41694088909754e-05,-0.148684215845146,0.144,0.161,1
ORAI1,6.41882244919069e-05,-0.179640324390651,0.136,0.152,1
IKBKE,6.51123806373128e-05,-0.234098304426839,0.086,0.1,1
SLC20A1,6.52484385795814e-05,0.167325086437361,0.154,0.137,1
OSBPL11,6.5338768473035e-05,-0.334814339313948,0.046,0.057,1
ZEB2-AS1,6.55228087234995e-05,-0.434921264125895,0.025,0.033,1
COQ5,6.5559159409858e-05,-0.382104565682448,0.031,0.04,1
YARS,6.55799107230507e-05,-0.174043500054012,0.131,0.148,1
CDKN2D,6.56497467735698e-05,-0.145529144813968,0.216,0.235,1
MGST2,6.59082878258e-05,-0.441319035324046,0.021,0.028,1
PSTPIP1,6.63845616345107e-05,-0.149049590210887,0.193,0.212,1
CACNA2D3,6.64310361407559e-05,-0.79524159369567,0.006,0.01,1
PHF5A,6.69749005499496e-05,0.148109420317372,0.175,0.157,1
GCNT2,6.70259982412131e-05,-0.621275862361722,0.009,0.014,1
CNPY3,6.71062590559502e-05,-0.154041230897664,0.34,0.357,1
NCAPG2,6.71776887421627e-05,0.595425388126094,0.02,0.014,1
ATG16L2,6.72555574058566e-05,-0.186386427987216,0.185,0.202,1
NDUFA7,6.74438354694965e-05,-0.142023228627695,0.201,0.22,1
MXI1,6.7477981500584e-05,0.215590360699229,0.093,0.079,1
COASY,6.83391283853667e-05,-0.211219924997554,0.099,0.114,1
CEBPZOS,6.93356086188988e-05,-0.185848532166685,0.133,0.149,1
ZCRB1,6.96498129693387e-05,-0.173085607875727,0.129,0.145,1
TANC2,6.97111114627273e-05,0.547617765807883,0.017,0.011,1
PITPNM1,6.98661132074748e-05,-0.243171901348439,0.06,0.072,1
LPGAT1,7.06671969282026e-05,-0.225744462293611,0.088,0.102,1
TENT5C,7.14314972188267e-05,0.113767149226214,0.222,0.201,1
NDUFA5,7.1587032977071e-05,0.128937275848417,0.249,0.229,1
ATG14,7.16924618664338e-05,0.210654641997781,0.105,0.091,1
MPLKIP,7.17125973572628e-05,-0.200043870780059,0.085,0.099,1
AXIN1,7.18323934271632e-05,-0.252444945849952,0.056,0.068,1
ZNHIT3,7.21517148701161e-05,0.154794766565896,0.164,0.147,1
FLYWCH2,7.41172898289571e-05,-0.255679795297269,0.068,0.08,1
SPECC1,7.53317403492106e-05,-0.34971894158901,0.033,0.042,1
PTGER2,7.53355170222082e-05,-0.168877000699795,0.133,0.149,1
SDF2L1,7.54482917860465e-05,-0.186125578184781,0.137,0.154,1
ETFRF1,7.55033709691661e-05,0.251029934416329,0.09,0.077,1
APEH,7.60278157649699e-05,-0.159069938539235,0.131,0.147,1
TWISTNB,7.62690048293404e-05,0.245424943953529,0.098,0.084,1
ZNF749,7.63095931741166e-05,-0.339331382109354,0.03,0.038,1
DDX28,7.70347673761129e-05,-0.303597333195334,0.038,0.047,1
LAGE3,7.76385142901595e-05,-0.202059896191462,0.099,0.113,1
OBSCN,7.78282276525175e-05,0.348945305009339,0.038,0.03,1
RNF157,7.86521461191088e-05,0.433984632192035,0.031,0.023,1
IRF9,7.90830753775181e-05,-0.114586833464109,0.279,0.3,1
CCT5,7.93075962448548e-05,-0.155554916060825,0.156,0.173,1
ATP6V1D,7.95394349167887e-05,-0.266854208904165,0.054,0.065,1
FRG1,8.01394708402099e-05,0.136713704948268,0.26,0.241,1
RASSF2,8.01597761732263e-05,-0.188230371744521,0.092,0.106,1
AL158071.3,8.15113490597664e-05,0.661896189043148,0.011,0.007,1
DUSP7,8.16149369017429e-05,-0.533374889294211,0.014,0.02,1
KLRC1,8.16571856983182e-05,0.293636965420878,0.04,0.031,1
NUTF2,8.18526322847802e-05,-0.154312890963374,0.188,0.206,1
AC245014.3,8.22057032053014e-05,-0.252544521637327,0.134,0.149,1
B3GNT7,8.23163922288681e-05,0.561065673367481,0.018,0.012,1
C1orf61,8.24611812784466e-05,0.664300745973216,0.012,0.008,1
CSF1R,8.26473904486932e-05,-0.208619409346706,0.055,0.066,1
LMO4,8.30920965289972e-05,-0.223576335303602,0.083,0.097,1
EEF1AKMT2,8.38240448007465e-05,0.229629501333124,0.092,0.078,1
AC019205.1,8.48411875970977e-05,-0.586924357570945,0.011,0.016,1
OSBPL5,8.53281373602501e-05,0.340699587061574,0.064,0.053,1
HSDL2,8.54382556773042e-05,-0.266674791134579,0.047,0.058,1
AP1G1,8.61950629932464e-05,0.201843666829829,0.129,0.114,1
UBA1,8.6238463897871e-05,-0.161160451699043,0.145,0.162,1
USP1,8.82196387480242e-05,0.183461305256429,0.136,0.12,1
DMAP1,8.87595033703344e-05,-0.218773245922937,0.087,0.1,1
MOB4,8.90540200986093e-05,0.158179470579878,0.193,0.175,1
ARF3,8.92945825724312e-05,-0.166561289155431,0.144,0.16,1
IQCE,8.94083981547793e-05,-0.537596645207377,0.013,0.019,1
ANKRD13C,9.00824111211745e-05,0.229454651914458,0.094,0.081,1
GNL3,9.01393667715885e-05,0.18880615589792,0.131,0.115,1
RELT,9.12826451126474e-05,-0.238462333068617,0.095,0.109,1
MFSD6,9.24290428511087e-05,0.301990194126277,0.055,0.044,1
TMEM160,9.24730779001736e-05,-0.135602740967325,0.241,0.26,1
FLI1,9.35391383049257e-05,-0.116073162855564,0.255,0.276,1
MAP3K7CL,9.40120890240918e-05,-0.254239520169659,0.033,0.042,1
RNF7,9.40617446551268e-05,0.111297368994804,0.327,0.305,1
FAM117A,9.47058455649289e-05,-0.268291342245164,0.054,0.065,1
KIF13A,9.48010332522222e-05,-0.468902383213975,0.018,0.025,1
MID1IP1,9.52563620182354e-05,-0.295531864236977,0.079,0.091,1
CXCL8,9.57381817812242e-05,0.242357677318096,0.073,0.087,1
MEFV,9.72521008784515e-05,-0.422412852314997,0.021,0.028,1
ARL3,9.73604104635017e-05,-0.343312506346609,0.034,0.043,1
NOTCH2,9.7423515390271e-05,-0.213888568831011,0.155,0.171,1
IL1B,9.84026255869257e-05,1.30940270244582,0.083,0.072,1
PROSER1,9.84464340644908e-05,-0.267613792958717,0.046,0.056,1
AC243960.1,9.85829074107441e-05,-0.128016644564824,0.217,0.236,1
NOP58,9.95362465288301e-05,0.114466483585075,0.337,0.317,1
FHL1,9.96054527049165e-05,-0.361364657155813,0.036,0.045,1
TBCB,9.99384376186504e-05,-0.128251054347106,0.285,0.304,1
MAP4K1,0.000102176987842766,-0.173951686239946,0.18,0.197,1
MRPL10,0.000102832655905327,-0.166637662575599,0.184,0.201,1
KCNE3,0.000103458654546024,-0.367176657490061,0.029,0.037,1
ARHGAP12,0.000104123291633421,0.23427248964029,0.078,0.066,1
AC100810.1,0.000104650933301837,0.196387835250868,0.116,0.101,1
MRM2,0.00010485681192382,0.360111084335345,0.046,0.037,1
CCDC174,0.000105004840224044,0.199077106827362,0.126,0.111,1
ING3,0.000105341996246969,0.215959398591103,0.105,0.091,1
SPACA6,0.000106489319047642,-0.406889328483792,0.02,0.027,1
CTSL,0.000106571782591884,0.471777598471391,0.031,0.023,1
DUSP14,0.000106590008815375,0.433706975201186,0.028,0.02,1
UBTD1,0.00010769211303473,-0.522475649844103,0.011,0.017,1
COG4,0.000108374679295558,-0.263511244496994,0.068,0.08,1
ANKRD13D,0.000108496217791709,-0.189550982581161,0.14,0.156,1
DGKZ,0.000109776385266738,-0.159661861877807,0.239,0.258,1
TRIM34,0.000110364099728915,-0.349396227117048,0.029,0.038,1
TBC1D15,0.000110825630516463,0.225304180921397,0.094,0.08,1
ZNF845,0.000111206495341077,0.500079684171348,0.022,0.016,1
KCTD5,0.000111399597089603,0.290966366315021,0.055,0.045,1
NET1,0.000113137322346647,0.410330265690238,0.029,0.022,1
CORO7,0.00011450628553449,-0.106831847281408,0.296,0.317,1
RNF144A,0.000114669204197973,0.319361207606861,0.05,0.04,1
CYSLTR2,0.000115174525107236,-0.711371728495434,0.006,0.01,1
D2HGDH,0.000115364411154377,0.239366948455236,0.069,0.057,1
ATP5IF1,0.000117246648736162,-0.100695810435148,0.46,0.478,1
ZNF571,0.000117584925994534,0.421740503556183,0.028,0.021,1
MXD1,0.000117655180046346,-0.165196640747292,0.133,0.149,1
IGHV3-30,0.000117914084611519,0.633291231906429,0.012,0.007,1
RRP7A,0.000118224493116921,0.17226481297341,0.151,0.135,1
FASLG,0.000118481035957184,0.589785248438477,0.019,0.013,1
KBTBD2,0.000118721490951294,0.204053984461066,0.116,0.101,1
TRPV2,0.000119375250472955,-0.194875668152539,0.11,0.124,1
PCED1B,0.00011951415979359,-0.201912251542446,0.135,0.15,1
SCAMP2,0.000119578641204246,-0.124277050518644,0.225,0.244,1
FLAD1,0.000120380983300069,-0.217734328954949,0.076,0.089,1
OGG1,0.00012047304109366,-0.328025726306357,0.035,0.044,1
LENG1,0.00012120176041645,0.178429686742961,0.13,0.115,1
TRAF1,0.000121434182972776,0.263951959709015,0.07,0.059,1
PRRT3,0.000121869324604381,0.530727231083327,0.019,0.013,1
DBNL,0.000124109040771108,-0.132730437022804,0.281,0.3,1
FDXACB1,0.000124211509518684,0.437098871635571,0.03,0.023,1
DAPK1,0.000124309139111144,-0.360816520735508,0.034,0.043,1
BRCC3,0.000125457740638155,-0.245612352493003,0.058,0.069,1
CENPK,0.000126107088185957,-0.172336646305375,0.112,0.127,1
CPSF7,0.00012647733228992,0.159040599286397,0.153,0.137,1
AC025171.2,0.000127325999973836,-0.311170895443291,0.036,0.045,1
GON7,0.000127949189926621,-0.303215584914073,0.042,0.051,1
ZNF383,0.000128503442965251,0.368485491404984,0.038,0.029,1
FHOD1,0.000128858920756399,-0.304346774367035,0.048,0.059,1
CBFA2T3,0.000129062208482561,-0.442171962042685,0.023,0.03,1
NUDT22,0.000129139057094586,-0.158879083148563,0.144,0.161,1
CPTP,0.000129499733435697,-0.320409383002189,0.042,0.052,1
PCAT1,0.000130315410004183,0.462463669391219,0.023,0.017,1
TMEM265,0.000131228257139579,-0.70138308215586,0.006,0.01,1
TBL2,0.000131584196167047,0.440673200993085,0.027,0.02,1
ZNF844,0.000132713236033839,-0.331578485568853,0.028,0.036,1
STXBP1,0.000133842505138163,0.710461553053626,0.011,0.007,1
LINC00665,0.000133967764592863,0.502201532902038,0.024,0.017,1
FSBP,0.000134592455032601,0.718701924987317,0.012,0.008,1
LINC02723,0.000134925582770524,-0.759989066543825,0.006,0.01,1
TBC1D10A,0.00013729915121073,0.180712932337679,0.155,0.139,1
MRPS18C,0.000137777850120678,0.191920156735176,0.119,0.105,1
SURF1,0.000137892349832764,0.142879470444079,0.192,0.174,1
AC244033.2,0.000139010862765059,-0.617086328081197,0.008,0.012,1
RIOK2,0.000139104181972582,0.286835645049087,0.057,0.047,1
ARHGAP25,0.00013993247971127,-0.15660040858218,0.182,0.2,1
NIT1,0.000140345063885522,-0.270801884364789,0.052,0.062,1
CGRRF1,0.000141286503929542,0.211855557652025,0.107,0.093,1
ZNF410,0.000141443295824368,0.179925516541159,0.12,0.106,1
SBNO2,0.00014158154040503,0.281600940828539,0.059,0.049,1
BRAT1,0.000141616197277349,-0.22450946508908,0.073,0.086,1
CDK2AP2,0.000142780681820764,-0.163694360178993,0.173,0.19,1
HCFC1R1,0.000142997607380896,-0.192324605684419,0.113,0.127,1
ZNF677,0.000144197000794605,-0.387392894043309,0.027,0.034,1
RIOX1,0.000144798309152626,0.253119812509275,0.067,0.056,1
COMMD9,0.000146312684461064,-0.20058881253627,0.097,0.111,1
ACPP,0.000148586840852294,-0.726854618715421,0.006,0.01,1
RBM34,0.00014910654012124,0.171630004620603,0.137,0.122,1
GNG11,0.000149828110982323,-0.613625212995379,0.014,0.02,1
SAMD4A,0.000149842871368289,-0.52279402015123,0.017,0.023,1
ZNF709,0.000150168204897113,0.557949271816,0.018,0.012,1
CFAP410,0.000151109826639609,0.21938399567697,0.111,0.098,1
AL035701.1,0.000151836404875849,0.553938178268904,0.019,0.013,1
PLD3,0.000152440530607555,-0.158492250043127,0.192,0.209,1
HNRNPH2,0.000152602253936291,0.156771021583909,0.156,0.14,1
SRPRA,0.000153071622636773,0.114421860782748,0.261,0.242,1
C22orf34,0.000153854821014074,-0.386765225971242,0.025,0.032,1
SS18L2,0.000153970594923236,0.132143251356828,0.221,0.203,1
C12orf65,0.000154672582365962,0.215594918466181,0.103,0.09,1
MRPL37,0.000156120100759898,-0.215439823400647,0.087,0.101,1
CCR4,0.000156945658579247,0.371887596214028,0.029,0.021,1
ZADH2,0.000156981728598374,-0.298073659933014,0.041,0.05,1
KIAA2013,0.000158353491802502,-0.391105031833406,0.029,0.037,1
PPP1R7,0.000158615498960182,-0.152318906135798,0.186,0.203,1
ERRFI1,0.000160206676167718,0.613772992666184,0.016,0.011,1
RSPH3,0.000160840587186219,-0.565229286471626,0.012,0.017,1
MIF4GD,0.000161101096244048,-0.180508940844751,0.139,0.155,1
C19orf38,0.000163057364139464,-0.192160397428649,0.082,0.095,1
COPS6,0.00016336204198045,-0.128630727163791,0.226,0.245,1
SLC25A11,0.000163721861228743,-0.213484892937573,0.096,0.11,1
VAV1,0.000164713607058649,-0.217271342602004,0.095,0.108,1
RSPRY1,0.000164726388181116,0.294431145930436,0.057,0.047,1
THUMPD3-AS1,0.000165160284712984,0.140708323460714,0.165,0.148,1
ZNF566,0.000165200502264597,0.413075642429055,0.028,0.021,1
PPP2CB,0.000165544604864157,-0.447373005172151,0.016,0.022,1
KCNA3,0.000165561247999618,0.143151495222411,0.174,0.157,1
NUP98,0.000166088194908879,0.164157445171753,0.169,0.153,1
AC090152.1,0.000168586848922662,-0.350104865599217,0.025,0.033,1
SH2D3C,0.000170303102339939,-0.240577196012674,0.054,0.064,1
HGSNAT,0.000171092139936979,0.215713301294568,0.087,0.075,1
KMT5A,0.000172019744917333,-0.448218086739353,0.02,0.027,1
FBXO2,0.000172380618452606,0.581675246404799,0.015,0.01,1
OBI1,0.000172965012570829,0.325286854336747,0.044,0.035,1
MAST3,0.000173136694256198,-0.22828039229684,0.073,0.085,1
GLMN,0.000174882225991338,0.254186163398765,0.069,0.058,1
SNHG16,0.000175018386106047,0.104699882486425,0.313,0.292,1
GPCPD1,0.000176770176314217,0.167546722294673,0.188,0.171,1
STMN3,0.000177571774821474,-0.178572646680009,0.154,0.17,1
DTHD1,0.000178270308829745,-0.490494594887853,0.023,0.03,1
FAM204A,0.000178778072937432,-0.154128141861201,0.208,0.226,1
YIF1B,0.000179266652979698,-0.18619813576026,0.1,0.114,1
STX3,0.000180709050351733,-0.389175673904313,0.025,0.032,1
SATB1-AS1,0.00018213588738315,0.452604006615693,0.023,0.017,1
TRIM14,0.000183333642710743,-0.207636883241303,0.092,0.105,1
PI4KA,0.000184411125204326,0.17142448740274,0.121,0.107,1
AC020915.2,0.000184566661357045,-0.364060390212686,0.029,0.037,1
GALK1,0.000184805691249998,-0.268543390646687,0.051,0.061,1
C6orf62,0.000184882499053324,-0.178152410062317,0.118,0.133,1
SNHG12,0.00018539980458897,0.136458264322336,0.191,0.173,1
RNF41,0.000186784002000767,0.215274473855034,0.088,0.075,1
ZNF45,0.000186974017499948,0.428672497480073,0.021,0.015,1
GAR1,0.00018701882947038,0.258623151042686,0.066,0.055,1
DPM3,0.000188465065643381,-0.153203181395409,0.163,0.18,1
MAP3K11,0.000189317260624525,-0.16867856137241,0.137,0.152,1
KIZ,0.000189753034330546,0.214184655472112,0.092,0.079,1
ARID5B,0.000189873808931579,0.121631855620564,0.236,0.217,1
SULF2,0.000189888159833539,-0.242053839717637,0.051,0.062,1
TKFC,0.000190534086391827,-0.319136421766516,0.034,0.043,1
ATAD3C,0.000191214826506704,-0.725630628402537,0.006,0.01,1
TRPM7,0.000191693550192778,0.192315083494718,0.128,0.113,1
SEMA4C,0.000194293293738681,0.387630625871592,0.031,0.024,1
ZFP82,0.000195386122287948,0.435247023427675,0.025,0.019,1
ANKRD36C,0.000195892720856251,0.171767799507072,0.097,0.084,1
SEMA6B,0.000196912370467292,0.619975887612585,0.024,0.017,1
ING4,0.000197094974844868,-0.204676793409771,0.083,0.096,1
VPS51,0.000197220714452803,0.115451551743723,0.351,0.331,1
PARD6A,0.000198510162395308,0.512017492122691,0.02,0.014,1
GART,0.000198953705537577,-0.238394293389334,0.06,0.071,1
CCR1,0.000199056277380765,-0.330584604311159,0.026,0.034,1
BORCS8,0.000199212654151492,-0.195775410020789,0.094,0.108,1
ATAD3B,0.000199765602742622,0.29266459602832,0.055,0.045,1
GNA12,0.000200044837353748,0.378069192601141,0.032,0.024,1
PTPN1,0.000200450620012466,0.113275798346726,0.263,0.243,1
GOSR1,0.000201204054369356,0.205520882819318,0.1,0.087,1
TTC1,0.000201214469760627,-0.175631688534626,0.113,0.127,1
TOR3A,0.000202267749073804,-0.180195285439362,0.089,0.102,1
FXYD1,0.000202606281069932,-0.37304544518933,0.037,0.046,1
FOXO1,0.000203262374181504,0.189292052677755,0.104,0.091,1
ZBTB2,0.000203868135059964,0.287138653364079,0.064,0.054,1
WLS,0.000205087939634313,-0.625143679801435,0.008,0.013,1
GZMA,0.000205344173853135,-0.295814711729882,0.29,0.3,1
TLR10,0.00020599180183201,-0.730118993398736,0.006,0.01,1
ANAPC15,0.000208434556862334,-0.159043790917288,0.146,0.162,1
PTGS1,0.000208876143537461,-0.444714734340455,0.018,0.024,1
DVL3,0.000209049385280535,-0.388984979959036,0.03,0.038,1
HERC5,0.000209638234614154,-0.29446047487451,0.066,0.077,1
MARVELD1,0.000210068831056933,-0.661886415252167,0.008,0.013,1
ZC3H11B,0.00021041430885522,0.434314438803393,0.027,0.02,1
AC097376.3,0.00021060204350709,0.259235890504388,0.052,0.042,1
LINC00877,0.000211435421111659,-0.38853060212753,0.024,0.032,1
HECTD1,0.000212371037340868,0.125159337290119,0.258,0.239,1
ZDHHC24,0.000213389973215145,-0.180854887601341,0.102,0.115,1
PARP12,0.000213969146826326,-0.19762441970571,0.109,0.123,1
ECRG4,0.000214557884703381,-0.474295502460039,0.014,0.019,1
TCR-D,0.000215720661096619,0.477830327963629,0.065,0.055,1
COQ10B,0.000216381047998404,0.125684390376771,0.211,0.194,1
KHDC1,0.000216424760427748,-0.65201938579283,0.007,0.012,1
PPM1D,0.000217733411459638,0.220430564486659,0.088,0.075,1
ANKRD9,0.000218413985588977,0.579972951173799,0.013,0.008,1
POLM,0.000219051780851574,0.201571537235343,0.105,0.091,1
MIS18BP1,0.000219342286246818,-0.159405489501823,0.155,0.172,1
ZNF761,0.000219364626549616,0.425842938502933,0.026,0.019,1
TMEM45B,0.000220711218180229,0.71888407195314,0.01,0.006,1
ITFG2,0.000222833848511839,0.169572943956176,0.137,0.122,1
MYNN,0.000224659131268656,0.230305312421775,0.081,0.069,1
LYRM7,0.000225640196217861,-0.270961929519972,0.05,0.06,1
TRAV41,0.00022773045243127,-1.03758576658051,0.013,0.019,1
DUSP4,0.000227877037618253,-0.422827493007156,0.031,0.04,1
DTNBP1,0.000228391574795636,-0.241557349718755,0.066,0.077,1
KCTD9,0.000229105373001467,0.369554983798917,0.041,0.033,1
IFFO1,0.000229203035721672,-0.189966318263017,0.097,0.111,1
MANBA,0.000230052105936604,-0.123866964115237,0.138,0.154,1
CCDC159,0.000230752764145094,-0.231724793093443,0.07,0.082,1
AHR,0.000232457742114305,0.295672641228596,0.095,0.082,1
ZPR1,0.000233689926220712,0.181777344488974,0.107,0.094,1
MOSPD2,0.000234013131685939,-0.313988093780464,0.041,0.05,1
C3orf33,0.00023489823403176,0.539045233666632,0.017,0.012,1
ANAPC13,0.000235864464712929,0.188997308153192,0.113,0.1,1
SNRPA,0.000237510633662634,-0.11499009211505,0.293,0.312,1
GLT1D1,0.000237787281733761,-0.428047183028443,0.02,0.027,1
NBL1,0.00023919753639483,-0.594743862030245,0.01,0.015,1
STX10,0.000240245994348277,-0.145934162615634,0.191,0.208,1
PAQR4,0.000242047304365897,-0.68477168096909,0.006,0.01,1
ATP9B,0.000242389146946552,0.190236220301769,0.101,0.088,1
CALCOCO1,0.000242803318306793,-0.183135243325107,0.132,0.147,1
GPS1,0.000243771059081526,-0.163194295013084,0.149,0.165,1
HIC2,0.000245110161605648,0.36297703083869,0.032,0.025,1
PRKACA,0.000248069488708983,-0.292503870189253,0.055,0.065,1
SNF8,0.000248489784755855,-0.214847192441861,0.087,0.1,1
LINC02084,0.000248738516638408,-0.335842754498917,0.033,0.041,1
ZNF567,0.000248895145665505,0.325299682340614,0.045,0.036,1
NUDT15,0.000250120412261199,0.242997545529402,0.058,0.048,1
MRPL28,0.000250450021538195,-0.181421074697653,0.122,0.137,1
CYTH4,0.000251722433376235,-0.146975845524771,0.196,0.213,1
ZNF429,0.000252498374168913,-0.256645991832095,0.053,0.063,1
SYNE1,0.000253922888098009,0.113764948834508,0.281,0.263,1
ANKHD1,0.000254261850882344,0.128563988040139,0.281,0.263,1
DPYSL2,0.000254904421758995,-0.295992856269133,0.054,0.065,1
LIN7B,0.000255865385029708,-0.317808453768483,0.029,0.037,1
PHPT1,0.000258311662202788,-0.141952673605178,0.157,0.173,1
EBP,0.000259805166151575,-0.215650209305376,0.094,0.107,1
VAV3,0.000260591676816823,0.320925795798846,0.051,0.041,1
AP002807.1,0.000261480186382797,-0.545819154241272,0.01,0.014,1
FSTL3,0.000262313790671175,-0.733765745900215,0.006,0.01,1
LINC01089,0.000262611563116175,-0.173889211203249,0.102,0.115,1
CENPV,0.000265712811891711,0.356669121000015,0.035,0.028,1
RILP,0.00026744532587454,-0.509883321807117,0.014,0.019,1
PHF1,0.000269359417488061,0.103508073232391,0.343,0.323,1
PRR12,0.000269546987312023,-0.226952559016215,0.07,0.081,1
IMP3,0.000270041576191428,0.130776923108794,0.244,0.226,1
MINCR,0.000272050429169794,-0.306554534948083,0.044,0.053,1
IL1RAP,0.00027216246391492,0.376406932381658,0.028,0.021,1
PRSS21,0.000273417853937947,-0.554863148338646,0.01,0.015,1
TYK2,0.000273545810516299,-0.187636742928997,0.129,0.143,1
UBA7,0.000274162426669733,-0.190523002250958,0.13,0.145,1
PRMT9,0.000274447031576851,0.198131897377885,0.118,0.104,1
MYCL,0.000276986020149126,-0.674387198821284,0.006,0.01,1
CHTF8,0.000277442441605314,-0.219266559328629,0.07,0.081,1
IFT20,0.00027804428548742,-0.192108251910427,0.101,0.115,1
REPIN1,0.000278143480964529,-0.264603746005637,0.051,0.061,1
SPIN2B,0.000278262412650349,-0.323412948908905,0.034,0.042,1
RABL6,0.000279604381664668,-0.211868543783612,0.075,0.086,1
MRPL41,0.000281728682815944,-0.129835969615255,0.235,0.252,1
OXCT1,0.000282480474413102,0.197512559482723,0.105,0.092,1
ARRDC3,0.000286003258977036,0.199405708611003,0.146,0.131,1
TMEM35B,0.000287150298839171,-0.209655901167847,0.083,0.095,1
SSBP4,0.000288209066206325,-0.169348084727151,0.169,0.185,1
RBM4,0.000290907809687712,-0.126046192831593,0.239,0.257,1
BICDL1,0.000291292473395807,-0.421865111300449,0.021,0.028,1
PRLR,0.000293284669764774,-0.586924357570945,0.006,0.01,1
SAP130,0.000294205228176376,0.238577911196919,0.055,0.046,1
EIF2A,0.000294535620491733,0.106579313359771,0.273,0.254,1
HELZ2,0.000294571985751468,-0.246300168973677,0.063,0.074,1
SESN2,0.000297943276123487,0.285891999205691,0.041,0.032,1
RPL7L1,0.000298512560864149,0.163186612652183,0.157,0.142,1
RNF144B,0.000299848529243968,0.445760808394193,0.071,0.06,1
TAF9B,0.000299936729203956,0.377070688973561,0.031,0.024,1
TXNRD2,0.000300202826242364,-0.290770677155287,0.048,0.057,1
DDX27,0.000303438739477453,0.156011113444475,0.181,0.165,1
MEN1,0.000306857857311926,-0.346159115578184,0.03,0.038,1
HACD4,0.000308959350423321,-0.155990027662949,0.171,0.188,1
THEM4,0.000309579302884207,0.146728502554425,0.181,0.164,1
CSTF3,0.000310774271237177,-0.303131391570354,0.033,0.041,1
TMEM9B-AS1,0.000311575203351215,-0.621140072908858,0.007,0.011,1
PPP1R11,0.000313187743266973,-0.143054176084389,0.154,0.17,1
ANPEP,0.000318480413778837,0.660242797739032,0.07,0.06,1
BOLA2B,0.00031953362157487,-0.111062394436237,0.165,0.181,1
TMEM143,0.000319543592245747,0.345145788575143,0.036,0.028,1
EHBP1L1,0.000321207612582591,-0.246238204396222,0.086,0.098,1
SIGLEC5,0.00032589324429139,-0.633094539003872,0.007,0.011,1
ZC3H7A,0.000330175118018574,0.130257063771878,0.189,0.172,1
TGIF1,0.00033044509350203,0.187857868824342,0.122,0.108,1
CHPF,0.000334270377973397,0.438386730958243,0.025,0.019,1
ZNF891,0.000335512655513712,0.481788392513069,0.019,0.014,1
STAM,0.000336086393765751,0.235943563857984,0.069,0.059,1
CYP1B1,0.000336225140367745,-0.441224693228981,0.042,0.051,1
FLT3LG,0.000339011459436644,-0.149737402327113,0.325,0.34,1
PNO1,0.000339102982673277,0.2378010156257,0.073,0.062,1
SLC37A2,0.000341157971166666,-0.494806155582514,0.011,0.015,1
TXN,0.000341577538344832,-0.139865400430461,0.267,0.285,1
C19orf12,0.00034225743238875,-0.238704964864654,0.049,0.059,1
FBRSL1,0.000342665931840347,-0.312805218422046,0.034,0.042,1
MRPL51,0.000343225661863742,-0.147065284834925,0.142,0.157,1
UPF2,0.000343724961356807,-0.13343281954715,0.201,0.218,1
PPP3CC,0.000344176248936611,-0.133225237922996,0.313,0.331,1
FAM214A,0.000350135372205935,0.191762678711908,0.093,0.08,1
UHRF2,0.00035154972614438,0.17331867834445,0.111,0.097,1
ZNF26,0.000351719589555056,0.241337070614811,0.059,0.049,1
NRM,0.000355092771649943,-0.31274939413195,0.034,0.043,1
ATP6V0D1,0.000355632992921299,-0.144653885224769,0.18,0.196,1
MRPL47,0.000357661444695853,0.172631940809835,0.13,0.116,1
UXS1,0.000358214615777065,0.173737329038618,0.115,0.102,1
ME1,0.000358393824257971,-0.725630628402537,0.006,0.01,1
ACSL5,0.000360542402309901,-0.219192573070458,0.077,0.089,1
KCNK12,0.000361975775178461,-0.389662651558179,0.017,0.023,1
AC136475.5,0.000364541966390981,-0.358999544776514,0.026,0.033,1
ALS2CL,0.000365762625609254,0.55057916617899,0.015,0.01,1
FKBP15,0.000366928664107416,-0.253240420933895,0.061,0.072,1
FAM200B,0.000367021750956253,-0.173001461877836,0.16,0.175,1
EPB41L4A,0.00036858667200129,0.696247693833925,0.011,0.007,1
PLAAT4,0.000370681265763899,-0.145247941242723,0.482,0.489,1
PNRC2,0.000370769966068629,-0.12012620189926,0.285,0.303,1
FAM162A,0.000373108400318743,-0.153668256778459,0.168,0.184,1
BBS2,0.000375285330982407,0.239837906945906,0.064,0.053,1
SPINT1,0.000378008426627984,-0.449988712214837,0.014,0.019,1
DNAJC25,0.000383544331243001,0.357677403769964,0.031,0.024,1
CSTF2,0.00038400525906049,0.334573668750338,0.035,0.027,1
CHMP5,0.000385951361300017,-0.181992933136612,0.111,0.125,1
CEP78,0.000386138510490881,-0.18702256740955,0.097,0.11,1
HYI,0.000391371929646899,0.317335981992901,0.038,0.03,1
NFIL3,0.000391532471037284,-0.224717403041133,0.057,0.067,1
AC246785.3,0.000391759293918172,-0.266871110304019,0.043,0.052,1
ADAP1,0.000394256102281972,-0.323507730237793,0.042,0.051,1
CXXC5,0.000396998823479395,-0.255401105902397,0.067,0.078,1
TNK1,0.000398287571125722,0.39223138863621,0.027,0.021,1
ZNF493,0.00040036760332694,-0.205600853909816,0.079,0.091,1
TBCD,0.000402778516049852,-0.232758613945857,0.083,0.095,1
ERCC1,0.000403430139983064,-0.167101795726724,0.131,0.146,1
HSPD1,0.000404479226083319,0.116602541098389,0.257,0.239,1
MAP7D3,0.000404842446504041,-0.27741552193765,0.037,0.045,1
MAP3K1,0.000405302118772492,-0.203961267956646,0.124,0.138,1
CTDSP1,0.000406735532010704,-0.142485941851542,0.194,0.21,1
GATD3B,0.000406976844701209,0.477588403983783,0.019,0.014,1
SGSM3,0.000408034183659616,-0.155614465603506,0.159,0.175,1
RNF5,0.000409983345618811,-0.191515665041034,0.097,0.109,1
PLSCR1,0.000412251429607936,-0.132459460242918,0.124,0.139,1
COG1,0.000414045116841678,0.194695981921524,0.104,0.091,1
RAB3D,0.000414535375218993,-0.241473539830159,0.039,0.048,1
MAPKAPK3,0.00041515731664137,-0.145178048120858,0.135,0.15,1
FGFRL1,0.000418694406410057,0.674660831625779,0.011,0.007,1
NUDT9,0.000420147656832858,-0.329576984885194,0.031,0.039,1
LRRC8D,0.000421350930630325,-0.234043334354671,0.059,0.069,1
PIH1D1,0.000421788726503284,-0.139771578478053,0.161,0.177,1
HDHD2,0.000422512738289561,-0.272865948712685,0.043,0.052,1
FASN,0.000427515332325446,0.318462647447186,0.052,0.043,1
LPCAT3,0.000428280109546002,0.256956440511773,0.067,0.056,1
BHLHE40,0.000431525755186102,0.186421194238447,0.212,0.196,1
VMP1,0.0004339744443194,-0.155237729416552,0.172,0.187,1
CTSD,0.000435791614995859,-0.217515252695574,0.401,0.411,1
EDEM2,0.000437045431134394,-0.217513606095856,0.076,0.088,1
VPS45,0.000440565987545579,-0.285000938343556,0.042,0.051,1
NME1,0.000440949561542121,-0.205396120482352,0.085,0.097,1
TNFSF13,0.000441042897639297,-0.206652276452778,0.068,0.079,1
NPL,0.000441582100020557,-0.419324409074877,0.026,0.033,1
TPCN1,0.000446108183693131,-0.277995185766502,0.056,0.066,1
GTPBP2,0.000448159879996598,-0.380204094416826,0.023,0.029,1
ZC3H12D,0.000452631786349422,-0.347070321836305,0.031,0.039,1
DLD,0.000452777417440864,0.173772604480961,0.115,0.102,1
CEACAM4,0.00045289335501202,-0.500212724377614,0.013,0.018,1
SPINK2,0.000454041650923975,-0.419119408003002,0.013,0.018,1
IFI16,0.0004563488937478,-0.148158522890595,0.217,0.234,1
TMOD3,0.000457345813191395,-0.135157011335211,0.186,0.203,1
HDGFL2,0.000462193616875414,-0.296627871732693,0.034,0.042,1
ARHGEF6,0.000462932874728976,-0.159094848427442,0.143,0.158,1
WDR5,0.000464326873695646,-0.234651653687588,0.06,0.07,1
NKIRAS2,0.000464644465424837,-0.228743477811296,0.067,0.077,1
NCKAP1L,0.000465198960378085,-0.119036566450322,0.227,0.244,1
CDK4,0.000465779948782453,-0.241756077408694,0.067,0.078,1
RNPEPL1,0.000468009433478626,-0.121286852056971,0.26,0.277,1
LINC02245,0.000468315241418815,-0.320409383002189,0.041,0.049,1
TMOD2,0.000469097540329784,-0.39703936281379,0.021,0.027,1
RGL2,0.000469124386226526,-0.195163766417797,0.089,0.101,1
PABPN1,0.000469557443011824,-0.135520213635197,0.186,0.203,1
AL031963.3,0.000470539448563314,-0.367667549381229,0.021,0.027,1
CNOT2,0.00047100016522989,0.123542111039271,0.249,0.232,1
STUB1,0.000473164849715618,-0.130737934895431,0.186,0.203,1
TMEM164,0.000473583276345311,-0.368877406510461,0.025,0.032,1
C2orf76,0.000478248472742856,-0.350404470250465,0.028,0.035,1
FAM91A1,0.000478660451969316,-0.230024699324717,0.079,0.09,1
AC012368.1,0.00048473619452189,0.31587348340369,0.036,0.028,1
DKK3,0.000485726168318735,-0.563077615616577,0.006,0.01,1
BRMS1,0.000485782610839662,-0.143800199355051,0.156,0.171,1
XPR1,0.000487390530650012,0.280768350324925,0.05,0.041,1
USP30,0.000487537579610766,0.368024807313466,0.034,0.026,1
ESCO1,0.000488863766757704,0.172991681024528,0.104,0.091,1
PRKCB,0.000491346521117064,-0.11788625578256,0.264,0.282,1
HAR1B,0.000492059355326559,0.569049198488771,0.016,0.011,1
ASTE1,0.000493545179936698,0.19003930452718,0.071,0.06,1
LYL1,0.000494163717966057,-0.393752075149491,0.021,0.028,1
SIRT5,0.000497191318742737,-0.35974687366912,0.026,0.033,1
SMARCA4,0.000498731457280156,-0.17343659607424,0.118,0.131,1
AAMDC,0.00049896639350882,-0.339189088120034,0.027,0.034,1
PSMA5,0.000501158914257473,-0.134773685275002,0.198,0.215,1
TRPM2,0.000506142630319484,-0.565964738935299,0.012,0.017,1
RANGAP1,0.000510127147234381,0.215335697363896,0.082,0.071,1
TMEM216,0.000510984626967921,0.284465367413224,0.048,0.039,1
ASB6,0.000515521384776796,0.243966941803592,0.075,0.065,1
CLIC3,0.000515986843899752,-0.251027978256333,0.133,0.147,1
LRWD1,0.00051642955155949,-0.32040938300219,0.028,0.035,1
POLR2C,0.00051773264800325,0.127038720552208,0.197,0.18,1
LINC00893,0.000520389069374613,-0.463942857738909,0.014,0.02,1
BATF3,0.00052257547806435,0.661988940018197,0.01,0.006,1
PREB,0.000523250434598196,-0.192645418458899,0.087,0.099,1
CNPY2,0.000529087966846433,-0.127442852350511,0.192,0.208,1
SHARPIN,0.000529700295043853,-0.13505594971171,0.151,0.166,1
ZNF512,0.000531319053068748,-0.224128521978768,0.05,0.06,1
TOPORS,0.000533295800174862,0.179736467975694,0.122,0.109,1
LPXN,0.000534770815793189,-0.132866790818745,0.162,0.178,1
F8,0.000535442122501707,-0.503508349383308,0.01,0.015,1
USP9X,0.000539019260827323,0.143889009613666,0.134,0.12,1
SLC43A3,0.000539273752433538,-0.314429622488085,0.025,0.032,1
MAPRE2,0.000539964631766908,0.105891563293383,0.338,0.319,1
LY6E-DT,0.000540282760518498,-0.672442428757003,0.008,0.011,1
TAP1,0.000545760038213813,-0.132096451361387,0.28,0.297,1
YLPM1,0.00054590233845202,0.16954140500607,0.13,0.117,1
ABCE1,0.000546823767309622,0.189308571116389,0.114,0.101,1
SCRN1,0.00054816254478521,-0.334892445794623,0.023,0.029,1
PDGFD,0.000552418531425638,0.367946266939395,0.028,0.022,1
RSAD1,0.000554298641963874,-0.146168457411114,0.152,0.167,1
AHCTF1,0.000554415069494986,0.166882763126017,0.095,0.083,1
STX5,0.000554871106597392,0.166153977559675,0.128,0.114,1
KRTCAP3,0.000556043941314518,-0.527685154196269,0.01,0.014,1
FBLN2,0.000557245448601265,0.55057916617899,0.015,0.01,1
UHMK1,0.000559614301803292,0.12149276805009,0.212,0.195,1
NOMO2,0.00055983335521562,0.294914865982206,0.044,0.036,1
OTULINL,0.000560128647385911,0.191861412289888,0.122,0.109,1
RLF,0.000565942121530674,0.157563946510742,0.148,0.133,1
AARSD1,0.000568262869776615,0.165471277164867,0.104,0.091,1
ANKRD36B,0.000571340638797163,-0.180916900546955,0.122,0.136,1
AP5B1,0.000572180054718807,-0.298504633317238,0.054,0.064,1
NMUR1,0.000574976406493895,-0.413441536715443,0.021,0.027,1
SLC24A4,0.00057617915872647,-0.284361587550514,0.025,0.032,1
LINC00910,0.000583813413592272,-0.50630589736266,0.01,0.015,1
ZNF831,0.000586903604296439,-0.22644779575424,0.084,0.096,1
RGS9,0.000588172496165361,0.352911416049081,0.036,0.028,1
POLR1C,0.000588278635874875,0.249149381608186,0.054,0.045,1
MRPL43,0.000589016809632792,-0.113702284534642,0.209,0.226,1
MEST,0.000590140747668408,0.470408817495007,0.017,0.012,1
FIGNL1,0.000590954311248202,0.475916515999286,0.017,0.012,1
MCRIP2,0.00059321135906096,-0.205432057708445,0.083,0.095,1
VARS,0.000595529377769867,-0.29934776747436,0.042,0.051,1
CASC4,0.000599139038852104,0.172162235914752,0.126,0.113,1
BRAF,0.000599321858736878,0.189044616226617,0.116,0.103,1
BTBD11,0.000604557449883741,0.380046842041584,0.027,0.02,1
CCDC22,0.000607740046512051,-0.226692374506944,0.064,0.075,1
P2RX7,0.000611154882847437,-0.42294862245982,0.02,0.026,1
SLC16A5,0.00061162408568453,-0.451664527960472,0.014,0.02,1
SNX3,0.000612169709664265,-0.101224697473823,0.306,0.324,1
DBF4,0.000615592712003249,0.1511728731203,0.175,0.16,1
DDX58,0.000617296890088671,-0.266873549924253,0.053,0.063,1
SERPINF1,0.000622059891226374,-0.37321766410072,0.01,0.015,1
KRT73,0.000628073170224698,-0.551079158624224,0.009,0.013,1
Z97192.3,0.000628754219662976,-0.555215497843607,0.01,0.015,1
NOL7,0.000634280138088321,0.106243321589815,0.313,0.296,1
ZNF575,0.000634413087532991,-0.443966403728902,0.015,0.02,1
POLD4,0.000639315008689235,-0.103939350533694,0.336,0.354,1
ABCC1,0.000640795915629234,0.190572716321316,0.101,0.089,1
ELOC,0.000641739074430417,0.103557628850128,0.24,0.222,1
PSMD5,0.00064469275058012,0.212118490172955,0.072,0.062,1
LINC-PINT,0.000648787858182224,0.170244807318442,0.123,0.11,1
MOB3A,0.000654374680532429,-0.141098048349142,0.147,0.161,1
C2CD2L,0.000655567952864788,-0.359774487435683,0.023,0.029,1
AC022706.1,0.000656350130651513,-0.273316859517371,0.043,0.052,1
RABGAP1L,0.000657091388445518,-0.130897499989985,0.218,0.234,1
SH3BP5,0.000658283549626746,-0.135552913180959,0.186,0.202,1
HINT2,0.000661558087448038,-0.163960531053819,0.122,0.136,1
COMMD8,0.000666374823410436,-0.202594194174366,0.079,0.091,1
MAFIP,0.000669957800617547,-0.576870692907023,0.008,0.012,1
MAN2C1,0.000671488886486526,0.155329298693916,0.135,0.121,1
LMBRD2,0.000672797627093066,-0.357442511448178,0.025,0.032,1
IK,0.000675607503262705,-0.101351918843305,0.293,0.311,1
SLC19A2,0.000676023097643861,0.406189256843815,0.023,0.018,1
LIPA,0.000676075725890617,-0.145042471299733,0.13,0.144,1
SASH1,0.000678002887584822,-0.577646543982934,0.009,0.013,1
DCAF16,0.000679665982606821,0.172765677485648,0.095,0.083,1
AC073332.1,0.000681371149057634,-0.303869154327873,0.033,0.041,1
C4orf33,0.000683947650556013,-0.343470320706668,0.027,0.034,1
SIRPA,0.000692097086720472,-0.226607433479272,0.045,0.053,1
MCM6,0.000695302700141277,0.227086204742257,0.056,0.047,1
AC145124.1,0.0006976584215968,0.405770841805822,0.022,0.017,1
ARPC1A,0.000699516619435827,-0.139682506800884,0.132,0.146,1
HGH1,0.000699787673513173,-0.458600260595405,0.013,0.018,1
DIABLO,0.000704855572255101,0.225448639253284,0.076,0.065,1
MCTS1,0.000705555547222331,-0.157254230627347,0.114,0.127,1
SP2,0.000707398776432051,0.17491590523429,0.093,0.081,1
PRRG4,0.000708544527435055,-0.59466000635055,0.01,0.015,1
MED15,0.000710654936562967,-0.125396114339822,0.23,0.247,1
RANGRF,0.00071278746743496,-0.17100095403283,0.119,0.133,1
AGAP4,0.000716221948608099,0.608626451546861,0.012,0.008,1
GAS7,0.000721057956506549,-0.19862946512609,0.081,0.093,1
ZNF74,0.000726662404744359,-0.560452146209754,0.009,0.014,1
PSMB3,0.000729318966875821,-0.115597098971567,0.302,0.319,1
AC005332.1,0.000730105266583605,-0.533485098609485,0.009,0.014,1
ZNF517,0.000732766413775261,0.624130519831222,0.01,0.006,1
EXOC6,0.000744126868625731,-0.262518114279999,0.049,0.058,1
TIPIN,0.000744511208696125,0.456978464305871,0.021,0.015,1
ETFB,0.000745794828887619,-0.134012692630981,0.184,0.2,1
RCN1,0.000746255811502741,-0.300004374938681,0.042,0.05,1
LIMK2,0.000751310497219313,0.292569002992477,0.046,0.038,1
ZNF195,0.000751361698151481,0.227246459247207,0.07,0.06,1
MZF1,0.00075233822444986,0.224519452554538,0.073,0.062,1
FIP1L1,0.000755797505587587,0.132848503079333,0.186,0.171,1
NUP43,0.000757213140391718,-0.409386172018758,0.016,0.021,1
PHTF1,0.000759217545209693,-0.304166859964261,0.03,0.037,1
NCLN,0.00076030541877743,-0.194937790209503,0.09,0.102,1
METTL3,0.000764266663292248,-0.196977839254932,0.066,0.077,1
NECAP2,0.00076451501787963,-0.123886570853381,0.187,0.202,1
SAC3D1,0.000765788356226307,-0.510752677085541,0.01,0.014,1
ADRA2B,0.00076937505696206,0.72400473836716,0.01,0.006,1
TOP2A,0.000770510736827374,-0.645341043796267,0.006,0.01,1
TMEM185B,0.000771677878804555,0.341522381404021,0.033,0.026,1
TBC1D8,0.000774390188926759,0.387540550321917,0.033,0.026,1
FBP1,0.000775340453068105,-0.218258202856831,0.044,0.052,1
ZNF829,0.0007784653486408,0.510812444124852,0.013,0.009,1
RFTN1,0.000784678877115839,0.141849454144275,0.191,0.176,1
GTPBP4,0.000786533770490536,0.185577393822024,0.112,0.099,1
SAP30BP,0.000786851227933833,0.122980218173049,0.231,0.215,1
ST6GALNAC3,0.000793152332550383,0.598767959729684,0.012,0.008,1
IGFBP3,0.000793354619197369,-0.543596925906844,0.009,0.013,1
ARID4A,0.00079746734827373,0.148386769623932,0.179,0.164,1
SULT1A1,0.000808212712351478,-0.21379770394502,0.101,0.113,1
C15orf40,0.000809594538536848,0.143278280409545,0.132,0.119,1
CDK11B,0.000811743792992732,0.166569126602457,0.149,0.135,1
SYNE3,0.000812611473795902,-0.205749817972661,0.065,0.075,1
GRSF1,0.000816590333835695,-0.114648283278149,0.22,0.237,1
BAG1,0.000820382341727349,-0.120952274693015,0.199,0.215,1
BAZ1B,0.000820952356151272,-0.175623558133059,0.116,0.129,1
FAM50A,0.000827951624066665,-0.129145768859558,0.179,0.195,1
PRPF6,0.000835904582852262,0.131508079992478,0.19,0.175,1
PCDH9,0.000838165724377228,0.584393879171233,0.012,0.008,1
PSMC5,0.000838365205469793,-0.105257064627582,0.286,0.303,1
PFKL,0.000838580082883391,-0.128934713107554,0.201,0.217,1
AL022328.4,0.000840832949462943,0.342089048935713,0.032,0.025,1
THAP1,0.000848803417063562,0.235913596123053,0.065,0.055,1
CAMKK2,0.000851240154754068,-0.265379499514336,0.051,0.06,1
ZRANB2,0.000852995960620369,-0.118415320834253,0.265,0.281,1
SLC66A3,0.000853182910499054,-0.177399178888283,0.127,0.14,1
ZSCAN25,0.000853963835620576,0.267806260349208,0.048,0.04,1
COG7,0.000858340504263244,-0.245887439735878,0.038,0.046,1
SETD7,0.00085934073819614,-0.251855162995517,0.042,0.05,1
SGK1,0.000865457040835425,-0.327220333315811,0.116,0.128,1
LINC00641,0.000870596964321362,0.53421207993069,0.016,0.012,1
ZNF780B,0.000878366149656969,0.313079852452333,0.035,0.028,1
SMIM20,0.000879210751356146,-0.183823259078944,0.091,0.103,1
KIAA1328,0.000890886673434871,0.25886200564111,0.051,0.042,1
COQ4,0.000891108417931582,-0.173728205116269,0.1,0.112,1
CNOT3,0.000893339158756494,-0.196667526644116,0.08,0.091,1
NPLOC4,0.00089668019926171,-0.232655542641364,0.056,0.065,1
TSPAN5,0.000897688947120274,0.275737936165757,0.043,0.036,1
LPCAT4,0.000899828396210649,-0.182958097216645,0.086,0.098,1
BOP1,0.000901068079487635,-0.204495808538948,0.07,0.081,1
TTLL3,0.000904787888324104,-0.23440794285016,0.047,0.056,1
MRPL22,0.000907598754025321,0.154703406785174,0.11,0.098,1
PRR34-AS1,0.000912279675704287,-0.295902304269298,0.036,0.043,1
NKIRAS1,0.000915158214181303,0.559519210532204,0.014,0.01,1
TLR2,0.000918558256404824,-0.145287318477459,0.055,0.065,1
GAREM2,0.000919357739442876,0.54271092284565,0.014,0.01,1
PDK4,0.000921943157337963,0.537620740367358,0.014,0.01,1
TEDC1,0.000928884531033584,-0.381175692354369,0.017,0.023,1
PROCA1,0.000929912189949881,-0.597979546079941,0.007,0.011,1
THOC6,0.000936257409595745,-0.22905538161447,0.064,0.074,1
NAE1,0.000943140068088027,0.153660118389421,0.137,0.124,1
MINDY2,0.000944361990305423,0.187456435938687,0.101,0.089,1
CREG1,0.000946273855442733,-0.219349260015048,0.076,0.087,1
CBR4,0.000946607147875117,-0.305396812147165,0.032,0.04,1
ZNF593,0.00094718417789404,0.194567962695008,0.093,0.082,1
ZNF253,0.000950864821881864,0.375739491156081,0.029,0.023,1
LINC02356,0.000952459309436005,-0.672171644189456,0.006,0.01,1
CCZ1B,0.00095794558864568,0.416128966406609,0.026,0.02,1
FLOT1,0.000958826911836291,-0.114397081321965,0.186,0.202,1
KLF9,0.000964647303310848,-0.129702774923246,0.172,0.188,1
TBC1D10B,0.000971971668458718,-0.313905863164528,0.031,0.038,1
SLC25A26,0.000976594440929426,0.190569043177871,0.1,0.088,1
PLCB1,0.000977507281565217,0.284234559946386,0.036,0.028,1
SSH3,0.000981741257571314,-0.343881426924618,0.022,0.028,1
TNFRSF18,0.000983492250257182,0.335863122647328,0.032,0.025,1
NEIL1,0.000985487757656066,0.440180872591653,0.029,0.023,1
MTPN,0.000986471968622418,-0.118870094398823,0.295,0.311,1
SDHAF1,0.000994338288673448,0.261648015701204,0.056,0.047,1
EVI2A,0.000994474590748103,0.160126727403633,0.13,0.117,1
DCTN4,0.000995684879600556,0.162151551825096,0.156,0.142,1
ZNF557,0.000997951997143954,0.300035704528392,0.036,0.029,1
CCR2,0.00100411589209769,-0.529591182504993,0.009,0.013,1
MCEMP1,0.0010087311207665,-0.285601467012778,0.024,0.031,1
PPP4R3A,0.00101037262284428,0.139956766177987,0.181,0.166,1
FBXO25,0.00101074364902381,0.197897598342474,0.095,0.084,1
ITM2A,0.00101138800989044,-0.126169830042023,0.241,0.257,1
DPH6,0.00101186641096621,-0.284361587550514,0.035,0.043,1
SLC35A4,0.00101314834757119,-0.174613555457749,0.098,0.11,1
ZRSR2,0.00101768356120373,-0.169724437141481,0.11,0.122,1
AC016773.1,0.00101823744146962,-0.555446126097777,0.008,0.011,1
TIPRL,0.00102142653123133,-0.140756960847931,0.121,0.134,1
YTHDC1,0.0010221297136026,0.107796676417242,0.279,0.263,1
LILRA2,0.00102491797391732,-0.139558131574772,0.063,0.073,1
NFATC2IP,0.00102503365975401,-0.159716020146518,0.112,0.125,1
DRAM2,0.00103560710088241,-0.129584915605557,0.137,0.151,1
TIMM8B,0.00103635167549944,-0.173064472463183,0.111,0.124,1
MTRNR2L8,0.00103683988793782,0.101500513859429,0.245,0.228,1
SDHB,0.00104113905978489,-0.110429581245084,0.177,0.193,1
PEAK1,0.00104375662977015,0.359494602224212,0.03,0.024,1
MED23,0.00104672987223883,0.177400001559025,0.092,0.081,1
HDAC5,0.00105043835816127,-0.176440344578936,0.103,0.116,1
IL2RB,0.00105198343115601,0.208340870491249,0.186,0.172,1
LARP4B,0.00105383327529793,-0.248458834686933,0.056,0.065,1
GATAD1,0.00105557708200586,-0.273147103804447,0.039,0.047,1
NELFCD,0.00106321667333145,-0.141150532765587,0.153,0.167,1
ATG9A,0.00106986503558222,0.196835448074202,0.078,0.068,1
PLA2G15,0.00107558906318655,-0.460815588421123,0.013,0.017,1
ZNF17,0.00107626161381454,0.478549479906337,0.017,0.012,1
WDR46,0.00107808375669181,-0.19374629225584,0.088,0.099,1
AC233976.1,0.00107912081972267,0.52125729415847,0.015,0.01,1
ZNF611,0.00108005113283448,0.281660204093339,0.041,0.034,1
AC018521.5,0.00108314391799288,0.276573642524193,0.037,0.03,1
AC015871.1,0.0010860248955911,-0.343723473954591,0.023,0.03,1
NDUFAF3,0.00108655420417605,-0.120850772343997,0.17,0.185,1
AC092620.1,0.0010923248603102,-0.586924357570945,0.007,0.011,1
PRIMPOL,0.00109650267212554,-0.357328143455658,0.025,0.031,1
BTBD9,0.00109760444369327,0.250746188914131,0.059,0.05,1
IRF2,0.00110326624705388,-0.159196770614781,0.132,0.145,1
GSKIP,0.00110980366025645,0.275756594741118,0.04,0.033,1
GABBR1,0.00110995442934634,-0.269294976464238,0.041,0.049,1
IGF1R,0.00111667726901286,0.32062939366446,0.031,0.024,1
APBB1,0.00111690151897653,0.183276135767005,0.114,0.102,1
MDH1,0.00111959146344027,-0.141430370062976,0.18,0.195,1
ARF4,0.00112387348210978,0.125346261869293,0.217,0.201,1
FADS2,0.0011261818625908,-0.680033761962426,0.007,0.01,1
GTPBP8,0.00112721856090318,0.221232284452214,0.05,0.042,1
SRD5A1,0.0011292035121758,-0.325878504830605,0.024,0.03,1
TYW1B,0.00113088354017591,0.365095613527233,0.024,0.018,1
CENPP,0.00113654606288851,-0.527685154196269,0.01,0.014,1
PARP6,0.00113905000699862,0.160398029392437,0.127,0.114,1
GTF3C2,0.00113955113127458,0.186973340423965,0.089,0.078,1
BCL2L1,0.00113982845664075,-0.295377263994738,0.052,0.061,1
LINC01215,0.00114489996899892,0.24239399595923,0.057,0.049,1
TARS2,0.00115275273068899,-0.279989465601477,0.039,0.047,1
CTDSPL2,0.00115292590711321,0.159715673793107,0.11,0.098,1
PEX11G,0.00115298487199261,0.558125975232338,0.013,0.009,1
TFPT,0.00115358651843392,-0.244888689235008,0.049,0.057,1
ARPIN,0.00115376370773787,-0.486895539239673,0.012,0.016,1
NGRN,0.00115548366535907,0.143592872574147,0.155,0.141,1
PELO,0.0011569070340288,0.334687743744339,0.033,0.026,1
BLK,0.00115834106370715,-0.279095370409125,0.048,0.057,1
MAP7D1,0.00116085572875917,-0.148914311428077,0.157,0.171,1
NFATC2,0.00116170558872664,0.12553260845237,0.199,0.184,1
TTC24,0.00116897417654141,-0.319962721901511,0.029,0.036,1
WDFY3,0.00117358448912922,-0.447199593904332,0.014,0.019,1
SPAG9,0.00118042264985184,0.155796915755177,0.139,0.126,1
TMEM167A,0.00118448131709559,-0.165776323782774,0.125,0.138,1
NFATC1,0.00118526746571827,0.163783217897902,0.128,0.116,1
MBD6,0.00119038745451533,-0.198667634522587,0.085,0.096,1
SURF2,0.00119646662471813,-0.173617746371217,0.092,0.103,1
ITGB3BP,0.00119659273019632,0.245870142340335,0.052,0.044,1
KAT5,0.00119875097645128,0.168016310925963,0.094,0.083,1
MXRA8,0.00120410111597892,0.484538004985679,0.014,0.01,1
HMGXB3,0.00120693474203238,0.194881557966516,0.099,0.087,1
CENPC,0.00120856916078994,0.111117162061315,0.252,0.235,1
TMTC4,0.00120932366804939,-0.391004147595688,0.018,0.023,1
AC093495.1,0.00121403999124588,-0.50286009278247,0.012,0.017,1
BANF1,0.001215460203295,-0.116222683177102,0.208,0.223,1
TBC1D2,0.00121744188539078,-0.336601003486705,0.025,0.032,1
TUT7,0.00122729148663993,-0.116777560644082,0.13,0.144,1
PFKFB4,0.00122771864097432,-0.35757307799344,0.02,0.026,1
SCPEP1,0.00122979502356018,-0.201782690291609,0.112,0.124,1
SIPA1,0.00123188186975595,-0.134967394748275,0.157,0.171,1
LINC02193,0.00123445306761057,-0.576355115860757,0.008,0.011,1
PIGH,0.00123588961058261,0.183841524562282,0.094,0.083,1
PDRG1,0.00123701533581752,0.261991755794896,0.053,0.044,1
KLF11,0.00123985572242355,0.245097057352387,0.075,0.065,1
FAM219B,0.00124095387822292,-0.216524904928026,0.063,0.073,1
RRP1B,0.0012441520712742,0.118185828537167,0.17,0.155,1
TOLLIP,0.00124705820637445,-0.180583057261919,0.091,0.102,1
PTPRN2,0.00125221530575356,-0.32309921724715,0.02,0.026,1
PRR5L,0.00126006626028205,-0.284763620447331,0.032,0.039,1
EZR,0.00126452567530235,0.133087904424368,0.501,0.484,1
PI4K2B,0.00126681293582226,0.292580350242494,0.032,0.026,1
EAF1,0.0012700753588071,0.188814724140856,0.077,0.067,1
ANXA4,0.00127276449148368,-0.231696253527405,0.068,0.078,1
RINT1,0.00127595494350276,0.280787394169887,0.044,0.036,1
AC018607.1,0.00127936659789645,-0.622843931825888,0.007,0.01,1
GDPD5,0.00128300868591521,-0.268883184767742,0.03,0.037,1
MAPK6,0.00128752072648196,0.210992739898445,0.09,0.079,1
SMIM14,0.00130150895627029,-0.21485561863599,0.087,0.098,1
MRPL53,0.00130335198827381,-0.213762213464691,0.056,0.065,1
MFSD9,0.00131135104411359,0.444270264032649,0.021,0.016,1
SH2D1B,0.00131337215536356,0.330162005143462,0.042,0.035,1
TACO1,0.00131340951572101,0.22374606692775,0.066,0.057,1
IGSF8,0.00131494118206664,-0.189127308380933,0.101,0.113,1
STK38L,0.00131831828776879,0.277674516321134,0.048,0.04,1
DUSP6,0.00131999614457803,-0.367306108132009,0.071,0.081,1
IAH1,0.00132861005989876,-0.126381691484906,0.141,0.155,1
ARCN1,0.00133144830033355,0.17206754292526,0.12,0.108,1
TTF2,0.00133523625563362,-0.246799424711046,0.041,0.049,1
FNIP2,0.0013406477833826,0.340454970263975,0.029,0.023,1
DIDO1,0.00134301929847404,-0.129214253253438,0.144,0.158,1
NHSL2,0.00134558047948047,-0.35409018951285,0.023,0.03,1
DCPS,0.00134619741884882,-0.218296502416884,0.061,0.071,1
WAKMAR2,0.0013476035291314,0.176067297985659,0.076,0.065,1
CASP3,0.00135756359169352,-0.196048908966091,0.06,0.07,1
SSR3,0.00135871789305614,-0.114649671558835,0.21,0.226,1
SRSF8,0.00136917405490508,0.122765760098577,0.216,0.201,1
AC022098.1,0.00137052447112106,-0.329832534732074,0.03,0.037,1
PAIP2B,0.00137285497335923,0.526417115505,0.013,0.009,1
FAM110A,0.0013739866994823,-0.194748590744077,0.058,0.068,1
ARPC5L,0.0013757344869159,-0.135215435210944,0.236,0.25,1
GNB5,0.00138323036954476,0.213058575830306,0.09,0.079,1
MSL1,0.00138486452138734,-0.180047843063853,0.08,0.091,1
THAP5,0.00138614431286277,0.236809114112916,0.05,0.042,1
ICOS,0.00139122082172607,0.22755499892004,0.072,0.063,1
FAM120B,0.00140571204393066,0.194180665328834,0.087,0.076,1
ZNF461,0.00140710711463291,0.422120782032062,0.018,0.013,1
FYN,0.00141078874455915,0.103410309032615,0.346,0.33,1
GEMIN4,0.00141109691922482,0.371103371953739,0.03,0.024,1
SIKE1,0.00141225979114313,0.188847497418424,0.091,0.081,1
UGP2,0.00141750320037295,-0.132917806338658,0.169,0.183,1
BLNK,0.00142234545259554,-0.349035599911329,0.026,0.033,1
MIR17HG,0.00142405879601747,0.524968522499952,0.011,0.008,1
APOBEC3F,0.00143239560620747,-0.359009651823455,0.02,0.025,1
MASTL,0.00143312051598271,0.38680998773525,0.021,0.016,1
PPP1R21,0.00143358244366041,-0.185230984398528,0.077,0.087,1
NAA50,0.0014384879720408,0.155884332964813,0.139,0.126,1
AC078785.1,0.00144673230973068,-0.551877410471745,0.007,0.01,1
TMEM30B,0.00145342740009206,0.510244301436053,0.014,0.01,1
COPZ1,0.0014561527810842,-0.138940143480647,0.162,0.176,1
AC017083.1,0.00145895437748226,-0.671457867782613,0.007,0.01,1
BTBD2,0.00146266718262525,-0.272443186318475,0.035,0.042,1
NOTCH2NLC,0.001464742502837,0.249170459927713,0.057,0.048,1
TSTD2,0.00146673778082545,0.255534365442576,0.046,0.038,1
IST1,0.00146861226333425,0.101156597315767,0.172,0.157,1
P3H1,0.00147536300188513,-0.249889370293375,0.044,0.053,1
ZNF678,0.0014794390259111,-0.40296152272835,0.016,0.021,1
FAM50B,0.00148317128409806,0.417440834990457,0.019,0.014,1
CHMP1B,0.00149193617481664,0.144103271735934,0.157,0.144,1
VEGFA,0.00149387715743979,0.331120046512262,0.03,0.024,1
MIATNB,0.00149476618180973,-0.230142430547644,0.055,0.064,1
RRAGA,0.00150092924963404,0.170098888936514,0.102,0.091,1
CHCHD10,0.0015010368740573,-0.104521473095041,0.298,0.314,1
RCN2,0.00150519783650839,0.129254459386287,0.192,0.177,1
ZNF432,0.0015052269132815,0.417287893715969,0.019,0.014,1
WNT7A,0.00150884490261666,0.386209036576373,0.029,0.022,1
FBH1,0.00151212190151939,-0.240033394116612,0.049,0.058,1
GRIPAP1,0.00151515561536488,-0.168430662862011,0.099,0.111,1
HS3ST3B1,0.00151910639556684,0.370847407039758,0.028,0.022,1
CLCF1,0.00152241533514384,0.323708639723391,0.032,0.025,1
USP20,0.00153346458656673,0.205082600153224,0.091,0.081,1
DENND11,0.00153604836467971,0.30396664217134,0.041,0.034,1
TREX1,0.00153896527690885,-0.301947398856474,0.03,0.037,1
PACSIN2,0.00154533633827784,0.227634357265499,0.071,0.062,1
DIMT1,0.00154914571321125,0.186712909539149,0.089,0.078,1
NUP54,0.00155133766676856,0.166787317090581,0.109,0.098,1
KLF12,0.00155465698163669,0.10531714202423,0.173,0.159,1
OSM,0.00157047197528905,-0.325843877794984,0.084,0.094,1
AKR7A2,0.00157073586279387,-0.141436275770847,0.131,0.144,1
SIGLEC9,0.00157200602903286,-0.391373548453138,0.02,0.025,1
ATXN7L3B,0.00157607174184189,0.118184199400923,0.188,0.173,1
COPB2,0.00158695144733497,0.13993796726067,0.115,0.103,1
MMGT1,0.00158843983135288,0.157533483675181,0.118,0.106,1
AATBC,0.00159781883958983,-0.683948811965809,0.006,0.01,1
NT5C,0.00159978338376802,-0.115178555556271,0.227,0.243,1
LILRB4,0.00160608505401075,-0.227843264266117,0.036,0.043,1
TTLL12,0.00160864226843245,-0.312908395073412,0.024,0.03,1
NME3,0.00160962963773802,-0.125876616313113,0.216,0.23,1
ZNFX1,0.00161496853868871,0.120567381251231,0.168,0.154,1
RNASEH1,0.00161682827130858,0.153610638217699,0.138,0.125,1
B3GLCT,0.00161851438340046,0.305814675768914,0.034,0.027,1
CCDC107,0.00162235518805121,-0.127603608869602,0.169,0.183,1
RAB11A,0.00162590628676117,-0.145644842609953,0.196,0.211,1
TET3,0.00163385066517168,-0.27748720686678,0.032,0.038,1
TREM1,0.00163752097789844,-0.116581195288099,0.054,0.063,1
ARMC10,0.00163937063263043,-0.20765455174346,0.064,0.073,1
SLC25A45,0.00164086680758386,0.165674307961902,0.116,0.104,1
AC215522.2,0.00164818902215553,0.514613668891117,0.011,0.008,1
SEMA4A,0.0016533582547585,-0.289820842567106,0.036,0.043,1
NOMO3,0.00166184432996182,-0.521548348718921,0.009,0.013,1
LILRB1,0.00167382978628335,-0.109337235897276,0.097,0.108,1
MZB1,0.00167614795123256,0.472608965738674,0.028,0.022,1
ZNF140,0.00168788469281348,0.354308234179181,0.026,0.02,1
DDX56,0.00169189469541248,0.14771992468514,0.114,0.102,1
FXYD6,0.00169220818604067,-0.514411857786577,0.011,0.016,1
DCBLD1,0.00169857715715132,-0.461393475487086,0.011,0.015,1
MCTP2,0.00170817120774178,0.175384084709724,0.1,0.089,1
CFH,0.00172584768607192,-0.492709015953294,0.009,0.013,1
EXOSC7,0.00173277488190067,0.182877818603806,0.08,0.07,1
TMED3,0.00174632806090969,-0.162222497885145,0.112,0.124,1
DLEU1,0.00174740245220198,-0.284272364319038,0.03,0.036,1
PIK3R5,0.00174757940692644,0.108887300359581,0.224,0.209,1
FAM207A,0.00174958370313908,-0.211525054235549,0.06,0.069,1
DESI1,0.00176141965248653,-0.189980651853971,0.075,0.085,1
SYT11,0.00176840322601995,-0.233549878175905,0.049,0.058,1
NT5C2,0.00177389473217929,0.168109529356577,0.101,0.09,1
DOCK9,0.00177677900845321,0.266034531660082,0.039,0.032,1
METTL17,0.0017920756877264,0.126184876641894,0.134,0.121,1
MAN2A2,0.00179441290900284,-0.237391801288982,0.05,0.058,1
METTL16,0.00179862496847131,0.18217920951331,0.089,0.078,1
ARFRP1,0.00179952790769547,-0.182034813668184,0.094,0.105,1
CHAF1A,0.00180518297128429,-0.393598923548556,0.017,0.022,1
POLR3F,0.00180869218810129,0.277330430951479,0.046,0.038,1
KLHL24,0.0018141115561305,0.126207700027055,0.186,0.172,1
MED26,0.00181950880332906,0.273068163683957,0.035,0.029,1
TXNDC11,0.00182177720474468,0.147077927911894,0.148,0.135,1
SLC35B2,0.0018236389753,-0.201290088377214,0.066,0.076,1
SECTM1,0.00182876307084011,-0.351749756198142,0.02,0.025,1
NTPCR,0.00182968998802694,-0.218536951590923,0.052,0.061,1
NAPB,0.00183520485982952,-0.304049039247357,0.023,0.029,1
LPAR2,0.00183724915346302,-0.195086474447884,0.072,0.082,1
GLI4,0.00184667126993453,-0.245215637609239,0.04,0.048,1
NEK1,0.00185123939981231,0.148914791063985,0.092,0.081,1
SPG7,0.00185503008231615,-0.12419896334222,0.213,0.228,1
WDR89,0.00186684679695269,0.332192540370833,0.039,0.032,1
TSPYL4,0.00187092151301201,0.176462414332191,0.095,0.084,1
AC060780.1,0.00187227391220486,-0.358526953409169,0.018,0.023,1
SNX18,0.00187265148802893,0.221621398265281,0.063,0.054,1
PHKG2,0.00187362715414609,-0.136549055660164,0.138,0.151,1
TINF2,0.0018812166879574,0.136589092539472,0.168,0.154,1
MPND,0.00189371379426536,-0.387154845195168,0.013,0.017,1
QSOX2,0.00189607216467805,0.431836570537716,0.021,0.016,1
PRDM4,0.00190114519684976,0.271242948016096,0.052,0.044,1
PLCH2,0.00190375782284602,0.352756173155243,0.024,0.019,1
RBM15B,0.00190819596153894,0.216479221969945,0.066,0.057,1
STIP1,0.0019082614212177,-0.177934411394843,0.075,0.085,1
RPS6KB1,0.00190989174873052,0.192222095948797,0.088,0.078,1
AP005482.1,0.00191655157771979,-0.455963679687782,0.013,0.018,1
ZNF667-AS1,0.00191792062590671,0.433656519851508,0.019,0.015,1
DUSP5,0.00191812509825827,0.191676470729698,0.075,0.065,1
ZEB1,0.00192216723459005,0.17531612579054,0.1,0.089,1
ZNF597,0.00192516788325399,0.495224683782927,0.015,0.011,1
CABP4,0.00192761815481922,0.585028325218349,0.01,0.007,1
KIAA1586,0.00193119887384593,0.247467320969861,0.044,0.036,1
SIPA1L1,0.00193261909018368,0.175336945669466,0.102,0.091,1
RNF115,0.00193511000283322,0.137120478171011,0.18,0.166,1
TBC1D9,0.00194131066820964,-0.287167643682203,0.03,0.037,1
MTRES1,0.0019431021503281,0.242576205366616,0.047,0.039,1
SUV39H1,0.00194383393918212,0.36566628204263,0.025,0.02,1
KIAA0753,0.0019482288825593,-0.452127579532235,0.012,0.017,1
ZNF582-AS1,0.00195168290397376,0.556332693409288,0.011,0.008,1
WRNIP1,0.00195664663746101,-0.291593615653985,0.029,0.036,1
KDM3A,0.00195676163292066,0.171514303379163,0.098,0.087,1
TEX30,0.0019628099126072,0.346231892731379,0.027,0.021,1
DHX40,0.00196589223617282,0.179494122382231,0.089,0.079,1
RLN1,0.00199672362218821,-0.518905934142293,0.009,0.012,1
TGS1,0.00201251805858835,0.142837443816421,0.138,0.126,1
ATXN7L2,0.00201309358744212,0.396810588066271,0.025,0.019,1
WASHC3,0.00201483780287761,-0.17239032890998,0.105,0.117,1
RASGRF2,0.00201654677665536,0.305116394293136,0.033,0.026,1
SCRN2,0.0020213939687343,0.15235106103886,0.124,0.112,1
PACRGL,0.00202231440139101,-0.443560182399768,0.013,0.017,1
MEF2B,0.00203452698444028,-0.361569522378636,0.018,0.024,1
CNTROB,0.00203732205072305,-0.3767066501806,0.02,0.025,1
MITD1,0.00205726215679245,-0.142988447163421,0.13,0.143,1
ST3GAL1,0.00206709287361422,0.102493954478895,0.303,0.287,1
AP002381.2,0.00207188906379039,-0.300152708097198,0.03,0.036,1
CD40LG,0.00207328786206004,0.157749331730524,0.084,0.073,1
AC245407.2,0.00207703009255775,0.126918678563515,0.125,0.112,1
ZFP90,0.0020844180240499,0.15875845369637,0.108,0.096,1
NUFIP1,0.00209045583803135,0.303172647658397,0.041,0.034,1
MAP4,0.00209524867820523,-0.167362365503287,0.125,0.138,1
SLF2,0.00209733595779754,-0.231132810817299,0.045,0.053,1
LINC00963,0.00211726738551525,-0.197960369901995,0.07,0.079,1
CHAMP1,0.00212001849319108,0.261405773385738,0.048,0.041,1
STOM,0.00212080656948982,-0.20203382175451,0.131,0.143,1
RCE1,0.00212679336729096,0.158135950741127,0.109,0.097,1
MEF2A,0.00212845578187067,-0.176617010204498,0.128,0.14,1
PPFIBP2,0.00213837715964562,-0.269813278981359,0.033,0.04,1
SOS1,0.00214602668839669,-0.234699930558589,0.044,0.052,1
IGKC,0.00215238813924745,0.116353494401693,0.058,0.067,1
NAA10,0.00215278221212258,-0.126254669215903,0.143,0.157,1
HEMK1,0.00215463491988202,-0.211178889438504,0.055,0.063,1
RHBDD2,0.0021563130660806,0.119325942214933,0.21,0.195,1
C2orf27A,0.00216473453151745,-0.419814371735686,0.015,0.019,1
SARM1,0.00216682389844919,-0.334892445794623,0.024,0.03,1
CNBD2,0.00216688791276076,0.152461358850161,0.087,0.076,1
AL121787.1,0.00217276294439876,0.640676354768264,0.01,0.007,1
CRAMP1,0.00217691084733981,0.372048374169,0.023,0.018,1
TLR6,0.00218505022135541,-0.555446126097777,0.008,0.011,1
ARRB1,0.00218949767704676,-0.207208161364032,0.07,0.079,1
CUEDC2,0.00219783227152624,-0.130738398437302,0.134,0.146,1
RCOR1,0.002198912769891,0.169866214951511,0.088,0.078,1
FBXO38,0.00221676405024587,0.223617433555646,0.063,0.054,1
SLC15A4,0.00222184401446164,0.286519754944432,0.049,0.041,1
ELP3,0.00222413672456345,-0.245887439735878,0.046,0.054,1
ZNF606,0.00222476254200076,0.355994547221788,0.025,0.02,1
PSME4,0.0022300808252639,0.15781858718698,0.115,0.104,1
FAM120C,0.00223130317094071,0.31175093246718,0.033,0.027,1
ADPRM,0.00223288849720308,0.210701971108052,0.078,0.069,1
NMRAL1,0.00223403744257777,-0.141625643106013,0.118,0.13,1
WDR81,0.00225199308727643,-0.26369124672767,0.031,0.038,1
TRIP11,0.00225257484317383,-0.149664812861213,0.119,0.132,1
AC016065.1,0.0022562807945282,-0.390527144767442,0.015,0.02,1
TRIM8,0.0022567279916452,-0.130395207302533,0.139,0.152,1
METTL6,0.00229354648611971,-0.380872621077399,0.016,0.021,1
ETNK1,0.00229806183018279,-0.13766181264081,0.134,0.146,1
ZNF527,0.00230515550402558,0.413075642429055,0.016,0.012,1
MSC-AS1,0.00232299120152568,-0.457882412569207,0.01,0.014,1
SH2D1A,0.00232380134201331,0.138162885641345,0.139,0.127,1
IRS1,0.00232426212734236,0.55057916617899,0.011,0.007,1
POFUT2,0.00233215626208558,0.2094797033093,0.067,0.058,1
USP14,0.00234152002487179,0.136543886489523,0.129,0.117,1
ZNF267,0.00234298334423516,0.174947174701447,0.108,0.097,1
AL109811.2,0.00236474127223548,-0.483546617725636,0.011,0.015,1
KIAA0040,0.00237830675242721,-0.18878703250536,0.07,0.079,1
PDXK,0.00237866999249809,-0.245465074208192,0.05,0.058,1
S100Z,0.00238131035395131,-0.351152906433297,0.018,0.023,1
DGAT2,0.00238687453909226,0.565078735874105,0.012,0.008,1
AKT3,0.00238748733225143,0.20278982394926,0.059,0.051,1
CLEC4A,0.00239025157363517,-0.195237345569482,0.051,0.059,1
TMEM245,0.00239578533301263,0.173527488498806,0.079,0.07,1
ZNF121,0.00240232227043501,0.198718749501764,0.071,0.062,1
STK32C,0.00241942542287495,-0.251665932271099,0.033,0.04,1
USP16,0.00242321029341709,0.124426496308875,0.211,0.197,1
NRBP1,0.00244406676341776,0.11398592224981,0.202,0.188,1
SIL1,0.00246491909850457,-0.215600442446007,0.051,0.06,1
HEXB,0.00246504472155034,-0.109238593167864,0.135,0.148,1
NUDT14,0.00247449700211076,-0.244135205622075,0.04,0.047,1
IKBKG,0.00247931365223534,-0.15437517235625,0.104,0.116,1
IQCG,0.00248382323415126,-0.338317022372431,0.022,0.028,1
HERC4,0.00249176723480061,-0.163571590080098,0.077,0.087,1
AC027290.1,0.00249557380303751,0.462170191957225,0.015,0.011,1
ERICH6-AS1,0.002509417143735,0.317106583898333,0.032,0.026,1
IMMP2L,0.0025114510845051,0.20925601352509,0.059,0.051,1
AC008555.4,0.00251787977047151,-0.158375325272505,0.112,0.124,1
AC078883.1,0.00253003571131978,-0.237306534495079,0.038,0.045,1
TBRG4,0.0025450588954599,0.176654412841005,0.097,0.087,1
LATS2,0.00255561488609773,0.234895926424931,0.047,0.04,1
SLC12A9,0.0025696282017627,-0.204875270246012,0.068,0.077,1
SUMF1,0.002596413337699,-0.19883840446019,0.064,0.073,1
SNHG10,0.00259832906144648,-0.230287233939978,0.052,0.06,1
P2RY10,0.00259971137891988,0.135925885111141,0.127,0.115,1
FIG4,0.00260117183769831,-0.235258652464822,0.043,0.051,1
C11orf1,0.00261595795372902,0.207717399308517,0.081,0.071,1
AC103691.1,0.00263128118464261,-0.371037900093908,0.016,0.021,1
ZC3H4,0.00263424930124948,-0.228564992713841,0.043,0.05,1
MRPS22,0.00266381479055631,0.178089654247166,0.091,0.081,1
ERVK3-1,0.00266905495136497,0.153410863145325,0.131,0.119,1
AKIRIN1,0.00267065202465729,0.104259243112565,0.216,0.201,1
EOMES,0.00267352988443399,-0.269678268695727,0.044,0.051,1
NPIPB5,0.00267482529811464,-0.176471212454281,0.086,0.096,1
STK40,0.00268375028155239,0.220738602288809,0.064,0.056,1
SARS2,0.0026852819320544,-0.231284772094853,0.044,0.052,1
DDX43,0.00270286070799284,0.437188098545863,0.02,0.015,1
IRF2BPL,0.0027216977206831,0.173784696519239,0.085,0.075,1
SLC16A11,0.00272851408450437,0.470271044010598,0.015,0.011,1
WBP1L,0.00273135073125506,-0.226405600927526,0.056,0.064,1
FBXL14,0.00273670197485454,-0.431006214122512,0.011,0.016,1
SNCA,0.00273885139043769,-0.369332922498319,0.011,0.015,1
GNA15,0.00275214297868066,0.238774615172005,0.06,0.052,1
NHP2,0.00275277971911388,-0.103197151693946,0.263,0.278,1
GIGYF1,0.00276052653268812,-0.197661656612885,0.06,0.068,1
SMAD5,0.0027763228346191,-0.239746902815799,0.048,0.056,1
CR1,0.00278245363331151,-0.245479264590734,0.037,0.045,1
API5,0.002782846224919,0.112694814922496,0.165,0.152,1
PIGBOS1,0.00278665036924613,-0.192318758196914,0.07,0.079,1
AXIN2,0.00281068718783451,0.469659170795422,0.015,0.011,1
NIPA2,0.00281200527107198,0.172286664286691,0.109,0.098,1
PIK3CA,0.00281223690694914,0.193266382106609,0.062,0.054,1
RAB33B,0.00281612873435364,0.294791624433346,0.036,0.029,1
KPNA4,0.00281645169128725,0.150041236595261,0.099,0.089,1
SECISBP2L,0.00281803397908183,0.121601825282583,0.167,0.154,1
IQSEC2,0.00283338891450089,-0.402286858229915,0.017,0.022,1
PRKD3,0.00283583319397767,0.189094013159036,0.091,0.081,1
RPUSD2,0.00283804060770045,-0.189436853383244,0.051,0.059,1
TCERG1,0.00284617052555485,0.142650364688752,0.169,0.156,1
ADGRL1,0.00285356885690667,0.422294172458433,0.017,0.013,1
SETD1B,0.00285599990196682,0.168944054198553,0.109,0.098,1
KLHDC10,0.00286830566912874,-0.358870601144071,0.022,0.027,1
MED14,0.00287568310076836,0.255174785403105,0.047,0.039,1
HHAT,0.00289720973640356,-0.497287145086269,0.009,0.013,1
FLII,0.00289800007521197,-0.1116506163351,0.172,0.186,1
PIK3AP1,0.00290097068873372,-0.179845355561322,0.084,0.094,1
POGZ,0.00291398325065716,0.138999065803676,0.15,0.137,1
MTRNR2L1,0.00291579414270191,0.544987317934636,0.012,0.008,1
TRAPPC3,0.00291643624196243,-0.140426932227858,0.127,0.139,1
ACRBP,0.00291865066673685,-0.630480723557684,0.013,0.017,1
HDAC10,0.00291930871123786,-0.124913272770196,0.15,0.163,1
PRPF19,0.00293214285030283,-0.163218638345998,0.095,0.106,1
RBM18,0.00293687229721792,0.214593624464375,0.072,0.063,1
WDFY4,0.0029393329268829,-0.215428284985362,0.036,0.043,1
TXNL1,0.0029457670823603,-0.105706535514623,0.192,0.206,1
CHERP,0.00294678256933731,0.165568629452141,0.1,0.089,1
HSD11B1L,0.00295506969470027,0.578884535399135,0.01,0.007,1
MTX1,0.00296341733291049,-0.178581510866109,0.084,0.094,1
RAB30,0.00297286864049535,0.259745780258801,0.085,0.076,1
ZNF786,0.00297557902616764,0.417662911924706,0.018,0.013,1
RCCD1,0.00298316223910905,-0.37860712144622,0.013,0.018,1
TAF4B,0.00298854690487168,0.278426115734273,0.04,0.033,1
C5orf22,0.00299375411776426,0.253732539637486,0.042,0.035,1
DPP4,0.00300667394944566,0.198744428170942,0.065,0.056,1
GMDS-DT,0.00303327428176723,-0.190058916935985,0.054,0.062,1
MRPL21,0.0030459181351701,-0.13068429711027,0.132,0.144,1
PLEKHM3,0.003047868970492,0.286318500143116,0.033,0.027,1
POLR2G,0.00306161659392125,-0.12275122650451,0.21,0.224,1
NT5C3B,0.00306195734086052,-0.198268302718732,0.065,0.073,1
ADHFE1,0.00306408062467978,-0.236570227895876,0.042,0.049,1
RPS10-NUDT3,0.00306535580349883,-0.299877054912927,0.03,0.036,1
DIS3L,0.00307982284104345,0.171618315133715,0.068,0.06,1
RTN1,0.00308340109607987,-0.436432731043494,0.012,0.016,1
DIPK2A,0.00308417576889122,0.242810342591277,0.051,0.043,1
AC084198.2,0.00309028440916648,-0.465460845085278,0.009,0.013,1
MRPS33,0.00309330542977244,-0.143751068695891,0.101,0.112,1
RCL1,0.00310015718923829,0.24023904556684,0.049,0.042,1
KMT5B,0.00310496119418594,0.201899733265018,0.066,0.057,1
DTNB,0.00312032839632604,0.201696213815024,0.059,0.051,1
CYP51A1,0.00313936207711038,0.169886047992132,0.096,0.086,1
MRPS5,0.0031582999848503,-0.143001264214623,0.128,0.14,1
NHEJ1,0.00316399165127307,0.243150640986743,0.042,0.035,1
BIRC2,0.00316776320630007,0.106437529329614,0.205,0.191,1
NIPAL2,0.00318278581149032,-0.378454312466867,0.015,0.02,1
MSL3,0.00319921634469608,-0.134028997467662,0.156,0.169,1
AL109955.1,0.00320287992520962,0.273273002589532,0.031,0.025,1
NBR2,0.00320526598650751,0.44098163899894,0.015,0.011,1
MOSPD1,0.00320987630446106,0.321401041776809,0.028,0.023,1
RANBP6,0.00321137816314614,0.204848046706421,0.06,0.052,1
PXMP4,0.00321469076810905,-0.366236242446746,0.016,0.02,1
MIER3,0.00322548183562239,0.297082347364235,0.024,0.019,1
RBM10,0.00323395626627178,-0.149691112177905,0.086,0.096,1
TRMT10C,0.00324539979394704,0.148014332187552,0.139,0.127,1
MFSD10,0.00326309151067194,-0.125835511726358,0.23,0.244,1
SP140L,0.00329481023881739,0.122422360682338,0.163,0.15,1
GAB3,0.00329984698785041,-0.213109521018614,0.063,0.072,1
GPR183,0.00330261189294247,0.109088889177719,0.225,0.21,1
CRY1,0.00331536456081973,0.139406606067744,0.133,0.121,1
PITRM1,0.00331610136241215,0.188787319087514,0.067,0.058,1
UBA3,0.00332085287053368,-0.137339355969562,0.115,0.126,1
PLCB2,0.0033308153096787,-0.160335995620665,0.131,0.142,1
ZNF773,0.00333245963036181,0.368681523070602,0.018,0.014,1
RPS6KA3,0.00333650164897673,-0.149552828472464,0.142,0.154,1
PPP6R1,0.00333906265743942,-0.130456214156196,0.139,0.151,1
RAB30-DT,0.00333949680291615,-0.282483689412423,0.035,0.041,1
RBM7,0.00334316544044878,-0.131278195849956,0.135,0.148,1
GIMAP2,0.0033446077326827,-0.135634733859144,0.123,0.135,1
PLCXD1,0.00336480264766644,-0.397446558707232,0.014,0.019,1
BABAM1,0.00337437521712789,-0.125641636828837,0.163,0.176,1
SUCO,0.00338416184211423,0.144136471287178,0.126,0.115,1
CUL1,0.00340748830250749,0.116247437521582,0.154,0.142,1
UBOX5,0.00340972570591254,0.315275716078762,0.028,0.022,1
FADD,0.00342876798545642,0.253767748360771,0.044,0.037,1
TMEM41B,0.00343113084962007,0.142209246836845,0.113,0.102,1
SMC4,0.00344204633731121,-0.163285578271317,0.076,0.085,1
ARL5B,0.00344220300131516,0.226707174692718,0.053,0.046,1
ZBTB33,0.0034673728910645,-0.282796172030323,0.033,0.039,1
RIOK1,0.00347444960345135,0.156989213757476,0.08,0.07,1
INAFM1,0.00348485633356643,-0.317132585561843,0.024,0.029,1
C12orf29,0.00348621673809094,0.245233955487232,0.051,0.044,1
C5orf24,0.00353019525128839,-0.148190765848745,0.115,0.126,1
OAT,0.00353228394330213,0.171581190478446,0.088,0.078,1
ZSCAN12,0.00354249470825111,0.507403024977208,0.013,0.009,1
ADNP2,0.00354409995496818,0.20321031896877,0.058,0.05,1
RNF139,0.00355011453569425,0.151579876991917,0.119,0.107,1
TMEM107,0.00355210346385694,-0.15229612993422,0.096,0.107,1
GRAMD4,0.00355632702726151,-0.342301988851031,0.018,0.023,1
CASP9,0.00356692330259799,0.309571066675195,0.033,0.027,1
GRHPR,0.00357836678804513,-0.157522343840748,0.115,0.126,1
FOXJ3,0.00357875260488944,0.11815958867191,0.118,0.107,1
HAUS2,0.00360053739312464,0.178854934099998,0.097,0.087,1
AP3B1,0.00360207289811564,0.121201553715279,0.15,0.137,1
ASCC3,0.00360744633286737,0.13980412796887,0.107,0.097,1
N6AMT1,0.00361192475460127,0.35523156785677,0.025,0.02,1
RBM5,0.00362762989823315,-0.101232304728316,0.17,0.183,1
C1orf112,0.00363164953420575,-0.439820063538734,0.011,0.015,1
FBXO28,0.0036436811993505,0.176010156713753,0.092,0.082,1
RASSF3,0.00365618935089475,0.166413525710037,0.101,0.091,1
SOGA1,0.00366584068737081,-0.478399900792776,0.008,0.011,1
HS1BP3,0.00367633358276636,-0.205053722227301,0.048,0.055,1
C11orf68,0.00368542376418529,-0.406716382866772,0.015,0.019,1
FXR2,0.00369077691836077,-0.442189264589934,0.013,0.017,1
ERAP2,0.00370760342623473,0.159819062647901,0.204,0.192,1
KLHL26,0.0037210996093907,0.366979227839601,0.017,0.013,1
RBL1,0.00372170666358854,0.165340372978144,0.086,0.076,1
AQP3,0.0037304627097089,-0.206854112675312,0.178,0.19,1
MRPL14,0.0037348850404267,-0.143245298002721,0.132,0.143,1
CDK2AP1,0.00373797642456198,-0.247206949240055,0.028,0.034,1
UTP18,0.00375066342866549,-0.152771192235361,0.103,0.114,1
TCTEX1D2,0.00376932909041961,-0.210415087228363,0.052,0.06,1
SDHAF3,0.00380416670720133,0.200248469470419,0.066,0.058,1
ACAT2,0.00380458201742134,0.201766720221623,0.074,0.065,1
ABCG1,0.00381122765644629,0.207756734451549,0.064,0.055,1
TEX264,0.00381129463057596,-0.116771592514093,0.178,0.191,1
DDX41,0.00381539727802845,-0.164406452445454,0.078,0.088,1
GNL3L,0.0038498608221458,-0.181768369806065,0.086,0.096,1
TMEM109,0.00385482626556323,-0.118301775390265,0.199,0.213,1
IKBKB,0.00386758885873278,-0.153447048525251,0.098,0.109,1
MKRN2,0.00388706064065556,0.204233336958857,0.061,0.052,1
MATN1-AS1,0.00389596565332072,0.278446968599306,0.038,0.031,1
SNHG25,0.00390984040108971,-0.333288649739401,0.026,0.032,1
RAB11FIP5,0.00391127853674529,0.311418718082413,0.032,0.027,1
TENM1,0.00391129234288536,-0.495001868129905,0.009,0.013,1
HAUS6,0.0039330538934125,0.237405965360209,0.051,0.043,1
WDR20,0.00394714125660841,0.197085475153439,0.068,0.059,1
VTI1A,0.00395189089226699,0.133891496601931,0.144,0.132,1
RASSF7,0.00396370301195127,-0.15385293546184,0.107,0.117,1
BICD2,0.00396688835116271,-0.19005706120662,0.057,0.066,1
EPHA4,0.00398908587821092,0.3111132314836,0.042,0.035,1
GRAMD1C,0.00399549336866698,-0.500046906890978,0.008,0.011,1
BORCS7,0.00399679958436259,-0.127828210401475,0.171,0.184,1
PRDM15,0.00400291901332183,-0.334344309374317,0.018,0.023,1
SNAPC3,0.00401008644869728,-0.319544481461187,0.03,0.036,1
GTF2I,0.00402226769577968,-0.121502594573781,0.176,0.189,1
ARL8A,0.00402357083191564,-0.20140904834604,0.065,0.074,1
ZNF287,0.00402845796939155,0.331332492987518,0.025,0.02,1
GPR65,0.0040485238788932,0.117548863055753,0.216,0.202,1
NOP16,0.00405490789964893,0.201074356204873,0.059,0.051,1
ENGASE,0.00405945505265494,-0.262671209737339,0.035,0.041,1
FEN1,0.00407160403844693,0.281322885296289,0.035,0.028,1
KLHL22,0.00407745051060755,-0.230553631198577,0.043,0.05,1
AP2A2,0.00407946163011664,-0.162545092749916,0.089,0.099,1
COG5,0.00411652599109433,0.155163057928638,0.088,0.078,1
PRF1,0.00413271098461756,-0.219778898280933,0.232,0.243,1
RORC,0.0041366576040335,-0.506141702854899,0.011,0.015,1
COA6-AS1,0.00414165839772642,0.178048263306296,0.071,0.062,1
GPR68,0.00415862918766621,-0.575869169061949,0.007,0.011,1
SUCLG1,0.00417890093700729,-0.117855280325431,0.144,0.156,1
ZNF208,0.0041943179244384,-0.450145624110502,0.011,0.015,1
BCKDHA,0.00419935530850772,-0.142371366251042,0.114,0.125,1
CXorf56,0.00420034315912448,0.262236482117641,0.042,0.035,1
TMEM62,0.00421102595566821,0.19685569571521,0.071,0.062,1
C14orf119,0.00423017829349751,0.261510459153064,0.037,0.031,1
ZNF274,0.00423276258403464,0.146863811054237,0.091,0.081,1
ANXA2R,0.00423537390109419,0.127231353687175,0.169,0.156,1
ZNF264,0.00427256105568787,0.236526250675491,0.056,0.049,1
GTF3C1,0.00427864255450612,0.130328891060759,0.143,0.131,1
CDC5L,0.00428275271561723,0.138279229468977,0.124,0.113,1
CLPB,0.00428650753322157,-0.29247699910569,0.029,0.035,1
HMGN5,0.00429667230035332,0.496331146078408,0.012,0.008,1
ZDHHC16,0.00429944817425589,-0.27719671628911,0.027,0.032,1
P3H4,0.00430850832359418,0.407913937313277,0.015,0.011,1
GSE1,0.00433070436024842,-0.187926060816635,0.08,0.089,1
METTL8,0.00433756083841717,-0.223442046071816,0.037,0.044,1
AC105446.1,0.00436945032357345,-0.405477486233413,0.012,0.016,1
FAM120AOS,0.00437902183921095,0.139132758267884,0.117,0.106,1
ZDBF2,0.00438693030654159,0.247514443689283,0.038,0.032,1
USP28,0.0043953653173777,-0.19019096856232,0.065,0.074,1
AC009065.4,0.00444619980843768,-0.455134485015404,0.007,0.01,1
FMNL3,0.00444767746853726,0.293556961875681,0.029,0.023,1
PLIN3,0.00445384717106911,-0.197882066825046,0.081,0.091,1
RCBTB1,0.00446709144877193,0.242896623019559,0.036,0.03,1
IGHG3,0.00448476448531381,-0.632546974696742,0.01,0.014,1
LAP3,0.00448979280851545,-0.203111267027349,0.131,0.142,1
MRPL46,0.00448988843171868,0.211582114418495,0.05,0.043,1
THYN1,0.00451207114610715,-0.128842383579451,0.132,0.144,1
GRK3,0.00452528118887778,-0.252041180681619,0.044,0.051,1
MCOLN2,0.00454142210324383,-0.266871110304019,0.041,0.048,1
TMEM147,0.00454941670004516,-0.133551341177924,0.162,0.174,1
PPP1R3B,0.00455040952861105,0.335810516102351,0.017,0.013,1
MPP7,0.00457021340378064,0.192983559141836,0.087,0.077,1
GEMIN7,0.00458493413058337,-0.188721297155361,0.063,0.071,1
OLIG1,0.00461370085578033,-0.529438862910185,0.007,0.01,1
ABCD3,0.00463449859700037,0.204779564378743,0.064,0.056,1
PPP2R5C,0.00464033329932098,-0.10801507875722,0.388,0.401,1
CTSF,0.00464981985744624,0.205821817930528,0.054,0.046,1
POLR2K,0.00465420081119054,0.109512178796802,0.171,0.159,1
UQCRHL,0.00466773549716778,-0.423425625288065,0.013,0.017,1
KLHL28,0.00467091805111487,0.138068594929185,0.109,0.099,1
PLRG1,0.00470005743528429,0.174514729431301,0.078,0.069,1
TRIM59,0.00471047797803744,-0.224604377006468,0.045,0.053,1
NR3C2,0.00471168773945341,0.283332509058281,0.035,0.029,1
TRAPPC4,0.00471782314780823,-0.142426682131396,0.099,0.109,1
TRMU,0.00472069064381554,0.157286011212499,0.082,0.073,1
GM2A,0.00472136556557642,-0.243440119317135,0.039,0.046,1
GGT7,0.0047256435478068,0.186483232563321,0.065,0.057,1
PROK2,0.00474197338709322,0.241169230762283,0.048,0.041,1
DSEL,0.0047575533750256,0.446863955885338,0.023,0.018,1
SLC11A2,0.00476622311446684,0.240553529500703,0.042,0.035,1
STN1,0.00479215468448547,-0.114707558702927,0.118,0.129,1
KAT6B,0.00481922345733456,0.127593872683663,0.187,0.175,1
KIF21B,0.00482560433363383,0.211968985738463,0.064,0.056,1
PSMC3,0.00484896397918572,-0.109322818545496,0.175,0.187,1
C2orf88,0.00485234712468106,-0.607244341950541,0.007,0.01,1
ARRDC4,0.00487979904146798,-0.30681643837821,0.026,0.032,1
RAB33A,0.00489011960599431,0.306160438512543,0.031,0.025,1
AC073389.1,0.00490176771415139,-0.409767786897556,0.013,0.017,1
ZNF816,0.00492498607457779,0.450228640846521,0.013,0.01,1
RFLNB,0.00494269175593302,-0.226042628339007,0.052,0.06,1
ABCB1,0.00495061012511979,0.327828355810544,0.037,0.031,1
CARM1,0.00495849440828025,-0.273221029945313,0.027,0.033,1
RHOQ,0.00497595342551452,-0.262538220154872,0.055,0.063,1
SMARCD2,0.00500717249481239,-0.241788871522258,0.037,0.043,1
CHRM3-AS2,0.00501181765239351,0.113010067806513,0.108,0.097,1
KIF9-AS1,0.00503559515019017,0.305752378817873,0.028,0.023,1
OLA1,0.00503673634502626,0.110826909372099,0.22,0.207,1
ACSS2,0.00504142203890304,-0.274980351256205,0.034,0.04,1
MDM2,0.00504446327977752,0.146812340432678,0.104,0.094,1
DAGLB,0.00505643472085502,-0.240366596174868,0.042,0.049,1
NFRKB,0.00506479429827934,0.184050128760159,0.062,0.054,1
IGHMBP2,0.00506483766976535,0.273621212308958,0.041,0.034,1
AC016831.7,0.00506746645700138,0.452604006615692,0.011,0.007,1
CYB5B,0.00507113183789486,0.139334730753859,0.098,0.088,1
ITPK1,0.00507333896167971,-0.198321756483823,0.076,0.085,1
TMEM120B,0.00507937954614985,-0.245290853336024,0.036,0.042,1
LINC02384,0.00508233595768455,0.272244669537912,0.052,0.045,1
DGLUCY,0.00508763751371196,-0.135675716765458,0.098,0.108,1
CHCHD3,0.00509709924111947,-0.129298741724329,0.131,0.142,1
ATP1B1,0.00510175481539261,0.455303877818353,0.011,0.008,1
HOMER3,0.00512464469107533,-0.381175692354369,0.018,0.022,1
CTSK,0.00514121270645748,-0.481431228723631,0.009,0.012,1
SRGAP2B,0.0051413522009972,-0.290233554182605,0.024,0.029,1
GCNT1,0.00514853874765146,-0.410847129147037,0.013,0.017,1
SCMH1,0.00516116441635726,0.269568385333641,0.031,0.025,1
ODF2L,0.0051652068404624,-0.113201515695807,0.176,0.188,1
KRT18,0.00517770839883503,0.48605508778616,0.012,0.009,1
MIEF1,0.0051861096138539,0.190118675970596,0.061,0.053,1
SLAMF7,0.00520025213631303,-0.206132243755999,0.052,0.06,1
HDGF,0.00521768293310948,-0.153760240107779,0.095,0.105,1
IRAK2,0.00523168912964975,0.389058761310519,0.022,0.018,1
RAVER1,0.00524851245528986,-0.183334488110413,0.088,0.098,1
DHODH,0.00527713355377872,-0.339883474314575,0.017,0.022,1
USP10,0.00528423290118056,0.137700668367243,0.163,0.151,1
MSI2,0.0052981743142625,0.126344507122968,0.104,0.094,1
WDR41,0.00530639302594067,-0.250612344520927,0.036,0.042,1
CFLAR,0.00531769078135096,-0.111734049957312,0.302,0.314,1
CRYBB2,0.00532201658054628,0.537064359704508,0.01,0.007,1
LINC01237,0.00533367465122413,0.45970180230041,0.016,0.012,1
INTS5,0.00533370073171909,0.257711580566118,0.039,0.032,1
TMEM39A,0.00533376102281207,0.191719267845132,0.066,0.058,1
AP001269.4,0.00535361203313073,0.491078154430328,0.01,0.007,1
ZCWPW2,0.00537299102875085,-0.298766999338826,0.026,0.032,1
GNPAT,0.00538669410684933,0.142986479061311,0.129,0.118,1
PHF19,0.00539421742614917,0.216758648427367,0.054,0.046,1
AL590764.1,0.00539724980417988,-0.380895382443384,0.015,0.019,1
TMCO4,0.00540666629044944,-0.295907539211271,0.03,0.036,1
IFNLR1,0.00542856555017738,-0.422948622459819,0.013,0.018,1
AFG1L,0.0054420111849078,-0.399500765751293,0.011,0.015,1
INTS11,0.00546523253282932,-0.115280672581885,0.183,0.196,1
SETX,0.00547628737448602,-0.114457184119936,0.181,0.194,1
OAZ2,0.00548592654919211,-0.169957347450937,0.068,0.077,1
POLB,0.00549553373458649,0.187690240188739,0.071,0.063,1
ZKSCAN5,0.00550237879891716,0.31577844107414,0.026,0.021,1
CTDNEP1,0.00551825667794737,-0.108394718603986,0.142,0.154,1
HIST1H2AM,0.00552634005202737,0.171022944341581,0.082,0.073,1
TENT2,0.00553698054977762,0.102195374441503,0.161,0.149,1
CDKAL1,0.00554618748265022,0.204187485442355,0.061,0.054,1
APOA1,0.0055661189851635,-0.436784008143085,0.009,0.013,1
RAF1,0.00556846439545871,0.111159564333028,0.166,0.154,1
CHPT1,0.0055701262722595,0.206432418445659,0.054,0.047,1
RAB8A,0.00557166755718212,-0.101938766526343,0.202,0.215,1
AC004889.1,0.00558698758335255,-0.401232040270316,0.012,0.015,1
PSMD9,0.00559070183828723,-0.118562449869323,0.171,0.184,1
PPP1R3E,0.0055921664386684,0.211328357379406,0.061,0.053,1
FEZ2,0.00561274030128917,-0.18924042504237,0.049,0.057,1
SPNS3,0.0056162403265128,-0.206232259911812,0.051,0.058,1
RGS3,0.00562329097468276,-0.284815805976296,0.04,0.047,1
MIR4453HG,0.00562703803384438,0.545525938452704,0.01,0.007,1
TMEM268,0.00564334108342912,-0.302067849287844,0.023,0.028,1
GYS1,0.00564700320829323,-0.248804229180997,0.031,0.037,1
RNF4,0.00566116502537565,0.118675494447047,0.174,0.162,1
KLC1,0.0056671876237906,-0.117578310388241,0.128,0.139,1
ARMC5,0.00566723693259502,0.230872311208306,0.041,0.035,1
TRAFD1,0.00567069567919547,-0.196158401262707,0.074,0.083,1
CA5B,0.00567185424308086,-0.137626438109006,0.157,0.169,1
MAP3K2,0.00569290176915277,0.127964729986956,0.158,0.147,1
RP2,0.00569486002437373,0.243732255604936,0.045,0.039,1
WSB2,0.00570877115060193,-0.284258164844216,0.026,0.031,1
HMGXB4,0.00571299254773099,0.150041236595261,0.086,0.077,1
PTK7,0.00573052124547458,-0.531429244979241,0.009,0.012,1
ZNF250,0.00573243844055666,0.238431039617897,0.041,0.035,1
JMJD4,0.00574778650092905,0.215934273710311,0.05,0.043,1
CPNE8,0.00577537258399516,-0.302828336209322,0.023,0.028,1
PLCB3,0.0057850645023453,-0.47517599991849,0.009,0.012,1
SIRT7,0.00579606858672318,-0.121691103271896,0.138,0.149,1
LMO7,0.00580168520274878,0.254268605470897,0.031,0.025,1
ATP6AP1,0.00581268843236657,-0.112596946903415,0.174,0.186,1
CRYBG3,0.00582535218769104,-0.344291143796872,0.018,0.022,1
PIGS,0.00584496947808221,0.150041236595261,0.093,0.083,1
MAN1A2,0.00585101299453873,0.112873735013256,0.164,0.151,1
MRPL36,0.00585478640401804,-0.154913779688388,0.088,0.098,1
PTPN23,0.00585555982695343,-0.211078632903122,0.045,0.052,1
MAP4K5,0.00588191199694481,0.107707028902718,0.114,0.103,1
HPF1,0.00589643597953811,-0.178148318288391,0.046,0.054,1
MBD3,0.00590243479867543,-0.237420018331157,0.033,0.039,1
NABP2,0.00592070029591105,-0.176836074263834,0.06,0.068,1
SRC,0.0059226065241847,0.332371258928355,0.019,0.015,1
RRAS2,0.00594496482369387,0.21891209782623,0.064,0.056,1
TUBB1,0.00595089668886207,-0.390438828215065,0.018,0.022,1
ZNF181,0.00595228235509866,0.332905293745071,0.023,0.019,1
CTSB,0.00596036100980818,-0.110004011654105,0.196,0.208,1
FUT4,0.00596684249200153,-0.370946775797925,0.01,0.014,1
CFL2,0.00597518012229526,-0.220682362126945,0.047,0.055,1
KCNK6,0.00597978659746215,-0.236329230976555,0.039,0.046,1
ZNF227,0.00599462047016117,0.258463696481247,0.037,0.031,1
TOR1B,0.00605058273664302,0.211626100196805,0.057,0.049,1
PRPSAP1,0.0060814058469547,-0.158340326454153,0.082,0.091,1
KDM6A,0.00608791500624979,0.142693919670196,0.122,0.112,1
PRPF3,0.00609362609092827,0.126572220959937,0.125,0.114,1
RAD9A,0.00609434106965524,-0.154750945978071,0.06,0.069,1
PIK3C2A,0.00609606114350066,0.180080062976644,0.076,0.067,1
TMEM250,0.00611312862883596,-0.354750915441912,0.017,0.021,1
ELMOD3,0.00615498183528732,-0.178556750157956,0.06,0.068,1
RPH3AL,0.0061679394193179,-0.493209922748751,0.009,0.012,1
ZNF486,0.00617247379278552,-0.41995267351798,0.01,0.014,1
APBA3,0.00617306674797078,-0.179943074899415,0.063,0.071,1
PHGDH,0.00618612777440092,-0.340641316026476,0.015,0.019,1
CTDSP2,0.00618916518222024,-0.135647714860774,0.094,0.104,1
IPO9,0.00620039890277723,0.178055612764858,0.072,0.063,1
DBP,0.0062653713087538,-0.239779977074746,0.028,0.033,1
PIGP,0.00626826013397606,0.177103132822559,0.079,0.07,1
KMT2B,0.00627678356762103,-0.187543775925612,0.052,0.059,1
MLYCD,0.0062956159771344,-0.318156838722012,0.02,0.025,1
RTF1,0.00630061234055415,-0.103465953331787,0.233,0.246,1
LCMT2,0.00630334804522252,0.505641761165128,0.01,0.007,1
WEE1,0.00631231450960755,-0.43351444291165,0.013,0.017,1
VPS26B,0.00631273165156738,0.102298275248657,0.171,0.159,1
EFNA4,0.00631560392302736,-0.382233937967956,0.01,0.014,1
TPRKB,0.00632533648052945,0.148007839442733,0.116,0.106,1
NUP153,0.00634245986660486,0.126501679788629,0.106,0.096,1
FLYWCH1,0.00637554715229588,-0.210425244370251,0.043,0.05,1
ASGR2,0.006383164091056,-0.221599070777553,0.029,0.035,1
RPP21,0.0063884047605515,0.123414734549907,0.182,0.17,1
CD93,0.00641208920424181,-0.110289667401131,0.054,0.061,1
COLGALT1,0.00641779605814732,-0.201140663267215,0.068,0.076,1
COL19A1,0.00642824262407216,0.503890805614722,0.017,0.013,1
MIR4435-2HG,0.00643058843157433,-0.156387299657154,0.096,0.105,1
ASCC2,0.00645669201676593,-0.113024686678176,0.137,0.149,1
CDC42EP2,0.00645776169507584,0.556332693409288,0.011,0.008,1
ELOF1,0.00646138877852551,-0.121997982499742,0.122,0.133,1
PRKRA,0.00648817740997642,0.148432240127007,0.114,0.104,1
RPF1,0.00649848562995801,0.113320765550511,0.15,0.138,1
FAM168B,0.00650307937882995,0.208842590211447,0.06,0.053,1
MPP1,0.00651933012251245,-0.263730185339591,0.061,0.069,1
NAP1L5,0.00652417031622508,0.217125419762987,0.043,0.036,1
BCL7B,0.00653438852272268,0.112357443561033,0.203,0.19,1
VPS13B-DT,0.00655117476737107,0.20593956188967,0.047,0.04,1
ELP2,0.00656278421573368,0.109133293015055,0.146,0.134,1
TNFRSF1A,0.00656439488982221,-0.159411344745041,0.088,0.098,1
SLC14A1,0.00656507471564099,-0.38092089677353,0.014,0.018,1
LINC02361,0.00656542949022094,0.221244956289763,0.049,0.042,1
FFAR2,0.0065722092174398,-0.567982793917484,0.012,0.016,1
NMT1,0.00657341657963542,-0.139100002595773,0.098,0.108,1
WDR92,0.00658432670354146,-0.433301168457733,0.011,0.015,1
SAMD12,0.00660795569146759,-0.381340223921051,0.014,0.019,1
WBP1,0.00663776780478385,-0.102242435562929,0.166,0.178,1
LINC02422,0.00664337249122482,-0.355108682347872,0.014,0.018,1
FCRLA,0.00665945682418869,-0.315477711920951,0.031,0.036,1
GPD1L,0.00666725142265697,0.299593394270392,0.028,0.023,1
SPATA20,0.00667568502914707,-0.14579762942344,0.082,0.091,1
TSR3,0.0066758567771433,-0.240218689649186,0.036,0.043,1
DNAJC27,0.0066927570113492,0.202060544965096,0.059,0.052,1
RIN2,0.0066929494426359,-0.33166730232887,0.016,0.021,1
GSAP,0.00669409180511676,-0.190590296970509,0.089,0.098,1
BX664615.2,0.00669701680587433,0.437737696663325,0.013,0.01,1
SLC22A4,0.00671193938286334,0.450877675141439,0.013,0.009,1
TRAPPC12,0.00671725008338787,-0.183327009926182,0.054,0.061,1
KLHL8,0.0067289574722821,0.231077808686168,0.04,0.034,1
ZNF212,0.00674187941466902,0.323094275591389,0.023,0.018,1
AGFG2,0.00675352831956414,-0.340130592744362,0.018,0.023,1
CCL5,0.00675522678490987,-0.145249327020616,0.381,0.39,1
ARFGAP2,0.00676338881196964,0.11079500456446,0.171,0.159,1
GSK3A,0.00676401412743751,-0.254260987545225,0.034,0.04,1
INTS2,0.00679204549495182,0.305718233132564,0.026,0.021,1
TAPT1,0.00680496115653334,0.249432993238391,0.039,0.033,1
SLC25A1,0.00680735891451282,-0.118855100924438,0.115,0.126,1
FPR2,0.00681625552718854,0.512611315979969,0.012,0.008,1
FAM241B,0.00683544938118602,0.408383947104333,0.017,0.013,1
RPP14,0.00683595267070516,0.249988071040296,0.042,0.036,1
DUSP18,0.0068370170061966,-0.305030924485835,0.026,0.031,1
VENTX,0.00686131819498102,-0.416999356128633,0.011,0.015,1
LETMD1,0.00688042814488145,0.111301015034556,0.192,0.179,1
PPTC7,0.00689789038683681,-0.157316159794477,0.064,0.072,1
TRAV38-1,0.00690494713921453,0.413075642429055,0.011,0.008,1
EVA1B,0.00691684474754434,-0.470671289075097,0.009,0.012,1
ING5,0.00697704592403969,0.150041236595261,0.099,0.09,1
BRICD5,0.00698004420815951,-0.422694961792636,0.009,0.012,1
CSRP1,0.00700003590026112,-0.150492076077059,0.113,0.123,1
TRMT2B,0.00701444751014138,0.170262260682112,0.078,0.069,1
ZNF747,0.00702069732155087,0.290332577716815,0.029,0.024,1
TMEM219,0.00704559939502407,-0.107258478365108,0.33,0.341,1
RIC8B,0.00705176091257232,-0.276170006671921,0.023,0.028,1
CRAT,0.00707731179253843,-0.247174985596338,0.037,0.043,1
POLR3E,0.00708938352240472,0.168443208547051,0.072,0.064,1
ZBTB6,0.00710767552255498,0.384693841059233,0.017,0.013,1
ZNF101,0.00711372099422992,0.134509838092013,0.097,0.088,1
ACCS,0.00712573847791609,0.219952296608621,0.042,0.036,1
TTF1,0.00713109834324602,0.184719198374677,0.065,0.057,1
AC083798.2,0.00717115465599846,0.226612669536528,0.049,0.042,1
GNA13,0.00717154697192621,0.110041326386812,0.158,0.147,1
PNMA1,0.00717260538666283,0.134716562479092,0.069,0.061,1
JOSD2,0.00720492727018742,-0.117658378829072,0.109,0.119,1
GASK1B,0.00724311416459977,-0.220218108378094,0.025,0.03,1
PHF11,0.00725472004327873,-0.105133814722453,0.213,0.225,1
PPM1B,0.00727063248560231,0.10543034989497,0.162,0.15,1
C1orf216,0.00729176844884697,-0.336380895920348,0.015,0.019,1
SRPK1,0.00730478159635497,-0.152462123733904,0.107,0.117,1
C11orf74,0.00731951755608853,-0.526382815635894,0.008,0.011,1
GPR162,0.00732391298225267,-0.500951134461092,0.007,0.01,1
RAP1GDS1,0.00732920886119457,-0.125815325691573,0.121,0.132,1
AHCYL1,0.00733014285816564,-0.228762290906606,0.049,0.056,1
TBC1D5,0.00733808089378835,-0.130560345959895,0.126,0.137,1
KIF19,0.00735198844213687,-0.389991921225451,0.018,0.023,1
HSH2D,0.00735813869611581,-0.130229674709247,0.177,0.189,1
PHLDB3,0.00736558964563983,0.192359798899991,0.061,0.053,1
MRPS11,0.0073756936998509,-0.171530857046398,0.076,0.084,1
ADIPOR2,0.00738030964907062,0.161604292664388,0.093,0.083,1
EPS15L1,0.00740447868918347,-0.175677014454466,0.098,0.107,1
SELENON,0.00741912772601563,-0.284249223748058,0.024,0.029,1
PRXL2C,0.00743236370933627,0.190518745798478,0.069,0.061,1
POR,0.00743446531597035,0.174529713878051,0.089,0.08,1
ZBTB44,0.00743683858264621,0.144258884001255,0.113,0.103,1
U2AF1L4,0.00744078061310456,-0.116887943483755,0.162,0.174,1
NFAM1,0.00744354087272386,-0.205304592991031,0.036,0.042,1
BX890604.2,0.00744461382332883,0.225368487302326,0.049,0.042,1
FKBP2,0.0074942869112075,-0.154646790437375,0.076,0.085,1
FAM86C1,0.00749755604848206,0.37434324794034,0.017,0.013,1
PNPO,0.00751749292141054,-0.305802479071469,0.017,0.021,1
SPATA2L,0.00753574792404031,0.216552928773757,0.047,0.04,1
NECTIN2,0.00753714871014293,0.418007937971286,0.015,0.012,1
MLLT1,0.00760092127960391,-0.274287865537405,0.028,0.034,1
C17orf107,0.00760934634555261,0.400797312650618,0.013,0.01,1
RILPL2,0.00762166234641546,0.140057148022639,0.206,0.194,1
BISPR,0.00762676490999013,-0.192915813931696,0.059,0.067,1
NRBF2,0.00763166639430411,0.136731939262579,0.116,0.106,1
SLC25A20,0.00764160104258077,0.229746214790099,0.041,0.035,1
AL355075.4,0.00764704092758126,0.290064752323711,0.026,0.021,1
GRAMD1A,0.00766122605927939,-0.113763633898174,0.139,0.15,1
C16orf70,0.00767901690278842,-0.265591311172485,0.034,0.04,1
BACE2,0.00769787942567798,-0.480615455424604,0.01,0.013,1
CMTM7,0.00770524468271733,-0.129108970469526,0.181,0.193,1
FBXO8,0.00771512691668477,0.246883359863072,0.038,0.032,1
TARDBP,0.0077197719343897,-0.122155812883378,0.123,0.134,1
ZSWIM9,0.00774175016580102,-0.381340223921051,0.014,0.018,1
DDX47,0.00778408259238079,0.209459446665656,0.052,0.045,1
PPP1R12C,0.00778692985468707,-0.185535029295709,0.056,0.063,1
GARS-DT,0.00778961318093261,-0.194122076766822,0.061,0.069,1
UBE2A,0.00786144622800626,0.129618518841873,0.134,0.123,1
SFMBT1,0.00788680503255462,0.184513453852401,0.066,0.058,1
ICMT,0.00789155254105197,-0.237891032520984,0.033,0.039,1
ARSA,0.00791818159786983,-0.113197098144221,0.127,0.138,1
FAHD1,0.00792039377170335,-0.272051020217533,0.023,0.028,1
MYSM1,0.0079259321890427,0.123716895376247,0.098,0.088,1
ZNF330,0.00792803633359628,0.153886960611325,0.096,0.087,1
GTF2IRD2B,0.00792927558149976,0.137682340834736,0.1,0.091,1
TMEM120A,0.00793675778941198,-0.147590308290698,0.082,0.091,1
ZNF701,0.00795742837672846,0.3222364116624,0.027,0.022,1
BTLA,0.00798216321503848,0.327345768403172,0.026,0.021,1
ALKBH3,0.0079976081788586,0.211784586308158,0.051,0.044,1
CHD4,0.00801193638921305,-0.13425954094728,0.178,0.189,1
USP8,0.00802884387018551,0.114066280896424,0.169,0.157,1
HERC3,0.00803730524956186,0.188071644033077,0.057,0.05,1
PRMT6,0.00804467117844258,0.330201460232028,0.022,0.017,1
UPRT,0.00805288410827054,0.236043754492482,0.04,0.034,1
LRRC59,0.00807009462947216,0.110877623854046,0.135,0.124,1
POLD2,0.00809307901013432,-0.159118184186626,0.087,0.096,1
IPMK,0.0080988411969909,-0.180328632178763,0.061,0.069,1
URI1,0.00811670796326939,0.149857207633867,0.138,0.128,1
CRTAP,0.0081177909953797,-0.15226426043517,0.199,0.21,1
ZNF548,0.0081419864836779,0.233076918973634,0.049,0.043,1
EML2,0.0081470570220708,-0.162138881740539,0.066,0.074,1
MORN2,0.00815262999957374,-0.34802161421005,0.014,0.018,1
OASL,0.0081661361195171,-0.233814607435303,0.062,0.069,1
PPP1R16A,0.00816915585488791,-0.308064984575468,0.018,0.023,1
MICAL1,0.00817677935667753,0.11189266171084,0.162,0.151,1
MSTO1,0.00818913024447817,0.220889509946514,0.044,0.038,1
MSH6,0.00821826858011145,0.238327769013217,0.041,0.035,1
MTUS1,0.00822744045397091,-0.430198853883492,0.011,0.015,1
SOCS3,0.0082412614641276,0.117126614122526,0.217,0.205,1
RXRB,0.00825017713867165,-0.154168132471203,0.078,0.086,1
CNDP2,0.00828530550409821,-0.117396373929619,0.14,0.151,1
CASS4,0.0082959347006502,0.187142863387359,0.045,0.039,1
PATJ,0.00830096196577357,0.189492387313985,0.057,0.05,1
NUTM2A-AS1,0.00832587229267858,-0.118942227669132,0.168,0.18,1
MYCBP,0.00836056865870854,-0.172276828571781,0.069,0.077,1
COMMD3,0.00837133225240147,-0.138909535845829,0.117,0.127,1
MMP23B,0.00839343928605608,0.215367484473205,0.033,0.028,1
NUP214,0.00840361208276082,-0.136714143261191,0.158,0.17,1
PPP2R5B,0.00842399525644118,-0.206866851457395,0.042,0.048,1
PTCH2,0.00845380610220328,-0.334334350859361,0.029,0.034,1
CLHC1,0.00848688040872045,-0.454286588992826,0.008,0.011,1
PRKN,0.00849316533402699,0.350144386702598,0.018,0.014,1
LIMS1,0.00849485147083647,-0.20637634740137,0.151,0.162,1
STK11,0.00849642743579196,-0.255990977085216,0.038,0.044,1
GNAI3,0.00850815212513316,0.118122861385245,0.173,0.162,1
DRG1,0.00852648362416551,-0.144977849313619,0.104,0.114,1
FOCAD,0.00856065745505715,-0.308459911167545,0.021,0.026,1
ZNF669,0.00860637318285636,0.176841295938976,0.063,0.055,1
DNTTIP1,0.00862324597489213,0.183378420469373,0.066,0.058,1
N4BP2L1,0.00862517221333801,-0.105588464563598,0.188,0.2,1
LCNL1,0.00863839645818674,-0.576692434959989,0.015,0.019,1
CCDC28A,0.00865116064275805,0.129339236069396,0.101,0.091,1
RPP30,0.00871536941639444,0.157236737999465,0.079,0.071,1
YPEL3,0.00872610030968105,-0.118419155308186,0.181,0.193,1
MGME1,0.00877659815456754,-0.294659240413397,0.02,0.024,1
RCC2,0.00878147703505125,-0.206933805391302,0.054,0.061,1
RHOT1,0.00878257554737195,-0.169175024710005,0.078,0.087,1
GNE,0.00878659297408592,0.24435640373214,0.03,0.025,1
LENG8-AS1,0.00879040478698021,-0.351210557736664,0.015,0.019,1
UTP11,0.00881337093035481,0.215294585260749,0.04,0.034,1
ATP13A1,0.00882698650325556,-0.151201741227577,0.099,0.108,1
ZNF790-AS1,0.00883137165167477,0.391701991636488,0.019,0.015,1
GSN,0.00887492090615359,-0.176603093420207,0.05,0.057,1
CLIP2,0.00890269124824354,-0.413276270085915,0.011,0.014,1
TNRC18,0.00890375951544427,-0.187556314557985,0.07,0.078,1
B3GAT3,0.0089468739327686,-0.135802397873687,0.132,0.143,1
CLCN6,0.00894721520454611,-0.259673749834558,0.034,0.04,1
AARS,0.00898551773483165,-0.223968994423529,0.03,0.035,1
NCOR2,0.00901066519262698,-0.173647316156539,0.102,0.111,1
SCAMP1-AS1,0.00901759601005434,-0.205581143534053,0.037,0.043,1
DUSP3,0.00903245669700148,-0.266867058330503,0.032,0.037,1
ERBIN,0.00903277201792118,-0.11693507599704,0.151,0.163,1
FXYD7,0.00903545091816841,-0.234991709168494,0.057,0.064,1
ASCL2,0.00904468204730563,-0.157531565315031,0.055,0.063,1
AC132938.3,0.00904725860889418,0.543923121888676,0.01,0.007,1
USP11,0.00905485459410745,0.110019390262239,0.182,0.17,1
ADAMTS10,0.00910045005153571,0.306442793937829,0.038,0.033,1
TMEM267,0.00912428848113628,0.314200392346248,0.024,0.02,1
CLOCK,0.00914802539257852,-0.218847801879694,0.037,0.043,1
NSUN5,0.00915435107266267,-0.122614709996729,0.126,0.137,1
GLYCTK,0.00915794938704322,0.176877421567577,0.069,0.061,1
MBD1,0.00916262640584554,0.144006493606614,0.1,0.091,1
CDK5R1,0.00918185549913479,-0.333371004748037,0.015,0.019,1
VEZF1,0.00918607400760073,0.112190449979382,0.146,0.135,1
GBA2,0.00918814028061803,-0.256007479456328,0.027,0.032,1
NDUFV3,0.00918939824501998,-0.14464432231836,0.119,0.129,1
AC007728.2,0.00919940541575569,-0.455679824292693,0.009,0.012,1
LUC7L,0.00921854993858993,0.110644324715392,0.172,0.16,1
ZBTB10,0.00922381026890034,-0.134228732233577,0.087,0.096,1
APMAP,0.00922946308741646,0.114641413119641,0.229,0.217,1
PCGF1,0.00924694064244842,0.247772413299427,0.044,0.038,1
TRIM73,0.00928464746313907,-0.161656512990898,0.06,0.067,1
TSFM,0.00933342267266156,0.182867952571939,0.059,0.052,1
EXOSC1,0.00934138483383302,-0.123171032629138,0.099,0.108,1
TTC16,0.00934917819833993,0.250251697361886,0.032,0.027,1
FKBP3,0.00936395274583488,-0.139465380599724,0.107,0.116,1
TOLLIP-AS1,0.00938174046227598,0.333508385110736,0.021,0.017,1
MED19,0.00944438375299949,0.154971124373204,0.075,0.067,1
LXN,0.00947572585523733,-0.428776523904986,0.01,0.014,1
DPH3,0.00949929691680114,-0.152867426437504,0.087,0.096,1
PLEKHM1,0.00954123052916386,0.102750676096986,0.164,0.152,1
TENT4B,0.0095650030810269,0.154909728417473,0.094,0.086,1
MED9,0.00957189341826271,-0.172925141921579,0.051,0.058,1
TMEM71,0.0095723168862422,0.137277262785931,0.104,0.095,1
TMEM184B,0.0095995857180284,0.210582778530312,0.052,0.045,1
USP32,0.00962960907363545,-0.185101176195408,0.062,0.07,1
MAP2K2,0.00963839318940783,-0.142779716834843,0.122,0.132,1
ZC2HC1A,0.00963894787752938,-0.301130048737296,0.019,0.023,1
RASAL3,0.00964494491246123,-0.114138619906795,0.3,0.311,1
C5orf30,0.00965070036137442,-0.490709042311642,0.009,0.012,1
FCHO2,0.00966463925059656,0.280014112637465,0.023,0.019,1
TM2D2,0.00967534013263606,0.1669671521188,0.06,0.053,1
SNED1,0.00971918216457633,0.239644697485208,0.03,0.025,1
HVCN1,0.0097384475329018,-0.112071613767473,0.095,0.104,1
APOLD1,0.00975879645816449,-0.245518888184279,0.029,0.034,1
PCYOX1,0.00976065810422379,0.225160716399056,0.034,0.028,1
KYAT3,0.0097630457680658,0.184723992244142,0.071,0.063,1
MRPL48,0.00977651924253166,-0.159184880581354,0.078,0.087,1
KMO,0.0097797126994675,0.434640992263989,0.018,0.014,1
ZGPAT,0.00979612411194774,-0.101841261103411,0.136,0.147,1
ZNF350,0.00981234640452128,0.129344718488416,0.093,0.084,1
CYTH3,0.0098267960256496,0.285320095230682,0.024,0.019,1
CMTR2,0.00984270012112408,0.250707992164824,0.035,0.03,1
NFS1,0.00986149086538358,0.291889295908997,0.022,0.018,1
BPNT1,0.0098772067033838,-0.300907781487434,0.021,0.026,1
AKAP8,0.0099178509424449,0.113433577455084,0.12,0.11,1
OSGEPL1,0.00992005923209119,-0.323058187493363,0.02,0.024,1
ZNF92,0.009934477928982,0.128748285548965,0.104,0.095,1
CCPG1,0.00994414779291227,0.103829195600213,0.116,0.106,1
DCAF12,0.00996750694465724,-0.248338918729974,0.033,0.038,1
KDM1A,0.0100140804136125,-0.191427044687746,0.049,0.056,1
AP2A1,0.0100282889749754,-0.126888468750619,0.126,0.136,1
CCT6B,0.0100466924038196,0.463199121854892,0.011,0.008,1
STX1A,0.0100596522714458,0.420570178975979,0.011,0.008,1
PML,0.0100955456363085,-0.113115436711032,0.141,0.152,1
PALM2-AKAP2,0.0101330146818769,-0.192795848055082,0.053,0.06,1
FBXO44,0.0101474910584754,0.152661936754396,0.118,0.109,1
DBNDD2,0.010205678687095,0.194220685163811,0.057,0.05,1
VRK3,0.010236193485631,-0.134664394335903,0.1,0.109,1
FAM157C,0.010237017734392,0.302044330040311,0.019,0.015,1
AC104794.3,0.0102527316457874,-0.299866722530635,0.018,0.022,1
LAMP2,0.0102533168017249,-0.156217402026217,0.094,0.103,1
CASP10,0.0102776484926837,-0.249889370293374,0.031,0.036,1
PERP,0.010291191366461,0.247927172927082,0.045,0.039,1
ACADSB,0.010291563918152,0.246911011560269,0.045,0.038,1
BRAP,0.0103025071524102,0.141376375468134,0.092,0.083,1
MARC1,0.0103221999137333,-0.300723967158109,0.017,0.021,1
NFU1,0.0103722943094047,0.139784132666737,0.1,0.091,1
COPS8,0.0104011509525942,0.122168616339774,0.118,0.109,1
HIST1H2BC,0.0104076086454923,0.176469361872906,0.042,0.036,1
WDR60,0.0104154895223634,-0.224354278186237,0.044,0.051,1
GRWD1,0.0104264448952309,0.210509850687966,0.052,0.045,1
HEATR1,0.0104295893106609,0.177464837064986,0.062,0.055,1
SEMA4F,0.010461197354637,0.392897760491425,0.016,0.012,1
KYNU,0.0104719275981148,0.262170072841339,0.053,0.047,1
ZNF830,0.0104884461261369,0.162433358797489,0.081,0.073,1
MANBAL,0.0104901891012179,0.308509722602571,0.025,0.02,1
ARHGAP5,0.0105169023498679,0.165888127856921,0.062,0.055,1
RNF14,0.0105253978727789,-0.217378242450843,0.044,0.05,1
POLR3C,0.0105361012818578,0.131015104135764,0.089,0.081,1
NACC2,0.0105742605013314,-0.223801627330642,0.04,0.046,1
GBP3,0.0106301265895499,-0.200908451905115,0.042,0.048,1
MRPS17,0.0106733057455133,0.177111201519079,0.059,0.052,1
CBWD1,0.0107276836239042,0.166662331045746,0.08,0.072,1
FBXL8,0.0107463371683555,-0.33095334425972,0.018,0.022,1
COA3,0.0107896329625602,-0.154711714483969,0.075,0.083,1
ZNF540,0.0108070161642616,0.275102108888063,0.031,0.026,1
BCL11A,0.01081235047914,-0.254848307307499,0.041,0.047,1
NUBPL,0.010824167211543,0.248293944262703,0.031,0.026,1
CCDC88B,0.0108327286614922,-0.119993874018093,0.125,0.135,1
NBPF11,0.0108415523830901,0.185173239700329,0.073,0.066,1
FAH,0.0108954156081073,-0.364531936234497,0.016,0.02,1
CDK16,0.0108981875106446,0.139438009879574,0.117,0.107,1
INSIG2,0.0109286357120521,0.197210066792568,0.064,0.057,1
ZNF721,0.0109651861515077,0.117767780761207,0.154,0.143,1
ITGAE,0.0109805189497987,-0.120356557652019,0.123,0.133,1
TBC1D24,0.010980594537937,-0.443432763981413,0.01,0.013,1
ST8SIA4,0.0110157206413551,-0.148861417193378,0.087,0.095,1
ZGRF1,0.0110256476268455,0.433934247326719,0.012,0.009,1
AOPEP,0.0110800343356148,-0.375420252377233,0.012,0.016,1
STX4,0.0110897630228279,-0.127165708434482,0.12,0.13,1
LINC01934,0.0111079842895845,-0.213213720581037,0.042,0.048,1
FGD6,0.0111359878335962,-0.386227007333816,0.013,0.016,1
GAS6,0.011151872532007,-0.388984979959035,0.008,0.011,1
PSMC4,0.011153052923247,-0.112177963273671,0.138,0.149,1
ACSF2,0.0111766962172662,-0.357227135611264,0.013,0.017,1
GALK2,0.0111871557183339,-0.224669862796681,0.037,0.043,1
WDR47,0.0111969052848066,0.260109468146578,0.034,0.028,1
RHOBTB2,0.0112056773841053,-0.344174223191506,0.013,0.016,1
PLEKHA3,0.0112495445168951,0.174636902537393,0.062,0.055,1
PWP1,0.0112743137830058,0.128698262287887,0.158,0.147,1
VCL,0.0112934384446975,-0.172472486488042,0.114,0.124,1
PDCL3,0.011309421522515,0.134125120041988,0.133,0.123,1
MED13L,0.0113378199389158,-0.118876316364337,0.136,0.146,1
RBM11,0.0113507525100548,0.413075642429055,0.012,0.009,1
FGD2,0.0113574079367993,-0.221517626016701,0.043,0.049,1
C19orf25,0.0113916081708672,-0.119531453230965,0.112,0.122,1
DNM2,0.0114200357343001,-0.139513615944381,0.146,0.156,1
XRCC1,0.0114293999383208,-0.142824392689639,0.077,0.086,1
MEGF6,0.0114446637731156,0.245103433566867,0.032,0.027,1
AGBL3,0.0114577254666771,-0.371418321819737,0.012,0.015,1
METTL2A,0.0114599450658698,-0.265813885284605,0.025,0.03,1
TNF,0.0114686283447735,0.304836713184314,0.047,0.041,1
FRMD8,0.0114765880733924,-0.136045084616404,0.096,0.105,1
SRP68,0.011489530776192,0.126680294589316,0.106,0.096,1
DPH7,0.0115042583558571,-0.13845495384013,0.093,0.102,1
LIMD1,0.0115079381489612,-0.229452145825915,0.032,0.037,1
VAMP3,0.0115116175142919,0.127910689423914,0.11,0.1,1
CTNS,0.0115136177804786,-0.349885160270096,0.015,0.019,1
ZNF263,0.0115188063171917,0.17752967332529,0.067,0.059,1
MIS12,0.0115528144345042,0.202806780175097,0.053,0.046,1
PCGF3,0.0116803803414614,-0.195626579361372,0.049,0.056,1
FBXO46,0.0116857604252292,-0.346491380674284,0.013,0.016,1
GLB1,0.0116899087461889,-0.156448127024105,0.066,0.074,1
SEC31B,0.0117382254708367,-0.28884300463795,0.021,0.025,1
SPATC1L,0.0117408729881685,-0.197649954357184,0.041,0.047,1
KIAA0586,0.0117495295896977,0.150448145367071,0.065,0.057,1
LRATD2,0.0117600628152293,0.267736279265016,0.024,0.02,1
COX20,0.0117688395059561,-0.104398149705809,0.128,0.139,1
SLC25A24,0.0117815659111281,-0.113138536263785,0.089,0.098,1
BBS7,0.0117904138592631,-0.286170285787994,0.021,0.025,1
PHLDB2,0.0118230673779777,0.377451732698334,0.013,0.01,1
USO1,0.0118327701521158,-0.141966768080997,0.089,0.098,1
TLR5,0.0118384872164428,-0.413344185587441,0.014,0.018,1
LSG1,0.0118746345103291,0.156372940496715,0.071,0.064,1
LSR,0.0118947662877433,0.186483232563321,0.063,0.056,1
KPNA6,0.0119043155469704,0.133146773195084,0.103,0.094,1
TNRC6C,0.011945688704218,0.13909093703472,0.093,0.085,1
SIGMAR1,0.0119679925270618,-0.147419611863646,0.08,0.088,1
TBC1D17,0.0119767980850883,-0.13909379140491,0.098,0.107,1
UNK,0.0120029078050116,0.167733141396996,0.065,0.058,1
AL132709.8,0.0120107621361932,-0.305153389155565,0.017,0.021,1
EPC2,0.0120223308325293,0.16686585923662,0.064,0.057,1
KRCC1,0.0120383716723761,-0.111803808049251,0.087,0.096,1
HSPB11,0.0120407490379641,-0.125096898292993,0.134,0.144,1
TNFRSF4,0.0121148867447398,0.342548646228866,0.043,0.037,1
DONSON,0.0121193512859774,0.391701991636489,0.015,0.012,1
PPP2R5D,0.0121262615453953,-0.18615695525874,0.056,0.063,1
AC090204.1,0.0121294869090668,-0.285754822850381,0.023,0.028,1
AC022364.1,0.0121359752864341,0.447345544513801,0.012,0.009,1
ATP6V0A1,0.0121682242246834,-0.20819212187839,0.034,0.04,1
PTPRJ,0.012202772822313,-0.159470339722705,0.081,0.09,1
METTL5,0.0122033065517944,-0.123489221880337,0.139,0.149,1
MTF2,0.0123062670414656,0.105391478883895,0.122,0.112,1
SYNC,0.0123268368510789,-0.106952567081233,0.098,0.108,1
PLD6,0.0123394879593483,0.403160173563972,0.016,0.012,1
TCTE3,0.0123667042536874,0.419559675999253,0.012,0.009,1
MFN1,0.0123740561366324,-0.207510768022822,0.044,0.051,1
IMPA2,0.0123762775081115,-0.287364075712037,0.02,0.025,1
C7orf50,0.0123834606071064,0.128485093228814,0.198,0.187,1
GPRASP1,0.0123937669361168,0.27557211867912,0.028,0.023,1
SLC22A18,0.0124031674676181,-0.232872059627944,0.032,0.037,1
KATNBL1,0.0124187750136819,0.140753468202915,0.102,0.093,1
APTR,0.0124253619842919,-0.413388102576254,0.008,0.011,1
AC104162.2,0.0124266460513226,-0.471447140151009,0.007,0.01,1
AC099343.3,0.0124395712539227,-0.271351757723406,0.025,0.03,1
ZNF185,0.0124599471081334,-0.395498286917711,0.016,0.02,1
FBXO9,0.0124650797186643,-0.113862795566519,0.143,0.153,1
VAMP4,0.0124767185438021,0.12279814889145,0.104,0.094,1
FASTK,0.0125027639424847,-0.111996989201477,0.144,0.155,1
PEX2,0.012512980543435,0.162049469164149,0.093,0.084,1
GGA3,0.0125212756103446,-0.133268005581761,0.084,0.092,1
ABHD17B,0.0125348577506432,0.193619055136865,0.043,0.037,1
DANCR,0.0125355319372075,0.114396493572734,0.224,0.213,1
RRN3,0.0125397403871629,0.11145331523978,0.132,0.122,1
YES1,0.0125478810468608,0.174635279860737,0.069,0.061,1
PDE6D,0.0125620506344498,-0.14331770609533,0.079,0.087,1
PLOD3,0.0125683490529443,-0.150148199264598,0.055,0.062,1
BTAF1,0.0126193193821855,0.110731943860094,0.152,0.141,1
RNF13,0.0126516283731718,0.122498776638334,0.155,0.145,1
CDK5,0.0126663091713853,-0.244671661022355,0.032,0.037,1
GGA1,0.0126712741960154,-0.132892726676237,0.129,0.139,1
CEP63,0.0126782037882077,-0.151206605452427,0.072,0.08,1
MED1,0.0126839142772759,0.119531705084042,0.09,0.081,1
ZNF506,0.0126983626056625,0.117797120230239,0.114,0.105,1
TBC1D25,0.0127067455585379,0.181330744797719,0.07,0.063,1
INSIG1,0.0127081565443649,0.132348742508349,0.176,0.166,1
EXOSC9,0.0127561409743902,-0.150770841473106,0.087,0.095,1
ABHD14A,0.0127587527720278,-0.111659501437627,0.103,0.113,1
SMG7,0.0127588435736825,-0.119409847062967,0.101,0.11,1
DECR1,0.0127774024606074,-0.111139560205063,0.166,0.177,1
COPB1,0.0127926925612652,0.105992401855137,0.18,0.169,1
LTV1,0.0127983870784171,0.140336973273412,0.098,0.089,1
CDC7,0.0128457169281451,0.306723661256721,0.021,0.017,1
BBS4,0.01284597179273,0.274422102643024,0.026,0.021,1
ZNRD1,0.0128655709188731,0.113292050448056,0.171,0.161,1
ZNF438,0.0128855527980707,-0.325537804618634,0.02,0.024,1
PEX26,0.0129397131230016,-0.15666364089551,0.065,0.072,1
SNHG14,0.0129764558855532,0.184311138680008,0.093,0.085,1
AC055839.2,0.0130061699380466,-0.385625967869121,0.012,0.016,1
BZW2,0.0130109647424913,-0.145288321897697,0.085,0.094,1
LINC01943,0.0130116850835134,-0.379544507089522,0.012,0.016,1
DNAJA4,0.0130307957720807,0.352858119594948,0.017,0.013,1
G6PD,0.0130332522152693,-0.111332382549997,0.165,0.176,1
NPC2,0.01304524746746,-0.14277540289827,0.283,0.292,1
IREB2,0.0130640438620205,0.112492172554997,0.149,0.139,1
ZNF236-DT,0.0130839805542523,-0.35085699933742,0.012,0.015,1
TDRD7,0.0130904353486622,-0.330861912344861,0.016,0.02,1
PHKB,0.0130944759870384,-0.16758122078112,0.086,0.094,1
MBTPS1,0.0131118166015608,0.100593302715056,0.167,0.156,1
EMG1,0.0131290449796513,0.15179740849914,0.077,0.069,1
HAGHL,0.0131408874564315,-0.159643262537354,0.057,0.065,1
USP38,0.0131600616966157,0.141513507262438,0.095,0.087,1
CCDC157,0.0131824983230066,0.319253620072534,0.014,0.011,1
UNC13D,0.0132299004891894,-0.117110460854287,0.144,0.154,1
STAT5A,0.0132578829839827,-0.13723457937321,0.119,0.129,1
DOLK,0.013268686457101,0.48942652855917,0.011,0.008,1
FYTTD1,0.0132782205050579,0.107814370070606,0.177,0.166,1
NEPRO,0.0132852946035019,0.165259306501872,0.076,0.068,1
FAM24B,0.0133189314059612,0.218753986679276,0.036,0.031,1
DPP3,0.0133216646063599,-0.195677421626852,0.047,0.054,1
CHRAC1,0.013328075710529,0.115451829145984,0.179,0.169,1
SNRNP40,0.013333502704759,0.104953347066723,0.121,0.112,1
FAM120A,0.0133343323901963,-0.107919032282402,0.126,0.136,1
ZNF770,0.0133914634312411,0.142895322138342,0.085,0.076,1
FANCL,0.0134110566249493,-0.372799552218098,0.01,0.013,1
MBNL2,0.0134432688114142,0.117916767218432,0.125,0.116,1
NEURL1,0.013454142176237,0.287544760345196,0.018,0.014,1
NIBAN1,0.0134696162284133,-0.126400901563441,0.109,0.119,1
ABI3,0.0134899466774712,-0.111711343262703,0.11,0.119,1
PRIM1,0.0135293614714113,-0.187176729316696,0.036,0.042,1
PRCC,0.0135471883037102,0.131053506454267,0.113,0.103,1
PSMD3,0.0135634593149384,0.102065828376378,0.158,0.147,1
TRIM33,0.0135932238694669,0.120617102345132,0.095,0.086,1
SMC1A,0.0136145099226238,-0.133852903713088,0.11,0.12,1
ADM,0.0136500188603196,0.564319222805293,0.01,0.007,1
NPRL3,0.0136652751544127,0.128098683714584,0.105,0.096,1
PYGB,0.0136745162412003,-0.162483447948647,0.073,0.081,1
ETS2,0.013735815459534,0.237400490709383,0.092,0.084,1
MDS2,0.0137378858732965,0.199718364159866,0.041,0.035,1
INTS6-AS1,0.0138080503633676,0.214438467927659,0.05,0.043,1
ZNF43,0.0138107721956123,0.133539313988998,0.066,0.058,1
TBK1,0.0138145873701011,0.163050914586496,0.077,0.07,1
CFAP298,0.0138329427866499,-0.116320489184892,0.087,0.095,1
CSGALNACT1,0.0138435025759302,0.173832589340289,0.075,0.068,1
LINC01001,0.0138983522703581,-0.229718049415563,0.034,0.039,1
SMUG1,0.0139176627628819,-0.284600820623094,0.023,0.027,1
SLC9A1,0.0139294959561396,0.168868507057685,0.045,0.039,1
AKTIP,0.0139854595674128,0.170446269200176,0.063,0.056,1
GPATCH3,0.0140045049166606,0.157090249189786,0.069,0.062,1
ANAPC7,0.0140470678137805,-0.184017698877234,0.046,0.053,1
C16orf72,0.0140994378940428,0.201039210174058,0.042,0.036,1
YPEL2,0.0140998003789166,-0.133103472804493,0.129,0.138,1
SLC30A5,0.0141879630010013,0.120870128102591,0.107,0.098,1
SREBF1,0.0142141106396387,-0.174221694601823,0.057,0.064,1
PACS2,0.0142446264953133,-0.271619204877317,0.028,0.033,1
ALG14,0.0142774315083746,-0.30681643837821,0.014,0.018,1
POP7,0.014283707546306,0.147474162891463,0.063,0.056,1
KDM8,0.0142961516686238,0.340724798204371,0.02,0.016,1
HAUS1,0.014335130252379,-0.169497102832825,0.056,0.063,1
DGKG,0.0143430575216089,-0.598701525347298,0.007,0.01,1
HACD2,0.0143588051523797,0.196636264146986,0.05,0.044,1
SPRTN,0.0143789643088271,0.143359871503612,0.083,0.075,1
RHPN1,0.0143855052323032,0.281703881756136,0.028,0.023,1
SMC3,0.0144172734927703,0.103958384930122,0.162,0.152,1
PPIF,0.0144263418437947,0.368485491404984,0.106,0.098,1
SLC2A6,0.014443211936684,0.215275654295703,0.066,0.059,1
TCAF2,0.0144657229338916,0.164809836871493,0.084,0.076,1
ACVR1B,0.0145433294190475,0.342686314537658,0.022,0.018,1
LCLAT1,0.0146244061470316,0.212984380003796,0.043,0.037,1
SMIM15,0.0146963380831083,0.170766127873484,0.079,0.071,1
TADA3,0.0147141541037175,-0.106663477483315,0.179,0.19,1
ACSF3,0.0147430061061544,-0.151724358292503,0.073,0.081,1
GBGT1,0.014748590717006,-0.329626321286296,0.014,0.018,1
DENND4A,0.0147572617115942,0.108424071530799,0.127,0.117,1
C9orf85,0.0147574526917627,-0.181263995374628,0.048,0.054,1
DCTN2,0.0147827931795209,-0.111291948358912,0.178,0.189,1
LZTFL1,0.0147847955200093,0.331879559581074,0.021,0.017,1
AC025171.3,0.0148629129522053,0.147620606764147,0.102,0.093,1
SNHG7,0.0148695800822957,0.108312704225479,0.223,0.211,1
ZNF202,0.0148884514411769,0.286442203898038,0.025,0.02,1
TAF13,0.0149424144312885,0.205134377390147,0.043,0.037,1
IPO4,0.0149818989539173,-0.197057434027007,0.035,0.04,1
KAT2B,0.0150021458357664,-0.177669210886108,0.054,0.061,1
GPAT3,0.0150168638738558,0.421917519180862,0.024,0.02,1
CRTC3,0.0150297872546992,0.126030262750354,0.151,0.141,1
UMPS,0.0150478668779942,0.202271195367818,0.042,0.036,1
DYNC2H1,0.0150481563608531,0.487076223872832,0.011,0.008,1
AC092747.4,0.0150937120986664,-0.320644292233498,0.015,0.019,1
TCF4,0.0150992620259785,-0.233873745187803,0.051,0.058,1
TAF1,0.0151043156758159,-0.132040877275321,0.073,0.081,1
VPS16,0.0151290054508068,-0.152571714994972,0.086,0.095,1
SLC5A3,0.0151835355482568,0.211582114418495,0.049,0.043,1
KLHL7,0.015209623309552,0.162653512517387,0.058,0.051,1
TRAP1,0.0152260522372549,0.119690409407789,0.097,0.089,1
TWF1,0.0152680115527601,0.104763818027973,0.127,0.118,1
MYLIP,0.0152959193369284,0.115388747459655,0.194,0.183,1
AL161421.1,0.0153317513508172,0.318371218482193,0.019,0.015,1
ZNF710,0.015337315275349,-0.27679483400185,0.015,0.019,1
CCDC146,0.0153459047236712,0.265142213293052,0.023,0.019,1
AL592183.1,0.0154184297137185,0.41922786941065,0.013,0.01,1
SIRPB1,0.0155480331955134,-0.21067934128916,0.034,0.039,1
IL3RA,0.0155567874911281,0.340471893472214,0.015,0.011,1
SLC2A9,0.0156212505104636,-0.415878816234718,0.009,0.012,1
GFI1,0.0156340848258382,-0.257926689358793,0.019,0.023,1
NFAT5,0.0156611116060867,0.120847325117805,0.109,0.1,1
XIAP,0.015670078463445,-0.153299960635271,0.071,0.079,1
PUS3,0.015816638781618,0.252918417235564,0.028,0.023,1
EEF1E1,0.0158431940653039,0.132484093271161,0.088,0.08,1
ABCD1,0.0158595982156024,-0.249889370293374,0.031,0.036,1
RAB13,0.0158746866324032,-0.402499786433517,0.011,0.015,1
C9orf64,0.0158823041226302,-0.444184185454863,0.008,0.011,1
SMC6,0.0159039360658173,-0.195367649305402,0.075,0.083,1
PTPRK,0.0159119128757159,-0.322027207719962,0.017,0.021,1
TMEM117,0.0159239620284399,0.278146062342946,0.031,0.026,1
PLGRKT,0.0159754720146513,-0.13829388638928,0.093,0.101,1
ATG16L1,0.0159823017278792,0.144365517287152,0.075,0.067,1
RARA-AS1,0.0160535406575284,0.352046209031496,0.018,0.014,1
MEAK7,0.0160716032881352,-0.432201762772303,0.01,0.013,1
C1orf35,0.0160929676601133,0.128927580629594,0.095,0.087,1
RNF111,0.0161170167389818,-0.168358308350858,0.084,0.091,1
HOPX,0.0161880534713973,-0.221400324271333,0.182,0.191,1
RABEPK,0.0162094004597363,-0.163815816034084,0.053,0.06,1
AC073896.2,0.0162297231016128,-0.235286426472543,0.034,0.039,1
DNAJC30,0.0162818981759528,0.165516417104511,0.058,0.051,1
GTF2H4,0.0162864371180987,-0.256584022867383,0.025,0.029,1
KLHL18,0.0163143259447865,0.164743988466741,0.072,0.065,1
CGAS,0.0163253241080067,-0.196222842903355,0.039,0.045,1
DGAT1,0.0163439842954516,-0.219401876701295,0.037,0.042,1
PLA2G7,0.0163682337358251,0.264650219858724,0.018,0.014,1
EML3,0.0163914453070183,-0.131378265227599,0.102,0.11,1
TAGLN,0.016608949296698,-0.246913903700125,0.015,0.019,1
DYRK4,0.0166416165104077,-0.190034205002361,0.044,0.051,1
CARNS1,0.0166618779205789,0.334850475123552,0.019,0.015,1
UBE2V2,0.0167349825799373,-0.109016310323948,0.121,0.131,1
CHST12,0.0167655447454518,-0.121337499836683,0.168,0.178,1
TMEM14A,0.0167764966904595,-0.203897253194722,0.047,0.053,1
MTHFS,0.0168111695359305,-0.116891613854887,0.089,0.097,1
PCNA,0.0168233311119264,0.186483232563321,0.041,0.035,1
APOOL,0.0168574494910627,-0.290266299665799,0.021,0.026,1
HIST1H1B,0.0168625321437387,-0.199901234461698,0.015,0.019,1
FN3KRP,0.0168707805717974,0.203928641880396,0.05,0.044,1
TMEM181,0.016896649722889,0.139751977203756,0.07,0.063,1
CCND2,0.0168986751070885,-0.108932522372877,0.143,0.153,1
MAN1B1-DT,0.0169289288291633,0.26868573309388,0.027,0.023,1
HARS2,0.016938988274084,0.168703026162096,0.067,0.06,1
NOL12,0.0169432486394301,-0.109822949368194,0.099,0.107,1
MFSD11,0.0169726483745495,0.136750749914491,0.112,0.104,1
TARBP1,0.0170055659300095,-0.205834190215439,0.04,0.046,1
MLXIP,0.0170056523322177,-0.147240703013006,0.112,0.121,1
ZDHHC7,0.017012636499995,-0.122195662284558,0.102,0.111,1
CRIP2,0.0170329157200152,-0.25776968980762,0.067,0.074,1
ADAM28,0.0170361220397574,0.235800407193167,0.061,0.054,1
IARS,0.0170491609063405,-0.14104152246176,0.082,0.09,1
RBKS,0.0171296147397276,-0.263309886055696,0.024,0.029,1
ZNF805,0.0171537777798385,0.216767350396074,0.033,0.028,1
MTF1,0.0171799217701184,0.188224430483149,0.072,0.065,1
AGTPBP1,0.0172293547402977,-0.1207480093003,0.184,0.194,1
TANGO2,0.0172850348112243,-0.154483812030656,0.069,0.077,1
RIF1,0.0173601576860598,0.114578641572132,0.109,0.1,1
HAVCR2,0.0174351937373795,0.23736379926696,0.044,0.038,1
PRR3,0.0174452355608522,0.192524567916775,0.05,0.044,1
METTL22,0.0174552349191947,-0.198728470510742,0.047,0.053,1
SLC8B1,0.0175199242564799,0.125049293082504,0.083,0.075,1
ENG,0.0175397063369811,-0.163162110072018,0.042,0.048,1
CSTF2T,0.0175469247700639,0.167383133368778,0.061,0.054,1
LIN7A,0.0175629813273347,-0.432890728898524,0.009,0.012,1
KLF16,0.0176357942793633,-0.216783396266425,0.026,0.03,1
WDR53,0.0176735185301976,0.259977939644022,0.03,0.025,1
CTDP1,0.0176740687897485,0.162040792456136,0.081,0.074,1
DNAL1,0.017727900614284,-0.4548208215636,0.009,0.012,1
VAT1,0.0177856058506555,0.137666364088226,0.077,0.07,1
LINC01678,0.0178282659619061,0.202920796198209,0.042,0.037,1
LY6G5C,0.0178383989314797,-0.418801598762617,0.011,0.015,1
ACTR10,0.0178583798004219,-0.117277055622703,0.113,0.122,1
CCDC144A,0.017864645636662,0.234681050092605,0.032,0.027,1
POT1,0.0179019722620178,0.254622773783221,0.028,0.023,1
AC007114.1,0.0179394314379531,-0.405404217650025,0.012,0.015,1
CDC37L1-DT,0.0180537956949277,-0.351296109077803,0.012,0.016,1
UBALD2,0.0180629075740894,-0.131275249199603,0.144,0.153,1
LRRC45,0.0180858519556251,-0.220971638791585,0.031,0.036,1
GTF3C5,0.0180925958563367,0.127796599237395,0.099,0.091,1
SEC22B,0.0180976142205528,-0.135713245738616,0.087,0.095,1
ZNF784,0.0181845285868779,0.374006077750463,0.014,0.011,1
CBWD3,0.0182341115630182,0.469978033663533,0.01,0.007,1
RRAS,0.0182344766489622,-0.303752306166075,0.017,0.021,1
MPP5,0.0183112508131054,0.248775190180621,0.029,0.024,1
SAP30L,0.0183501932911389,-0.317737724755556,0.016,0.02,1
CD300C,0.0184013726979198,-0.2090063138528,0.026,0.03,1
AC024075.2,0.0184333436612911,-0.398991406977871,0.007,0.01,1
RNF214,0.0184598038458974,-0.151491404826681,0.077,0.084,1
UBN1,0.0184737625455593,-0.137964471601123,0.1,0.108,1
EOGT,0.0184944653612322,0.308029618269876,0.019,0.015,1
LMTK2,0.018514208803684,0.151979691762123,0.056,0.049,1
MRTO4,0.0185246614985245,0.150867759127687,0.065,0.058,1
LINC00863,0.0185291936568226,-0.247278156836837,0.031,0.036,1
TMEM251,0.0185326205902655,-0.253345902944657,0.021,0.025,1
AC006460.2,0.0185818811290861,0.413075642429055,0.011,0.008,1
ITGA5,0.0186986494504758,0.159773304022882,0.081,0.074,1
BIK,0.0188055820388056,0.509290957688358,0.01,0.007,1
RBM22,0.0188105212609149,0.107423242464725,0.16,0.15,1
BORCS5,0.0189307931083733,0.102199540185499,0.144,0.134,1
ZDHHC4,0.0190067481193187,0.159100575882728,0.06,0.053,1
AC005670.3,0.0190433673787415,0.199762515003469,0.045,0.039,1
FAS,0.0190491481682985,-0.146059189619189,0.076,0.083,1
PDCD10,0.019078874858704,-0.101825751319168,0.142,0.152,1
AP5S1,0.0190949288547265,0.236695618849443,0.025,0.021,1
ADARB1,0.0191040478997766,0.245348196690989,0.033,0.028,1
PRNCR1,0.0191333609922487,0.36887583851852,0.013,0.01,1
TTL,0.0191728001792591,-0.260114041303837,0.016,0.02,1
AC104530.1,0.0192726049704699,-0.457641340625979,0.008,0.011,1
DENND10,0.0193500842451647,-0.105712174432967,0.127,0.137,1
MNAT1,0.0193810148707998,0.141457390374566,0.086,0.078,1
AK3,0.0194374285332577,0.111516558619883,0.122,0.112,1
TGFBRAP1,0.019472507847533,0.215629578222838,0.038,0.033,1
TRIP6,0.0194984156131087,-0.368425852338989,0.011,0.014,1
PFKM,0.0196009968886318,-0.365751974396753,0.011,0.014,1
GZF1,0.0196518546965067,-0.20151202740138,0.052,0.059,1
ERC1,0.0196696917818018,0.173701740242923,0.07,0.063,1
ARHGAP18,0.0196965572592662,-0.230613268657919,0.033,0.038,1
JAK2,0.0196975853829454,-0.173875411385555,0.079,0.087,1
ZMAT5,0.0197104995284079,-0.155239327084594,0.06,0.067,1
INKA2,0.0197471323335669,-0.67807224562914,0.007,0.01,1
PSMB7,0.0199040349781017,-0.10078115273549,0.175,0.185,1
PMM1,0.0199106603035406,-0.125606862794664,0.085,0.093,1
SLC31A1,0.0200048202457695,-0.299826246846682,0.023,0.027,1
TTC19,0.0200079230600456,0.114702275520589,0.108,0.099,1
GNB1L,0.0200187441395022,-0.254349018484074,0.023,0.027,1
NARF,0.0200199625936626,0.100318287787938,0.169,0.158,1
MRE11,0.0201394860068787,-0.170994377570235,0.059,0.066,1
TOX,0.0201478872184657,-0.202720686660395,0.063,0.07,1
LYAR,0.0201555809347375,-0.115679486870717,0.249,0.26,1
NFE2L1,0.0202417714233545,0.164239552798237,0.051,0.045,1
AC036176.1,0.0202490998511585,-0.410497790186677,0.008,0.01,1
LGALS8,0.0202615155729327,-0.12135664217316,0.116,0.125,1
IATPR,0.0202776665292942,-0.353078419264699,0.015,0.018,1
NLRP12,0.0202944598947177,-0.26595518265301,0.02,0.024,1
AKAP7,0.0203034297518838,-0.151210588272823,0.06,0.067,1
DENND4B,0.0203150886969678,-0.137062890384419,0.097,0.106,1
CCDC167,0.0203233758070994,0.165399412674623,0.082,0.074,1
ZBTB48,0.0203282958601387,-0.189140539623914,0.053,0.059,1
TBCCD1,0.0203321311941627,-0.214840738787637,0.042,0.047,1
TNRC6A,0.0203385455939387,0.10206997438537,0.124,0.114,1
PGRMC2,0.02034579900958,0.17953974650937,0.059,0.053,1
SLC35E1,0.0203762640704523,0.134746574545556,0.05,0.044,1
HABP4,0.020386556704833,0.254377896409997,0.036,0.031,1
TXNL4B,0.0204070489898574,0.209035283552309,0.033,0.028,1
TBC1D31,0.0204078498174922,-0.272128524047409,0.025,0.03,1
CCNQ,0.0204199508417407,-0.245400782608346,0.034,0.039,1
CCDC57,0.0204806413000805,0.129108910087887,0.155,0.146,1
TMED1,0.0206237360747699,-0.182475493280296,0.04,0.046,1
EPHX1,0.0206239711505912,-0.40812120478218,0.009,0.012,1
SMN2,0.0206569604413596,-0.223955578434939,0.029,0.034,1
TMEM127,0.0207636250554256,-0.170938028898553,0.056,0.062,1
ZNF44,0.0208100515612518,-0.176416516772615,0.071,0.078,1
CRK,0.0208156238731783,0.214918423899751,0.046,0.041,1
HOTAIRM1,0.0208166411556761,0.118953558811164,0.129,0.12,1
WDR36,0.0208398993486342,0.136944536155303,0.076,0.069,1
FAM43A,0.0208554280769292,0.308279452417445,0.03,0.025,1
NF2,0.0208622856187977,0.1913635771726,0.05,0.045,1
ZNF510,0.0208762630281246,0.340667146901004,0.015,0.012,1
AP5M1,0.0208983925660316,0.147682514760443,0.078,0.07,1
QSOX1,0.0209031085799648,0.14848577009322,0.082,0.074,1
AL353622.1,0.0209182676004382,-0.402499786433517,0.01,0.013,1
SLC35F5,0.0209358282860509,0.175153522799002,0.045,0.039,1
ATG7,0.0209593807706807,-0.193943779165298,0.054,0.06,1
GLMP,0.0209650395748779,0.174086710561912,0.067,0.06,1
ITCH,0.021082629146564,0.103490018976068,0.141,0.132,1
ERCC6L2,0.0210938977024127,0.133609452576235,0.079,0.072,1
MCM5,0.0211090369306453,-0.134072121829505,0.074,0.081,1
LUCAT1,0.0211355567564355,0.254105097876351,0.031,0.027,1
TRAF2,0.021182773330558,-0.209243221747357,0.029,0.034,1
LRRC8C,0.0212890140490378,0.135376683763035,0.114,0.105,1
MARCH3,0.0213219644989108,0.21271972282304,0.05,0.044,1
ZNF131,0.0213295310641044,0.126494163775089,0.123,0.114,1
AL157392.3,0.0213433039680381,-0.356216668022493,0.011,0.014,1
ZNF16,0.0213599543389318,0.236197880344975,0.024,0.02,1
AL353807.5,0.0213771255494131,-0.21953223052721,0.039,0.044,1
ZMYND8,0.0214036125139031,-0.10772869244897,0.084,0.092,1
ATPAF1,0.0214060735720929,-0.169418602701352,0.043,0.049,1
ZNF529-AS1,0.021411606298836,-0.282667289010639,0.016,0.019,1
XPNPEP1,0.02145287324044,-0.155290347761406,0.088,0.096,1
SMIM3,0.0214703097417319,-0.239001054150639,0.04,0.046,1
ZER1,0.0215490331654099,0.150041236595261,0.059,0.053,1
HERPUD1,0.0216182346357754,0.122704835824558,0.396,0.384,1
DOHH,0.0216397381057314,0.206309456242006,0.035,0.03,1
SNX12,0.0216538897795753,0.174763666006492,0.047,0.041,1
RUFY3,0.0217179816726858,-0.192473419924204,0.039,0.045,1
SLC16A7,0.0217203598115607,0.119704537976946,0.102,0.094,1
GMPR2,0.0217715135735503,-0.115060351486994,0.1,0.108,1
ZCWPW1,0.0218626651984611,0.280181371931709,0.025,0.021,1
SEC23B,0.0218709089266053,0.151039296158338,0.079,0.072,1
TAF1B,0.0218861091110072,0.180648204693576,0.051,0.045,1
LILRA6,0.0218962000581754,-0.224989267210963,0.034,0.039,1
ZDHHC3,0.0219125441200867,-0.117175447948135,0.116,0.125,1
FKRP,0.0219631123655181,0.322430277989055,0.016,0.013,1
FER,0.0220665750932328,0.274029953870714,0.024,0.02,1
AL121603.2,0.0220969173768437,0.288224155243972,0.02,0.016,1
SPIB,0.0221127561782003,-0.193371221619516,0.04,0.046,1
BX284668.6,0.022133368359152,-0.35591880592979,0.011,0.014,1
IFIH1,0.0221562846844292,-0.161820814708188,0.044,0.05,1
LYRM1,0.022175581963576,-0.154380139940898,0.068,0.075,1
LINC00649,0.0222081485363707,-0.209636134891599,0.052,0.058,1
HPRT1,0.0222192077982724,-0.113488600232718,0.107,0.116,1
PPP6R3,0.0222243558060451,0.106231875080748,0.144,0.135,1
RUBCNL,0.022246783626831,0.26690499428616,0.045,0.04,1
SEMA7A,0.0223992505438879,-0.434921264125895,0.007,0.01,1
MT1F,0.0225115166853597,-0.1800541791635,0.067,0.074,1
NEK3,0.0225263348333786,-0.244369612093625,0.018,0.021,1
SLC43A2,0.022545199322168,0.242651352163317,0.102,0.094,1
GGT1.1,0.0225456626497606,-0.40812120478218,0.009,0.012,1
RRP1,0.0225623407355615,0.211880490413123,0.04,0.035,1
ZC3H7B,0.0225845400385563,0.132447176580523,0.064,0.057,1
NUP205,0.0226554759650053,0.155226553547947,0.057,0.051,1
CCDC122,0.0227144101277245,0.30426215529013,0.012,0.009,1
MAP3K4,0.0227488876599486,0.108179500843567,0.09,0.083,1
HDDC3,0.0228022931441317,-0.167880482374207,0.067,0.074,1
ZUP1,0.0228025982736636,0.218947073311329,0.04,0.035,1
ZNF525,0.0228487622133631,0.267600591981503,0.025,0.021,1
VPS33B,0.0228492927756277,0.245724584650569,0.031,0.027,1
ARSD,0.0228556159120991,-0.282626156705374,0.017,0.02,1
CNR2,0.0230269452530984,-0.361504243536928,0.008,0.011,1
TOB2,0.0230384036338761,-0.141892117994264,0.062,0.069,1
FN3K,0.0230984531557955,-0.343947604078404,0.011,0.014,1
TBC1D20,0.0231307520353851,-0.186941204014391,0.064,0.071,1
ZNF23,0.0231343693325389,-0.293078804651622,0.023,0.027,1
PSMD10,0.0231612653062001,-0.176136331293459,0.051,0.057,1
HERC6,0.023163835040429,-0.219840081515028,0.028,0.033,1
MAST2,0.0232639146385378,0.369354264999736,0.014,0.011,1
EIF4G3,0.023316613071031,-0.156344499059205,0.062,0.069,1
TCTN3,0.0233463242957831,-0.144214439807547,0.074,0.081,1
THAP9-AS1,0.0233625682343525,0.16643567484593,0.068,0.062,1
RPAP3,0.0233784526352389,-0.129775484727768,0.069,0.076,1
TOR1AIP1,0.0233965580614724,0.104571159319098,0.141,0.132,1
ZNF544,0.0233998849018533,-0.166931976349336,0.049,0.055,1
DAPP1,0.0234429022946704,-0.204979496155672,0.059,0.066,1
CORO2A,0.0234635321149117,0.211353809367496,0.039,0.034,1
CCDC9,0.0234856006893139,0.242501801290225,0.028,0.023,1
MTSS1,0.0235306373965897,0.154262732045946,0.126,0.118,1
OXSM,0.0235530149002336,0.309364292906947,0.018,0.015,1
COPS7B,0.0235533072291821,-0.146086605508912,0.065,0.072,1
SKA2,0.0235611921854948,-0.179781242098976,0.054,0.061,1
COMMD5,0.0236738776028066,0.149297387627564,0.103,0.095,1
TAX1BP3,0.0236807009815655,-0.161497520136869,0.056,0.062,1
BAK1,0.0237180075648282,-0.111565464974675,0.091,0.099,1
RBM15,0.0237225699179837,-0.15285795231926,0.058,0.064,1
RTL8A,0.0237301542450983,-0.136304297783689,0.064,0.071,1
COMMD4,0.0237777144328542,-0.145922030281209,0.079,0.087,1
SUSD6,0.0237796634401498,0.155068568872231,0.088,0.08,1
SEPTIN10,0.0238077440726456,-0.425173287574333,0.007,0.01,1
ALDH6A1,0.0238216787498484,0.255719314489798,0.03,0.025,1
STX2,0.0238415877407327,0.214042236524111,0.037,0.032,1
NMNAT1,0.0238546498483014,-0.371464650396383,0.01,0.013,1
ALKBH2,0.0238853456635669,0.195949043051854,0.042,0.037,1
LINC02520,0.0239088214025646,-0.338996844127359,0.01,0.012,1
TSPOAP1-AS1,0.0239893985828756,-0.174752191986491,0.055,0.062,1
RAB20,0.0240001158235197,0.200370014437167,0.048,0.043,1
AC004951.1,0.0240069858386441,-0.298892135027422,0.018,0.022,1
ZFP14,0.0240183688745893,-0.190559228342546,0.048,0.054,1
AMBRA1,0.0240444073687854,0.18459845863163,0.056,0.05,1
ZNF562,0.0240541143080957,0.251612219734939,0.033,0.028,1
LIMK1,0.0240551519245552,-0.201784156995865,0.033,0.038,1
PTRH2,0.0241037910777655,0.217630120305704,0.043,0.037,1
PYCARD-AS1,0.0241125109599439,-0.406352111929124,0.009,0.011,1
CDKN2AIPNL,0.0241278636579905,-0.145297549812962,0.076,0.083,1
TMEM263,0.0241299544475005,0.119738476431736,0.114,0.105,1
SHROOM1,0.0241359144742079,-0.3367521026742,0.011,0.014,1
DPM2,0.024226781245945,-0.129203396419792,0.081,0.089,1
CDIPT,0.0242275000475896,-0.116246399977173,0.118,0.127,1
GIT1,0.0242324832674489,-0.228194299194055,0.03,0.034,1
GCC1,0.0242609504226845,0.200753079710194,0.045,0.039,1
CLPTM1,0.0242956923564628,-0.109884981889809,0.138,0.147,1
SNHG21,0.024331384512098,-0.188960371651043,0.044,0.05,1
LINC02432,0.0243488128532808,-0.285097468740092,0.01,0.013,1
DOCK11,0.0243715927318162,0.112749802026904,0.125,0.117,1
CNEP1R1,0.0244080478521993,0.188644075819008,0.045,0.04,1
TLN1,0.0244999588551271,-0.138230460737556,0.278,0.289,1
CCDC86,0.0245090350114683,0.215738869161937,0.035,0.03,1
ZBTB37,0.0245094690735684,-0.225683338658757,0.026,0.03,1
PCNT,0.024536488266643,0.123976646811921,0.085,0.077,1
SPOPL,0.0245396406330128,-0.192206842671697,0.041,0.047,1
ARL2,0.0245568370415807,-0.114855913255723,0.097,0.105,1
NME7,0.0247013574987447,0.218925405204708,0.027,0.023,1
ZNF609,0.0247601100989365,0.13296772323632,0.064,0.057,1
SBK1,0.0248407647372036,-0.300784591474359,0.024,0.028,1
PRDX4,0.0248821209414978,-0.113502659710554,0.06,0.067,1
PTPN11,0.0248958675482564,0.110714916389192,0.115,0.107,1
RFX5,0.0249278393041634,-0.152395950639499,0.069,0.076,1
PAFAH2,0.0249485467160866,0.258257533376951,0.028,0.024,1
RTCA-AS1,0.0249578871008707,-0.369332922498318,0.011,0.014,1
POLR3K,0.0249595356789712,-0.191200333348935,0.041,0.047,1
UPF3B,0.0249967632835411,-0.131656363875184,0.104,0.112,1
CUL2,0.0250379647150216,0.140742203201589,0.087,0.08,1
CCDC71,0.0250381118837934,0.180210716233875,0.05,0.045,1
HARBI1,0.0250631007361685,0.399000457217332,0.012,0.009,1
THAP7-AS1,0.0250744337465201,0.238791101607998,0.029,0.024,1
CLUAP1,0.0250899284524959,-0.234202064142583,0.024,0.029,1
HOOK1,0.0251004606809412,0.253134729559364,0.024,0.02,1
AC008957.1,0.0251020781775568,-0.348764620376181,0.01,0.013,1
CALML4,0.0251850846643157,-0.267344017540005,0.017,0.02,1
APPL2,0.0251866290464443,0.19174052787565,0.033,0.028,1
ACSL3,0.0252177128090432,0.137560834536798,0.086,0.078,1
THEM6,0.0253135978511687,0.238635159864249,0.035,0.031,1
CSTF1,0.0253810278174766,0.126582263771272,0.051,0.045,1
MX2,0.0253969335337465,-0.110350045343214,0.138,0.147,1
AC093010.2,0.0254127995452629,-0.255142361941454,0.022,0.026,1
THAP11,0.0254237769827265,0.117227498360243,0.075,0.068,1
OSER1-DT,0.0254469945169666,0.186462996850315,0.046,0.04,1
ECHDC2,0.0254579974867169,0.12388755018202,0.11,0.102,1
ALMS1,0.025530850628669,0.187890497748069,0.045,0.039,1
EPB41L3,0.0255342252188763,0.281080096619064,0.034,0.029,1
EDAR,0.0255530771262508,0.366425549130233,0.012,0.009,1
TMEM161A,0.025576473501586,0.17947024480689,0.056,0.05,1
SCAF8,0.0256232302162838,0.114757762724338,0.11,0.102,1
ZNF169,0.0257136292550065,-0.247231983207743,0.024,0.028,1
CPT1B,0.0257400292938952,0.279363697841495,0.021,0.018,1
AC022182.1,0.0257719160462955,-0.23471369574754,0.018,0.022,1
SLC16A1,0.0257805039391032,0.237009637317237,0.031,0.026,1
ZBED5,0.0260415765320058,-0.116735406390446,0.068,0.075,1
AC092279.1,0.0261092793393438,0.239427554944025,0.029,0.025,1
RAB3GAP1,0.0261845651556776,0.10968349897912,0.095,0.087,1
ADAMTSL4-AS1,0.026204792905642,-0.290360328171957,0.017,0.02,1
USP30-AS1,0.0263635502517284,-0.18985340482155,0.03,0.034,1
CELA1,0.0264928568724712,-0.312865483051015,0.016,0.02,1
DNAAF2,0.0265295239145912,0.120835886210234,0.124,0.115,1
CCR6,0.0266662441296562,-0.148457192157279,0.065,0.071,1
MUL1,0.0267164713644417,0.169457554200148,0.064,0.058,1
CC2D1A,0.02673113883329,-0.152458944976281,0.069,0.075,1
FOLR2,0.0267758460919045,-0.391794016238955,0.009,0.012,1
RUNX1,0.0267776172830165,0.11752842307677,0.151,0.143,1
PIGL,0.026865559893837,0.142095058821845,0.058,0.052,1
ABHD10,0.0268751619277471,0.166735214446994,0.061,0.055,1
BCL2L12,0.0269437744485083,-0.179843582120444,0.037,0.042,1
CWF19L1,0.0269615566543087,0.143040531815701,0.071,0.065,1
ACOT2,0.0270457243261318,0.182631737196964,0.054,0.048,1
THBS3,0.0270831765744735,-0.241595830103506,0.022,0.027,1
RIPK3,0.0271296550918707,-0.177017097524044,0.037,0.042,1
CHKB,0.0271556331973414,-0.121159417199404,0.145,0.154,1
ECHDC1,0.0271696548480055,-0.112488750758304,0.113,0.122,1
TAF6L,0.0272564973862827,-0.210956422970694,0.038,0.044,1
FRS2,0.0272756420522991,0.170874740012427,0.052,0.046,1
WDR6,0.0275317592981198,-0.136514311057161,0.104,0.112,1
SPTSSA,0.0275619605162451,-0.15862913734389,0.051,0.057,1
MRPS26,0.0275639606644487,-0.112527107195749,0.094,0.102,1
CCDC85C,0.0276276190012144,0.195103975413557,0.035,0.03,1
C17orf75,0.0276412822790732,0.208653396710305,0.024,0.02,1
EIF4ENIF1,0.0276816046673329,-0.28649454577659,0.022,0.026,1
MRPL13,0.0277051530538942,0.119168479493984,0.096,0.088,1
BBS9,0.0277450209850849,0.231351850864005,0.037,0.032,1
TRIAP1,0.0277735478184592,0.102915566125249,0.115,0.106,1
KIF3A,0.0278929642787535,0.18829794354585,0.042,0.037,1
PPOX,0.0279240452359183,-0.187701855514764,0.049,0.055,1
REV1,0.0279286480315728,0.105349746311115,0.106,0.098,1
IFFO2,0.0279310793131519,-0.28592210153813,0.017,0.021,1
DHRS1,0.0279343733236577,-0.154674655927812,0.072,0.079,1
HIST1H4E,0.0279522525629926,0.405126889313564,0.01,0.008,1
SYMPK,0.0279736680737274,-0.125231376585322,0.091,0.099,1
CNTNAP2,0.0280400422603597,0.273672585763639,0.013,0.01,1
GATB,0.0280516318772955,-0.253314457635947,0.018,0.021,1
ZNF480,0.0281410946149761,-0.159596906669639,0.059,0.065,1
UBE2Z,0.0281456594342166,-0.115333718126825,0.069,0.075,1
SLCO3A1,0.0281619614494268,-0.137572493766766,0.067,0.074,1
RUVBL2,0.0281673471305918,-0.134177052238861,0.072,0.079,1
NACC1,0.0282169188576774,-0.203319366128758,0.025,0.03,1
LINC01891,0.0282188424758016,0.256231285914506,0.02,0.016,1
TOB1-AS1,0.0282424097487596,-0.364531936234497,0.011,0.014,1
MAPK13,0.0283012449523139,0.151778377131319,0.061,0.055,1
RAPH1,0.0283208541760996,0.388272251428482,0.01,0.007,1
CES1,0.0283348284593153,-0.3205885886469,0.034,0.039,1
MIR222HG,0.0283596269808949,-0.322792427879817,0.014,0.018,1
BCDIN3D,0.0284015323460392,0.263869825751556,0.023,0.019,1
KDM5C,0.0284482862454819,0.133243821268068,0.084,0.077,1
ZNF83,0.0285563683498561,-0.133030922475077,0.078,0.086,1
CDK2,0.0285904465445379,0.278326230315818,0.016,0.013,1
DUSP10,0.0286002938189126,-0.17587220624328,0.053,0.059,1
OAF,0.0286386876152316,-0.361925440420016,0.016,0.019,1
CWC25,0.0286893664007707,0.101469600943942,0.138,0.13,1
SUPT7L,0.0287342306627342,0.123264472861047,0.117,0.109,1
WHRN,0.0287570419578023,0.294185036233339,0.03,0.026,1
ZNF141,0.0288251902371199,0.160398029392437,0.064,0.058,1
NFIX,0.0289561762622458,-0.375420252377233,0.009,0.011,1
NOC3L,0.029019686053329,-0.232719859659826,0.031,0.036,1
KIDINS220,0.029072643972606,-0.11995906624824,0.1,0.108,1
MAP3K13,0.0291135183748318,0.143527929636587,0.061,0.055,1
DNAJC10,0.02914361639019,-0.116620258397725,0.102,0.11,1
RNF8,0.0292826238940212,0.164831343247863,0.04,0.035,1
VPS9D1,0.0292942988851292,-0.232339375202232,0.033,0.037,1
HMOX2,0.0293480028993677,-0.100365560910784,0.201,0.21,1
AC058791.1,0.0293794882525309,-0.33254182199006,0.015,0.018,1
TIMM8A,0.0293992355774204,0.272631509492544,0.023,0.019,1
OSBPL10,0.0294449112379717,0.232024016473506,0.029,0.024,1
P2RY11,0.0294454965000828,-0.364531936234497,0.01,0.013,1
TMEM177,0.0295522874613664,0.323808304331967,0.019,0.015,1
SORT1,0.0295576406926935,-0.241788871522258,0.023,0.027,1
ARMH1,0.0296010604747967,0.116866258720083,0.13,0.122,1
HIST2H2BE,0.029626975663987,-0.30893961027118,0.021,0.025,1
SENP7,0.0296304665341231,0.107890811376269,0.112,0.104,1
ZBTB21,0.029631933555682,0.130899342895091,0.064,0.057,1
RAB18,0.0296518422905988,-0.11253705319272,0.152,0.161,1
CIAPIN1,0.0297121221251023,0.135270100774,0.074,0.067,1
SCAMP4,0.0297290619582829,0.11670614032958,0.096,0.088,1
KIF3B,0.0297432113937494,-0.186711505735524,0.039,0.044,1
CD72,0.0297695784632098,0.123413083490322,0.041,0.036,1
PAK1IP1,0.0298714415264832,0.16514812898547,0.039,0.034,1
AC002558.3,0.0298933853209657,-0.276184819724547,0.016,0.019,1
GPATCH11,0.0300747116465568,-0.174927312612152,0.035,0.039,1
NANS,0.0301261838683528,0.140964481476099,0.078,0.071,1
U2AF1,0.0301455531070737,-0.163295709734586,0.044,0.049,1
NPC1,0.0301803497376805,0.159972217893245,0.058,0.052,1
TTC22,0.0301880094817189,-0.301833030863954,0.016,0.02,1
GNAO1,0.0302386434688882,0.3013272847766,0.016,0.013,1
AC004241.1,0.0302625538028575,-0.41816989983657,0.009,0.011,1
APPBP2,0.0302694756172092,0.13943313702928,0.074,0.067,1
ST14,0.0302743481397025,-0.219042923670305,0.017,0.02,1
SLMAP,0.0304053965199506,0.108660705895927,0.119,0.111,1
SLC52A2,0.0304293607756463,-0.118218193498516,0.079,0.086,1
KIF1B,0.0305348293573875,0.195552260614343,0.046,0.041,1
MAP3K20,0.0305544588253039,-0.206458524684328,0.032,0.036,1
GRK5,0.0306092169010438,0.138729780680936,0.054,0.048,1
CUL9,0.0306244989576079,-0.20710258283542,0.037,0.042,1
ZNF658,0.0306463497641086,0.292323482968444,0.014,0.011,1
AC007613.1,0.0306512322065592,-0.377205766269608,0.009,0.012,1
AKT1S1,0.0307121893490985,-0.204524066084453,0.042,0.047,1
EIF3C,0.0309359543416778,-0.162723436603911,0.05,0.056,1
PHACTR2,0.0309600180395374,-0.112993169238533,0.08,0.087,1
CASTOR2,0.0309646636038005,0.29900387572026,0.018,0.014,1
ESS2,0.0309793281005857,0.162197298901199,0.049,0.043,1
RAMAC,0.0310153499606149,0.112295322407891,0.129,0.121,1
KIAA1143,0.0310643378019632,0.124349334922967,0.143,0.135,1
TRPT1,0.0311757667607294,-0.12085876250994,0.104,0.112,1
AIDA,0.0311904158386164,-0.137724309287628,0.098,0.106,1
CAVIN2,0.0313677924996818,-0.338606934073589,0.021,0.025,1
RRAGC,0.0314028674091415,-0.164544882950933,0.044,0.049,1
AGER,0.0314092655125853,-0.207771393990632,0.038,0.043,1
SUGP1,0.0314484715681244,-0.1801190919892,0.052,0.058,1
TREML1,0.0314670282257401,-0.233006148439146,0.007,0.01,1
LGR6,0.0314748392030542,0.272795034008546,0.026,0.022,1
ACAP3,0.0314809146201528,-0.130454139304755,0.06,0.066,1
PIK3R6,0.0315242798473631,-0.418418633213967,0.007,0.01,1
TNPO1,0.0315267868854551,0.118224392444117,0.111,0.103,1
ELF4,0.0315739270470964,-0.16651368619325,0.06,0.066,1
KIAA0319L,0.0315996441895903,-0.102229212952655,0.085,0.093,1
CBX6,0.0316064486963328,-0.143243719837159,0.082,0.089,1
TMEM63B,0.0316198293885351,-0.189206334492128,0.031,0.036,1
ALDH3A2,0.0316611190357081,-0.171886858292101,0.04,0.046,1
PXK,0.0316675198054121,-0.155308116801773,0.074,0.081,1
SLC36A4,0.0317803293311675,0.13831875157072,0.063,0.057,1
PRPF40B,0.0318484255842015,-0.325339168374221,0.011,0.014,1
GPD2,0.0319666682915042,-0.303530864102572,0.018,0.021,1
AL121933.2,0.0320713211502141,-0.360331947705212,0.01,0.012,1
DCAF13,0.0321065060379667,0.132513974202578,0.072,0.066,1
CARMIL1,0.0322193963586987,-0.323889951737151,0.01,0.012,1
VEZT,0.0322657498090195,0.143040531815701,0.072,0.066,1
LDLR,0.032269718740157,-0.199283422001658,0.029,0.033,1
MICAL2,0.0322746165338978,-0.194341709119797,0.037,0.042,1
RUNX2,0.032299671908498,0.122907260189459,0.074,0.067,1
RPUSD3,0.032338439007602,-0.133941102954763,0.081,0.088,1
SLC25A25,0.0323490529268423,-0.158205095768957,0.074,0.081,1
UTP15,0.0323967809890939,0.233468087589404,0.03,0.026,1
GABPB2,0.0325151318560949,-0.16172699207188,0.041,0.047,1
VAPB,0.0325576636777157,0.13296772323632,0.079,0.073,1
SMPD4,0.0325624119373105,0.101233784664001,0.128,0.119,1
IL18,0.0325705064959187,-0.241327356789951,0.018,0.022,1
CDKN2C,0.0325854517636632,-0.255718449095572,0.019,0.023,1
CCDC137,0.0326356212285041,0.13296772323632,0.091,0.084,1
CHPF2,0.0326506172158982,-0.149614307242676,0.071,0.077,1
SUDS3,0.0326733400575879,-0.138921070070389,0.08,0.087,1
PUDP,0.0327253407260554,0.234962590398036,0.026,0.022,1
CDC23,0.0327541414283923,0.198699182272961,0.033,0.029,1
FRMD4B,0.0328102065483192,-0.268023955381151,0.031,0.035,1
CHMP7,0.0328819323239681,0.10616153872234,0.168,0.159,1
TLE2,0.0328948200663184,0.324371417157574,0.012,0.009,1
TPT1-AS1,0.0329803284273283,-0.16325163346409,0.044,0.049,1
ARHGAP32,0.0329874273948144,0.391488780220909,0.011,0.008,1
MAML3,0.0331161917418388,0.231441085132838,0.03,0.026,1
AIMP2,0.0331553443789259,-0.178740529333164,0.048,0.053,1
RRP15,0.0332538323378373,0.148055420671417,0.067,0.06,1
ERI3,0.0332929265238505,-0.121961632960419,0.077,0.084,1
CMAS,0.0333111882130007,-0.134261785992184,0.056,0.062,1
MTURN,0.0333202279877963,-0.207990831977349,0.018,0.021,1
DEF8,0.0334147060007814,-0.144311690750136,0.086,0.093,1
RAP2C-AS1,0.0334526127605685,0.254377896409997,0.022,0.018,1
FGGY,0.0334555079270309,-0.264996262683582,0.018,0.022,1
THG1L,0.0334828898695822,-0.155725521230236,0.043,0.048,1
ACOT8,0.0335057551960733,-0.124629571537478,0.073,0.08,1
TMEM260,0.0335499889674993,-0.177017097524044,0.036,0.041,1
TSPAN31,0.0335781568653584,-0.180579832695855,0.04,0.045,1
KIF1C,0.0337329759415347,-0.249889370293374,0.02,0.024,1
LIAS,0.0337592790342905,-0.184165188070538,0.039,0.044,1
ANO9,0.0338943705874548,0.190049208759446,0.053,0.048,1
GCDH,0.0338956291108344,0.146622526367797,0.063,0.057,1
MYEF2,0.0340342740099283,0.230772508708118,0.027,0.023,1
B4GALT4,0.0340698041188867,-0.171453941547401,0.061,0.067,1
GSTM2,0.0340773175941401,0.150384286184534,0.073,0.067,1
TTC39B,0.0341420529973333,0.114187788939761,0.06,0.054,1
IPO11,0.0341674162820934,0.169804491416691,0.031,0.026,1
PRH1,0.0342229677802463,0.129282676428463,0.076,0.07,1
LARP1,0.0342634931678268,-0.112510523123121,0.099,0.107,1
RUVBL1,0.0343156399404888,-0.139713287644047,0.059,0.065,1
LPCAT1,0.0343256572149836,0.125598907437896,0.116,0.108,1
PWWP2B,0.0343366576319864,0.256350138741602,0.021,0.017,1
MFSD14C,0.0344254665342421,-0.137845284931562,0.068,0.074,1
IGFBP7,0.034462621497139,-0.128903687741355,0.045,0.05,1
AL139384.1,0.0346278224232426,0.413075642429056,0.01,0.007,1
TNFRSF10B,0.0346843102167523,0.134919949570598,0.077,0.07,1
AP000787.1,0.0347506190535752,0.251055839072089,0.027,0.023,1
ZSCAN16-AS1,0.0347826344571403,-0.102147490634353,0.142,0.151,1
MCF2L,0.0348245499581941,0.31577844107414,0.01,0.007,1
MGAT5,0.0349374031437558,0.199749155850182,0.051,0.045,1
RPGR,0.0349832725844799,0.18739465107763,0.035,0.03,1
C1orf131,0.0349983538197783,0.144175913271943,0.075,0.069,1
KCNQ1,0.0349995519841141,-0.18602739232534,0.036,0.041,1
RTP4,0.0350837716265331,-0.266214240840254,0.017,0.02,1
TAF12,0.0351795946668251,-0.121086851284869,0.088,0.095,1
CIDEB,0.0352402289318115,-0.15353294099654,0.055,0.061,1
TRIM62,0.0352647847403633,0.181546426520484,0.044,0.039,1
CCDC7,0.035297938559783,-0.146967224170019,0.046,0.051,1
NXPE3,0.0353589387514784,-0.14039946612338,0.085,0.092,1
HAUS8,0.0353661326425027,0.172716674563159,0.029,0.025,1
REPS1,0.0354749393804919,0.108101864383783,0.094,0.087,1
NXT2,0.0355556413145483,0.215872282524354,0.031,0.027,1
LZTS3,0.0357148271193778,0.446242506364254,0.01,0.007,1
RNASEL,0.0357544430722822,0.261072548984004,0.023,0.019,1
NAA16,0.0357585260004337,0.117390450304946,0.145,0.137,1
TMEM187,0.0358754828989056,0.314737723235763,0.013,0.011,1
TBC1D23,0.0360314892672293,0.132287979131492,0.076,0.069,1
RNF212,0.0360778069735197,0.325612801178716,0.014,0.011,1
POU2AF1,0.0361285349598169,-0.221485318468332,0.035,0.04,1
ZNF7,0.0361785483458757,0.142888101193069,0.06,0.054,1
LINC01806,0.0364537238666131,0.28844898791531,0.015,0.012,1
ZNF675,0.0364909664747873,0.137330184845707,0.063,0.057,1
BCAT2,0.0365221236567094,-0.188650874953872,0.04,0.045,1
TYSND1,0.0365249279832683,-0.168211200148703,0.044,0.049,1
SBF1,0.0365564897083647,0.112687822112891,0.084,0.077,1
TM9SF1,0.036661459992747,0.197080992290758,0.05,0.045,1
CCDC14,0.0367190567905238,-0.135492621031702,0.061,0.067,1
YEATS2,0.0367415782088428,-0.171886858292101,0.044,0.05,1
RAB2B,0.0367656938662056,0.138031218925843,0.054,0.048,1
SLC25A22,0.0368295810035948,-0.188982852115409,0.043,0.048,1
LIN37,0.0368745678718139,-0.200842736588361,0.04,0.045,1
BORA,0.0369171992550861,0.213589892396278,0.015,0.012,1
UBAP2,0.0370716760204805,-0.127668324041987,0.056,0.062,1
AP001636.3,0.0371268343468902,-0.391528668612514,0.008,0.01,1
QTRT2,0.0372162493923916,0.163004769445656,0.04,0.035,1
MCM4,0.0372402890854826,0.25927030635002,0.018,0.015,1
CEBPG,0.0373477522137263,-0.106724692064253,0.091,0.098,1
MPV17L2,0.0373701621449446,-0.231398271628662,0.026,0.03,1
SLC29A1,0.0374619819174707,-0.342386295354541,0.011,0.013,1
SLC1A4,0.0375405334775145,0.22341442292548,0.026,0.022,1
TIMELESS,0.0375602776769518,-0.188960371651042,0.018,0.021,1
GORASP1,0.037621593748546,-0.21272895306661,0.03,0.034,1
CENPB,0.0376503098150939,-0.222745743020284,0.036,0.041,1
APOBEC3D,0.037742619324818,-0.266102199909753,0.018,0.022,1
PPP1R3D,0.0377785980813905,-0.313062921252795,0.012,0.015,1
ZKSCAN1,0.0380353566596612,-0.118068509894971,0.104,0.111,1
FOXO3,0.0380610710415487,0.133181503342051,0.084,0.077,1
KBTBD7,0.038075231335188,0.362251383351373,0.014,0.011,1
BLOC1S4,0.0381007752378613,0.101003248195667,0.136,0.127,1
SYS1,0.0381368135067163,0.107955835228247,0.114,0.106,1
TMTC2,0.0381736013493676,-0.342851040821547,0.014,0.018,1
CD83,0.0382915443809397,0.162061057646241,0.17,0.182,1
PGP,0.0383282184803947,-0.157820526930536,0.059,0.065,1
DDB2,0.0383662479981224,0.116205005133331,0.098,0.091,1
RBMX2,0.0383794749541553,-0.110150842160131,0.083,0.09,1
TPCN2,0.0383888484272442,0.19031325185327,0.031,0.027,1
F8A1,0.0384110291067502,-0.326463895400977,0.013,0.016,1
AKAP1,0.0384208460955809,0.26868573309388,0.021,0.018,1
SDHAF4,0.0384398559706591,-0.294412750660318,0.015,0.019,1
AC009126.1,0.0384437769357711,-0.240889645912536,0.02,0.023,1
RFFL,0.038453759159164,0.107349499803089,0.087,0.08,1
LIPE,0.0384767637011727,0.324024454611926,0.015,0.012,1
TULP3,0.0384885998977616,0.182462714287638,0.021,0.018,1
PAFAH1B3,0.0384993647332295,-0.12525814182204,0.076,0.083,1
YOD1,0.0385790741724329,-0.236335566018943,0.022,0.026,1
ERBB2,0.0385925489710523,0.283792625484089,0.014,0.011,1
POLR3B,0.0386074734891043,0.271603216476175,0.019,0.015,1
BX255925.3,0.0387354016402972,-0.30582998019216,0.011,0.014,1
TMEM41A,0.0387569401901292,0.145913350972585,0.058,0.052,1
MRPL12,0.0389253103104607,-0.115014630819816,0.081,0.088,1
SSBP2,0.0389467958603412,0.1182450175751,0.095,0.088,1
SNX1,0.0389817050365651,-0.107332011514934,0.13,0.138,1
ZBP1,0.0389982246792741,-0.11266140667051,0.152,0.161,1
CCDC120,0.0390087179991335,0.363747930065487,0.013,0.01,1
RBSN,0.0390542788804667,0.130559165214741,0.076,0.07,1
COX10,0.0391787561862106,-0.15445226495608,0.049,0.055,1
NAT9,0.0391906921690598,0.123817915951653,0.088,0.081,1
BBIP1,0.0391921753979442,-0.125228898286403,0.079,0.086,1
SLC35D2,0.0392358456640924,-0.246164587953211,0.019,0.023,1
CREB3,0.0392644890613786,-0.146247037134002,0.055,0.061,1
AREL1,0.0392658505422726,0.167859387172874,0.048,0.043,1
BORCS6,0.0392811145100809,-0.139106991567726,0.061,0.067,1
AL080276.2,0.0393172831942614,-0.227629410219097,0.025,0.029,1
ZSCAN21,0.0393256114356254,0.390355565928972,0.011,0.008,1
ARHGAP21,0.0393303280176061,-0.171886858292101,0.028,0.032,1
DPH5,0.0394011076071561,0.152338522177635,0.069,0.063,1
DHRS4-AS1,0.0394456791785056,-0.218328203182298,0.021,0.025,1
NDUFAF5,0.0394530202412776,0.163865075332811,0.043,0.038,1
AGAP1,0.0396460781765858,0.311196028409841,0.013,0.011,1
AGPAT4,0.0397279061725951,0.140788923357065,0.058,0.053,1
PRXL2B,0.0398547167877575,-0.206201222817436,0.026,0.03,1
ZIK1,0.0398647708072423,0.302892724678633,0.014,0.011,1
WDR13,0.0399876982034824,-0.101345659771489,0.104,0.111,1
TMEM242,0.0400326110918865,-0.112817776248117,0.076,0.082,1
ADAM9,0.0400455116148071,0.228896657306501,0.026,0.022,1
GLYR1,0.0400620714964488,-0.136159913634833,0.103,0.11,1
ZCCHC2,0.0400809702575115,-0.169812530054243,0.051,0.057,1
TMEM131,0.040124922460151,-0.124473915817319,0.064,0.071,1
ABCF2,0.0402682749190089,-0.151195136118319,0.064,0.071,1
ATL2,0.0403059681598139,0.153669356088201,0.052,0.047,1
AC083799.1,0.0403182030291274,-0.393152614174265,0.01,0.013,1
RHBDD3,0.0403320137270435,-0.260030009790233,0.017,0.02,1
HTD2,0.0404439295140562,0.222853226753515,0.026,0.022,1
C11orf71,0.0404679408791328,0.224630553015945,0.033,0.029,1
SUCLA2,0.0404789469586183,-0.117366869117642,0.085,0.092,1
MACROD1,0.0404789877871067,0.29120363890004,0.019,0.015,1
HELLS,0.0405045659166735,-0.245643308245171,0.022,0.025,1
GGA2,0.0405433303146258,0.12871232851003,0.128,0.12,1
SLC29A3,0.0406549287177417,-0.251740165981316,0.018,0.022,1
NOA1,0.04071108766094,0.103440823733122,0.107,0.1,1
RCN3,0.040779558242591,-0.321633977796783,0.015,0.018,1
CCDC82,0.0408368787092439,-0.123213011556412,0.093,0.1,1
IGHV3-23,0.0409184996865138,0.196777211598071,0.014,0.011,1
MOSPD3,0.0409394686807728,-0.119883379120856,0.082,0.089,1
PPP1R14A,0.0409723564905155,-0.440403960463576,0.014,0.017,1
RPTOR,0.0410125428564942,-0.130086071184158,0.079,0.086,1
SLC26A11,0.041032884023102,-0.19969870830977,0.031,0.035,1
ITPRIPL1,0.0413260078683662,-0.216917689344456,0.021,0.025,1
TRAF7,0.0413510103715699,-0.109066776729608,0.104,0.112,1
ANKRD13A,0.0415015715077906,-0.143099375067463,0.086,0.093,1
NAGPA,0.0415067583391441,0.137779384308711,0.082,0.075,1
ZNF496,0.0415883042042812,-0.171886858292101,0.048,0.053,1
PIK3R2,0.0416008906636147,-0.232536390424507,0.024,0.028,1
MAGEF1,0.0416035227105446,0.158786264417055,0.058,0.052,1
PEMT,0.0418182523112093,0.163230008351801,0.055,0.05,1
AC009061.2,0.041933727673768,-0.246695445940639,0.02,0.024,1
GGCT,0.042108232101061,-0.125697225272034,0.066,0.073,1
AL117379.1,0.0421207830820673,-0.328462681526975,0.011,0.013,1
SVIL,0.0422142177746715,0.12375939206695,0.075,0.068,1
AHCY,0.0422690061114637,0.127558759244117,0.089,0.082,1
NKAPD1,0.0423608452447155,-0.129751459994835,0.079,0.086,1
UBE2G2,0.0424219292048722,0.100827148018613,0.203,0.194,1
MRPL15,0.0424403395538455,-0.184680970508154,0.04,0.045,1
ZNF8,0.042768066370557,0.205480223020688,0.029,0.025,1
EFL1,0.0428330794550254,-0.200472184290754,0.033,0.037,1
EEF1AKMT1,0.0428379858862718,-0.291468474044774,0.015,0.018,1
SLC33A1,0.0428992610434294,-0.202711984429239,0.04,0.045,1
CEBPB,0.0429725340756118,-0.252180557853508,0.201,0.207,1
AC090825.1,0.0432088902182811,0.229475704089666,0.031,0.027,1
KHSRP,0.043248160050088,-0.134303675483945,0.078,0.084,1
CD226,0.0432638805250584,-0.115444105008452,0.077,0.084,1
PPRC1,0.0434730926286339,0.203189634130951,0.044,0.039,1
C1orf159,0.0435367293473709,0.226066099156092,0.029,0.025,1
SCCPDH,0.0437107524132286,-0.159455708743288,0.059,0.065,1
AL365361.1,0.0437126967014368,0.17840489131417,0.039,0.034,1
IGKV3-20,0.0437135302370116,-0.555408548379304,0.017,0.02,1
HIVEP1,0.0438058685310047,0.152673892509918,0.06,0.054,1
PTAFR,0.0438445946989445,-0.218215909347573,0.028,0.032,1
SLC25A12,0.043910609010171,-0.122655673741607,0.06,0.066,1
ZBED5-AS1,0.0439789942928356,-0.17448396977814,0.031,0.035,1
AC004865.2,0.0440371910518063,-0.111862087219884,0.067,0.074,1
CASP8AP2,0.0440453765283003,-0.117439074269725,0.074,0.08,1
RASSF1-AS1,0.0441882607593207,-0.353434227351166,0.01,0.012,1
RMDN2,0.0442784497416216,0.340430340597289,0.012,0.01,1
FEZ1,0.0443054074422268,0.226091899577085,0.02,0.017,1
GP9,0.0443057368047313,-0.563500012059615,0.008,0.011,1
NSUN4,0.0443299460785604,0.178430960268589,0.044,0.04,1
REV3L,0.0443585771788849,0.131488011406903,0.094,0.087,1
ZNF703,0.0443639808909051,-0.201396100454824,0.019,0.022,1
IDH1,0.0444882676403503,-0.240599608376115,0.018,0.022,1
KDM7A,0.0446336749348492,-0.121297581626927,0.101,0.108,1
NOMO1,0.0446876127932574,-0.285843047589187,0.016,0.02,1
SLC16A3,0.0447475564832982,0.113630596405576,0.081,0.074,1
MRI1,0.0448435619036094,-0.130262359751409,0.072,0.078,1
AC020911.2,0.0448557147231739,-0.166776678919319,0.057,0.063,1
ENO2,0.0448680205483345,0.110752105481204,0.072,0.066,1
S100PBP,0.0449281787789365,-0.153823224763914,0.056,0.062,1
SH3GLB2,0.0449319754864982,-0.166473362105737,0.04,0.045,1
SLC9A8,0.044995265501319,0.135685943618191,0.082,0.076,1
MTM1,0.0449953482381202,0.148169429597832,0.057,0.052,1
LPAR5,0.0450055601381034,0.25605447421738,0.016,0.013,1
AC139530.1,0.0450160196055591,-0.142872876047595,0.058,0.064,1
NR2C2,0.0450786231903284,0.144750467055131,0.055,0.05,1
AHI1,0.0451592356242632,0.166320055752993,0.039,0.035,1
CD160,0.0451717091805202,-0.250385568076732,0.04,0.045,1
STK25,0.0452470627961332,-0.108500918138466,0.112,0.12,1
AC008764.8,0.0452816368204952,-0.237994405633772,0.022,0.026,1
MEX3C,0.0453645106586915,-0.150917084444978,0.051,0.056,1
SNAI1,0.045433653290213,0.383631864536573,0.01,0.008,1
ZFYVE1,0.0455718342415324,-0.228210465021717,0.024,0.028,1
RGMB,0.0455754760458372,0.172583805246349,0.024,0.021,1
SLF1,0.0456382693833912,-0.147972832733538,0.051,0.057,1
AC005842.1,0.0456409342451012,-0.161048878670806,0.031,0.036,1
TMEM175,0.0457267974020719,-0.109852579797917,0.129,0.137,1
PIGV,0.0457549024142929,-0.298943594606921,0.012,0.015,1
TPRG1L,0.0458614597268405,0.18045045460467,0.048,0.043,1
CLK2,0.045891090770055,-0.176136331293459,0.037,0.042,1
RAB22A,0.0458933242426726,0.133693242507777,0.058,0.053,1
AC016747.1,0.0458991722001493,-0.243719603053168,0.012,0.015,1
ZNF550,0.045948374520503,0.211868550983235,0.033,0.029,1
TAF1A,0.0461359443161979,0.27063137740885,0.012,0.009,1
CCRL2,0.0462569998198738,0.370006920537168,0.011,0.009,1
GMPR,0.0462636521964497,-0.160831669783105,0.01,0.012,1
TRIM52-AS1,0.0463082784876254,0.115498446849249,0.126,0.118,1
RHOBTB3,0.0463293853453525,0.253597428421859,0.016,0.013,1
TMED7,0.0463463813732853,0.107836533319341,0.108,0.1,1
CTNNA1,0.0464080412466655,-0.157531565315032,0.049,0.055,1
PLCL1,0.0464452735324074,0.201302252112604,0.027,0.023,1
TSC22D1,0.0464551687644964,-0.422251602687482,0.029,0.033,1
ZNF484,0.0466005234055275,0.139163182864744,0.059,0.054,1
CYB5R1,0.0466229620599004,-0.146551074749333,0.057,0.062,1
NMRK1,0.0466434502027209,-0.120839252701709,0.114,0.122,1
MYPOP,0.0467502143648805,-0.254025144862579,0.019,0.022,1
SEPSECS-AS1,0.0467869093774012,-0.212306650421707,0.027,0.031,1
SACM1L,0.0468391536819445,0.110023891046973,0.096,0.089,1
SLC4A7,0.0468644691991442,0.104377857394212,0.103,0.095,1
PDSS2,0.0469063322741591,-0.155247916178312,0.047,0.052,1
L2HGDH,0.0469887216418468,0.373182915305542,0.012,0.009,1
ST8SIA6,0.0472095230140683,0.323808304331968,0.01,0.008,1
FPGT,0.0472724741466512,-0.290112939752727,0.014,0.017,1
COQ10A,0.0473682251937013,0.149019497855042,0.052,0.047,1
NSMF,0.04749944531668,0.113967026122771,0.066,0.06,1
FCHO1,0.0475320872143548,-0.126416341777926,0.093,0.1,1
ACO1,0.0476157345442699,-0.280388313100565,0.017,0.02,1
ABL2,0.0477259491512331,0.16065834396929,0.033,0.029,1
TANGO6,0.0477419284005896,0.164101981788358,0.037,0.032,1
ELAC2,0.0477725088774766,-0.116837216918035,0.072,0.078,1
FAM174A,0.0477773323211946,0.22043056448666,0.034,0.03,1
MRPL1,0.0479545532498641,0.117106774604373,0.079,0.073,1
TOM1L2,0.0479811354792435,-0.166081236610895,0.041,0.046,1
AC010442.1,0.0482470772154642,0.247532708541835,0.023,0.019,1
ZSCAN32,0.0482722234693214,0.243542624426428,0.023,0.019,1
LANCL2,0.0485244723008398,0.21229351504832,0.025,0.022,1
TRAPPC6B,0.0485820224735903,0.11293623630698,0.052,0.047,1
ITPRIPL2,0.0486337024321081,-0.33354012177087,0.008,0.011,1
NEK9,0.0486526941598112,0.105667199154958,0.118,0.11,1
ZNF516,0.0487485805222766,-0.181734644248448,0.032,0.036,1
PCBP1-AS1,0.0487494879401245,-0.100974087796828,0.09,0.096,1
FCGRT,0.0487578619869422,-0.120332283138228,0.204,0.212,1
SREBF2,0.0487878140257189,-0.118136196796403,0.111,0.118,1
ZSCAN26,0.0489102146124869,0.250261030149932,0.025,0.021,1
RABIF,0.0489152227657415,0.132744413114228,0.083,0.077,1
TRDMT1,0.0489678421628959,-0.118447599330641,0.06,0.066,1
SUCLG2-AS1,0.0490128927942275,0.313079852452333,0.012,0.009,1
VPS54,0.0490238437099376,-0.230185498856768,0.022,0.025,1
RUBCN,0.0490396424873156,0.130607262634035,0.076,0.07,1
SNAPC2,0.049096565079945,-0.115490802480203,0.057,0.063,1
COPS4,0.0491519342597899,0.109261711176499,0.092,0.085,1
YIPF1,0.0491527593212652,-0.142327060564987,0.036,0.04,1
HIST2H2BF,0.0491985737702441,0.301858163830505,0.015,0.012,1
AP002490.1,0.0492070318404254,0.256106296090656,0.02,0.017,1
CBX1,0.0493859459786381,-0.132859058573393,0.065,0.07,1
SSX2IP,0.0495841385164178,0.12850807504562,0.021,0.018,1
ANKH,0.0497692323367439,0.116005731157601,0.083,0.077,1
ABCA7,0.0498015189643882,-0.1316697582157,0.085,0.091,1
AC244213.1,0.0498064185308994,-0.328772173116898,0.01,0.012,1
GBE1,0.0498297720562947,-0.217066841596221,0.027,0.031,1
NSMAF,0.0498627257210864,0.115551003123791,0.111,0.103,1
HEIH,0.0498937020876237,0.104618514043453,0.092,0.085,1
ATXN2,0.049911206871489,-0.126249453045624,0.072,0.078,1
CLEC17A,0.0501062800163348,0.387540550321918,0.012,0.009,1
NDUFV2-AS1,0.0501538541270776,0.13993120895042,0.065,0.059,1
ZNF18,0.0501671720649976,-0.182620519877055,0.027,0.031,1
DLG4,0.0502394403749396,-0.241912649570541,0.018,0.021,1
SMIM4,0.0503351238010422,-0.107563728822268,0.112,0.119,1
CENPW,0.0503900766588376,-0.349232799851615,0.009,0.011,1
SYCE1L,0.0504662479661511,-0.192432563557848,0.032,0.036,1
GATD1,0.0505020862737963,-0.182832364853824,0.032,0.036,1
MFN2,0.0506548973394642,0.122675359855623,0.057,0.052,1
XPO4,0.0506791331481104,0.105863277743932,0.138,0.131,1
AC008267.5,0.0508075514203424,-0.228564992713841,0.022,0.025,1
NPIPB4,0.0508238148339503,-0.106841105206591,0.109,0.116,1
LTBP3,0.0511831840668822,-0.116168760688586,0.072,0.078,1
HELB,0.0512285423551959,-0.133106568292574,0.084,0.09,1
SLC17A9,0.05124052609962,0.199509912859561,0.025,0.021,1
DHRS7B,0.0513750810676497,0.231628771091523,0.022,0.019,1
SYNJ1,0.0517210231703208,0.109276202497355,0.055,0.049,1
KLHL5,0.0518183899289245,0.129694384885257,0.042,0.037,1
FAAH,0.0518946541157527,-0.399297354395173,0.009,0.012,1
EPHA1-AS1,0.052017171817636,-0.238099369720731,0.032,0.036,1
GSR,0.052116877814608,-0.119272232128679,0.066,0.071,1
OSBP,0.0522445764556198,0.170576385127506,0.054,0.049,1
MAPKBP1,0.0522588808822349,0.230484229150582,0.027,0.024,1
ALAS1,0.0523163237339676,-0.171886858292101,0.03,0.034,1
NAGA,0.0523633407163473,-0.130649825305854,0.052,0.058,1
B3GNTL1,0.0523913272247868,-0.189797056149868,0.028,0.032,1
FAAH2,0.0524133327849831,0.213306130053278,0.033,0.029,1
SLC30A9,0.0524859011975025,0.10902875949684,0.115,0.107,1
WDYHV1,0.0525173732568234,-0.211508278565518,0.024,0.027,1
ZNF483,0.0525378478546307,-0.23996746819206,0.023,0.027,1
AC021683.5,0.0526968867528519,-0.33899684412736,0.008,0.01,1
AC096667.1,0.0527910988244741,-0.314964721957668,0.013,0.015,1
C3orf62,0.0528566228324673,-0.254119673432977,0.013,0.016,1
NOD1,0.0528630843822319,0.118121902720508,0.042,0.037,1
GABPA,0.0528713133513255,-0.15845134453055,0.05,0.056,1
CNIH4,0.0528969601420924,-0.121644103512479,0.099,0.106,1
ACBD3,0.052937537210767,0.137127917792098,0.055,0.05,1
GALC,0.0530051674105146,0.154262732045946,0.073,0.067,1
SMYD4,0.0530077466557256,0.130752065495451,0.047,0.042,1
REEP3,0.0531194902047335,0.14185639378595,0.056,0.05,1
SYT5,0.0531374121706427,0.262658799875957,0.019,0.016,1
PSMD6-AS2,0.0531679229715894,0.218304263378271,0.019,0.016,1
ARMC1,0.0532050043996591,0.123691949022402,0.059,0.054,1
CATSPER1,0.0532315103537106,-0.211946347559614,0.02,0.023,1
ABHD15,0.0534276270250963,0.145971572286213,0.032,0.028,1
GTF2A1,0.0534416576470789,0.1290376326842,0.047,0.042,1
MAP11,0.0535455011523467,-0.145705136690525,0.045,0.049,1
MAPK7,0.0535567702134012,0.176308011254351,0.061,0.055,1
SOCS5,0.0536454619227751,0.213766834205648,0.024,0.021,1
NAALADL1,0.0536664743508983,-0.152224611315066,0.044,0.048,1
CD58,0.0537949948867224,-0.107697679791525,0.08,0.086,1
ODF2,0.0537988230996352,0.113722778447133,0.095,0.088,1
IL17RC,0.0538341028485387,-0.344067833674782,0.012,0.015,1
CPEB3,0.0539620098762457,-0.288400867018526,0.012,0.015,1
MAP3K5,0.0540279389593442,-0.1348870695363,0.061,0.067,1
AFF3,0.0541990834963056,0.263575056187175,0.083,0.077,1
CNKSR2,0.0542906936787254,0.239046242654005,0.022,0.018,1
SIRT6,0.0544076259497909,-0.130695170971991,0.063,0.068,1
NOL10,0.0546411459224935,0.117371715465571,0.06,0.055,1
C1orf54,0.0546584505252276,-0.211884926224021,0.018,0.022,1
GKAP1,0.0546794839390588,0.164638612808219,0.033,0.029,1
TM7SF2,0.0546953419596843,0.168453273709141,0.031,0.027,1
ASB13,0.0547907005446278,-0.236083570768344,0.018,0.021,1
SWI5,0.0547927949526366,-0.168211200148703,0.043,0.048,1
RFK,0.0547935282243194,-0.125790443702646,0.047,0.052,1
SGK3,0.054832967953127,-0.100342912459211,0.095,0.102,1
PHF8,0.0549310225379934,0.157694809138697,0.052,0.047,1
IGHA1,0.054936407977729,0.181295489405055,0.033,0.037,1
TFRC,0.0549632639112068,0.126991592826611,0.083,0.077,1
FAM153CP,0.0549963958567618,-0.133234979576462,0.118,0.125,1
AC008105.3,0.0550945309054071,-0.149617694451068,0.051,0.056,1
PASK,0.0551269997368442,0.114156027723034,0.13,0.123,1
DNMBP,0.0551765001740048,0.22493664323857,0.026,0.023,1
CYP27A1,0.0553701603388477,-0.249423458763121,0.024,0.027,1
LLGL2,0.0554639328138685,0.117090814793974,0.049,0.044,1
MFAP1,0.0555056486816251,0.150668358987613,0.043,0.038,1
AC136475.3,0.0555132218134706,0.262935293001195,0.017,0.014,1
SWAP70,0.0555592572194977,-0.125392835682211,0.07,0.075,1
PEA15,0.0555601423798486,-0.107934225502885,0.078,0.084,1
MPIG6B,0.0555878607932559,-0.44733224128701,0.01,0.012,1
USP12,0.0556204196180137,0.106817660944746,0.075,0.069,1
RFC4,0.055740359588541,-0.209933762440065,0.027,0.031,1
DSTYK,0.0557492717299995,0.170609538717399,0.054,0.049,1
USP6NL,0.0558634667523348,-0.221332926211,0.026,0.03,1
GALM,0.0559890718484352,-0.11805892177266,0.058,0.063,1
CTCF,0.056060729150007,-0.104223884045244,0.086,0.093,1
MAP3K14-AS1,0.0560845128567921,0.221299919765083,0.024,0.02,1
POLR1E,0.0561237467082538,0.135133029299088,0.077,0.071,1
WRN,0.056176052812748,0.125401950192713,0.04,0.036,1
HLA-G,0.0562160194516279,-0.349885160270095,0.009,0.012,1
CCDC141,0.0563053609241696,0.195401769995136,0.037,0.033,1
TRAF3IP1,0.0563416691945856,-0.367479220284834,0.009,0.012,1
MED16,0.0563628207049018,-0.111355338169631,0.076,0.082,1
ACVR1,0.0564047788475718,-0.296796290854877,0.015,0.018,1
SLC39A1,0.0564148453386305,-0.127089244303444,0.05,0.055,1
ZNF473,0.0564151009451702,0.188487671983904,0.026,0.022,1
POLR2H,0.05643420237294,-0.112800179466204,0.069,0.075,1
TMEM99,0.0564565736405779,-0.354039562416856,0.009,0.012,1
PRDM8,0.0565987492829358,0.32059472641209,0.015,0.012,1
DLGAP3,0.0566313594386918,0.248905733097136,0.017,0.015,1
OPA3,0.0566526687426358,0.163097389420708,0.04,0.035,1
SCRIB,0.0566756168650376,-0.240572788744365,0.024,0.027,1
ZYG11B,0.0567079457119802,0.147956416809205,0.051,0.046,1
HDAC8,0.0568007228948408,-0.166767887667088,0.048,0.053,1
AC007541.1,0.056801228378814,-0.311744521875062,0.009,0.012,1
PECR,0.0568057301850555,-0.142622263786906,0.042,0.046,1
NRDE2,0.0569317752223634,0.117877913156214,0.079,0.073,1
RPP38,0.0569825782513874,0.107310211043439,0.062,0.057,1
USP42,0.0571154974636424,0.110064760884323,0.072,0.066,1
LMAN2L,0.0572134194164017,-0.266627348262511,0.013,0.015,1
TOPBP1,0.057239040923287,-0.117598743910848,0.076,0.082,1
SAV1,0.057331984051552,0.231884081456458,0.022,0.019,1
RELL2,0.057639062151343,-0.148895215665872,0.056,0.061,1
CACNA2D2,0.0576929073165725,0.290017246024717,0.016,0.013,1
HIST1H1A,0.0577892148429823,0.299207677870776,0.011,0.009,1
SRRD,0.0578580020666439,0.327102419319202,0.013,0.01,1
NUDT16,0.057878449727301,-0.13626294856138,0.059,0.065,1
ZFP62,0.0579019284849606,-0.175154572126012,0.033,0.037,1
CBFB,0.0579154530395606,0.125379182360992,0.08,0.074,1
TAF6,0.0579345674811037,-0.111023556856404,0.097,0.104,1
HIST1H2BF,0.0579947976709881,0.247737910482394,0.014,0.012,1
TMEM138,0.0579969059489531,0.123656522279971,0.083,0.077,1
ADPRHL2,0.0581047205425625,0.119770683724733,0.06,0.054,1
RAP2C,0.0582122699419146,0.103824830863303,0.107,0.1,1
NCOA6,0.0583331008816485,-0.150504156289214,0.044,0.049,1
COG2,0.0583868771476938,0.124907953442368,0.066,0.06,1
ZFYVE27,0.0584068451551812,0.101862408464165,0.103,0.096,1
H6PD,0.0585370241815426,0.1759794475168,0.043,0.038,1
RNF121,0.0585883526497183,-0.176099109579016,0.026,0.029,1
GPATCH2,0.0586420711890799,-0.152278573666952,0.036,0.04,1
FBXL17,0.0586726799378283,0.172716674563158,0.047,0.043,1
IL18R1,0.0586942212502916,0.179839783873575,0.032,0.028,1
C19orf48,0.0587626441903027,0.117438395049716,0.081,0.075,1
BAG3,0.0589771372985722,0.153107539643044,0.052,0.047,1
LINC01506,0.0591748918351034,-0.290531354790721,0.012,0.014,1
GTPBP10,0.0592177631995501,0.153223486281984,0.058,0.053,1
C2CD3,0.059369769193728,0.177128203986205,0.038,0.034,1
SLC9A6,0.0594624272219081,0.144799151779716,0.037,0.032,1
ZNF211,0.0594910071229065,0.161605988228184,0.047,0.042,1
BANK1,0.0596295746607688,-0.246901442234398,0.067,0.072,1
MORF4L2,0.0596445281220634,0.103374474087373,0.108,0.101,1
SLC40A1,0.0598361490479235,0.254622773783221,0.041,0.037,1
MSANTD4,0.0598722209289406,0.261072548984005,0.018,0.015,1
FAM114A2,0.0599411246698716,0.221080573527116,0.031,0.027,1
NCKAP5L,0.0602739458739751,-0.232769100439124,0.026,0.03,1
MAP4K4,0.0603595938176044,-0.104108743857241,0.118,0.125,1
AP003307.1,0.0603612824195485,0.199038270489821,0.032,0.028,1
SLC1A7,0.0603975886533218,0.18790078042128,0.015,0.012,1
TTC39C-AS1,0.0605397342897786,-0.32898781937683,0.012,0.014,1
EEPD1,0.0608390233364808,-0.205930321819066,0.019,0.023,1
BX293535.1,0.0608665715973013,0.347980614207169,0.011,0.008,1
URB2,0.060893051533836,0.250719186564432,0.02,0.017,1
SHMT1,0.0608975398179112,-0.218603357199131,0.022,0.026,1
ZNF813,0.0610345567605137,0.333107337725639,0.011,0.008,1
IL12RB1,0.0611202208824296,-0.102807153302475,0.105,0.112,1
AC147067.1,0.061167593122995,-0.244888689235007,0.016,0.019,1
MBIP,0.0612082877970686,0.124126287028201,0.066,0.06,1
TRIM5,0.0614202777785214,-0.149015734323106,0.037,0.041,1
ZBTB17,0.0614270239945103,0.138369557464298,0.064,0.059,1
KPNA2,0.0615075336233582,0.10664864108188,0.102,0.095,1
SMN1,0.0615347930105342,-0.311289914957518,0.009,0.011,1
PAXBP1,0.0615730348371593,0.135077212448312,0.06,0.055,1
IPO7,0.0615891925507315,0.112042771853043,0.1,0.093,1
BCS1L,0.0615939167858561,-0.168496269091327,0.032,0.036,1
TSPAN18,0.0616672573318524,0.146136782139345,0.019,0.016,1
UBIAD1,0.061667610494917,0.120509966963107,0.083,0.077,1
PI4K2A,0.0618071680830644,-0.204901915520065,0.032,0.036,1
NNT-AS1,0.0619299085204656,-0.238218610829883,0.028,0.032,1
VIM-AS1,0.0620437674427298,-0.149252822945519,0.066,0.072,1
AL355001.2,0.0620576875737984,0.202396641656398,0.027,0.023,1
GPATCH2L,0.0620937624127436,0.114785084654969,0.085,0.079,1
AP3D1,0.0621754310749491,-0.122147438113767,0.101,0.107,1
MTHFD1,0.0623520751939047,-0.166761826114234,0.043,0.047,1
SLC35B4,0.0623875745038204,0.220430564486659,0.029,0.025,1
B4GALT5,0.0624653535019276,0.199480169329766,0.04,0.036,1
TIMM22,0.0625522755800441,0.15077899935278,0.071,0.066,1
TMEM220,0.0627082479785098,-0.244272783673783,0.017,0.02,1
ZNF862,0.0627205217971602,-0.119034976026366,0.046,0.051,1
SNUPN,0.0628104857644008,-0.13889128785801,0.051,0.056,1
NSMCE2,0.0629179399894197,-0.133968905891339,0.057,0.062,1
AP003068.2,0.0629437283081453,-0.719308910695867,0.014,0.017,1
DMTN,0.0629673338057235,-0.408887604744988,0.015,0.018,1
FKBP4,0.0629892438266482,-0.102533577153228,0.077,0.083,1
FBXW4,0.0630134614273244,-0.14880324517906,0.032,0.037,1
FAM210B,0.0630217753817053,-0.129280686914241,0.056,0.061,1
MAST4,0.0630854870282374,-0.130505977470849,0.044,0.049,1
KHDC4,0.0631156965032061,-0.154638377369924,0.065,0.071,1
POLK,0.0631165114746498,-0.123650672639254,0.085,0.091,1
FAM219A,0.0633209757050695,0.213306130053278,0.023,0.02,1
TFB1M,0.0633926737370483,-0.145824561705905,0.044,0.048,1
TMEM214,0.0635228658623556,-0.151206605452426,0.05,0.055,1
ZBTB45,0.063586778054486,-0.202839786621014,0.024,0.027,1
LRRC27,0.0635953588127817,-0.243191892365235,0.014,0.017,1
LANCL1,0.0636155952298292,-0.168661927910053,0.058,0.063,1
ZHX3,0.063645801311528,0.379908778493856,0.01,0.007,1
SFXN2,0.0636664272651223,0.285525592708544,0.013,0.011,1
USP24,0.0637894494228112,-0.119687336444847,0.083,0.089,1
PAOX,0.0638857214483328,-0.224998194751663,0.018,0.021,1
DRAM1,0.0641267607020919,0.171671252566804,0.031,0.027,1
AC004797.1,0.0641950551676313,0.364166041948109,0.01,0.008,1
VWA5A,0.0642548656809113,-0.323889951737151,0.009,0.011,1
AL358334.2,0.0642602069332619,0.188202231588852,0.019,0.016,1
AATK,0.064365018685718,0.428182534819263,0.01,0.008,1
ABRAXAS2,0.0644058369071042,0.167750247810481,0.047,0.043,1
AC005037.1,0.0644582210464852,0.172859318940353,0.039,0.035,1
HEG1,0.0644808619667829,0.200878988198496,0.031,0.027,1
RCC1,0.0645924527817097,0.203934244590463,0.028,0.025,1
NUDT1,0.0646787613603819,-0.10364120841902,0.104,0.111,1
CPSF3,0.0648088671050939,-0.181117184345641,0.044,0.048,1
SRR,0.0648698177588802,-0.392751809881956,0.008,0.01,1
LARS,0.0649061092950584,-0.114171360435814,0.133,0.14,1
UFSP2,0.0650538518127298,-0.130458839180606,0.063,0.069,1
ZC3H11A,0.0651774570389686,0.125565144599054,0.058,0.053,1
FNTB,0.0652995106316819,-0.450602886358165,0.013,0.016,1
C18orf25,0.0654910235649694,-0.148681729488031,0.064,0.069,1
AL451085.2,0.0655125205131833,0.310505908788507,0.011,0.009,1
FEM1C,0.0655307241550448,0.14177362061166,0.046,0.041,1
ZNF34,0.0655999767381095,-0.218479552595872,0.026,0.029,1
IGFBP4,0.0656251486049463,-0.249675463399827,0.018,0.021,1
LINC00526,0.0656619635918557,0.26954833105135,0.014,0.011,1
TBC1D12,0.0656660835931468,0.270203560736133,0.018,0.015,1
AMT,0.0657328921655161,-0.309962993695073,0.013,0.016,1
OARD1,0.0657909006057094,0.127962131676411,0.097,0.091,1
YTHDF3-AS1,0.0660418910898529,-0.269266700061811,0.014,0.017,1
TCEAL4,0.0660705706946874,-0.156955857846218,0.058,0.063,1
HIST1H4B,0.0660917096795592,0.286495145863912,0.012,0.01,1
OTUD3,0.0661507759670192,0.197951221556646,0.022,0.019,1
ANAPC2,0.0663671312018752,0.103024610093774,0.088,0.082,1
TMEM115,0.0663898831717193,0.110806073312161,0.06,0.055,1
ZNF720,0.0663902603564596,-0.152423560857757,0.044,0.049,1
MAP3K3,0.0665881479090864,-0.152748211882843,0.09,0.097,1
ERCC6,0.0666421179153671,0.152040121627032,0.053,0.048,1
SAMM50,0.0666502970138073,0.104185547665478,0.111,0.105,1
LINC01504,0.0667764475567311,-0.284361587550514,0.013,0.015,1
ELP6,0.0668870116799814,0.112416164295344,0.064,0.059,1
FAIM,0.0669409599653586,0.235919071755666,0.022,0.019,1
THEMIS,0.0669917999830688,-0.108378095721894,0.164,0.172,1
ELMO2,0.0670094408093738,0.124365324435127,0.073,0.067,1
KCNQ1OT1,0.0670484215298071,0.243662870724376,0.017,0.014,1
SSH1,0.0670516113770379,0.141256974309663,0.057,0.052,1
RAB28,0.0670842813276167,0.113030665440142,0.063,0.058,1
DOP1B,0.0671034213586026,-0.146018772521422,0.066,0.072,1
SOCS7,0.0674485219051144,-0.230303544517423,0.013,0.016,1
WDR18,0.0675259325678729,-0.105435208962265,0.07,0.075,1
ARNT,0.0676524138067616,-0.146351766184964,0.054,0.059,1
CERS5,0.0677499318549299,0.126929714037027,0.061,0.056,1
RNF25,0.0677682740960758,0.140722221288395,0.046,0.042,1
AC027644.3,0.0678144815633543,0.121953594322867,0.063,0.058,1
C3orf18,0.0678591047704628,-0.229707512680443,0.015,0.018,1
DYSF,0.0679218535928391,-0.195580347581889,0.023,0.027,1
SLC2A11,0.0679552257178981,0.13419816684258,0.053,0.048,1
MCTP1,0.0682312412154053,-0.20083823198823,0.031,0.035,1
HNRNPA1P48,0.0683019197743525,-0.229767774372601,0.02,0.023,1
C1orf56,0.0683776269738227,-0.33250308204186,0.009,0.012,1
KLHL11,0.0684040257664841,0.141565454527916,0.044,0.04,1
SMARCD3,0.0685237308621144,-0.194254671320556,0.041,0.046,1
XRCC4,0.0686776657194041,-0.1988101434353,0.023,0.026,1
INTS6L,0.0688056976863499,0.127984315722064,0.053,0.048,1
IQCB1,0.0688620873859137,-0.11134531635705,0.073,0.079,1
ZNF641,0.0689065387774941,-0.181409632410608,0.025,0.029,1
ALAD,0.068984967698821,-0.158651031135407,0.049,0.054,1
MTRR,0.0690428581432954,0.113515360570147,0.072,0.066,1
SNTB2,0.0690647440692536,0.191396543747875,0.032,0.028,1
NBAS,0.0690692953018657,-0.101259834537098,0.066,0.072,1
ORC2,0.06926331621719,0.131359815529186,0.047,0.043,1
RNF20,0.0693050512949705,-0.131951326942417,0.059,0.064,1
SLC38A7,0.0693175799606718,-0.232695770780273,0.015,0.018,1
LRRC57,0.0693796766108978,0.10440187921058,0.057,0.052,1
GPR160,0.0694631703866173,-0.219908373155045,0.018,0.021,1
ZNF398,0.06956709744451,0.177995298166262,0.026,0.023,1
C1orf122,0.0697151685981618,0.129903591024185,0.064,0.059,1
CNTLN,0.0697466578297921,-0.255004491026422,0.018,0.021,1
KANSL1-AS1,0.0697595155236682,-0.148005790565574,0.053,0.057,1
CAD,0.0697843597248308,-0.185561795189177,0.028,0.031,1
TBKBP1,0.0698405633257308,-0.192846476927747,0.023,0.026,1
PAM16,0.0698720336796269,-0.114610737640638,0.063,0.068,1
ZNF138,0.0699207236485225,0.122968077568077,0.061,0.055,1
ACVR2A,0.0699882955126827,0.339075060985278,0.012,0.009,1
TRIB3,0.0700208435961441,-0.192392513726743,0.018,0.021,1
HECTD4,0.0700409880610881,-0.14515649267758,0.057,0.062,1
HAPLN3,0.0700524711780458,-0.171249766190386,0.041,0.046,1
FICD,0.070055640337635,0.327345768403171,0.011,0.009,1
GLT8D1,0.0704025722698122,0.115153010552482,0.067,0.062,1
BACH1,0.0705754682325642,0.119050636393125,0.15,0.143,1
KEAP1,0.0707862464162966,0.131924685445938,0.054,0.049,1
PPID,0.0708427396543748,-0.103526767414471,0.086,0.092,1
EME2,0.0710651055438248,-0.228564992713841,0.022,0.025,1
ZNF785,0.0711564013478987,-0.303470410498218,0.01,0.013,1
ATG2A,0.0711751284769148,-0.113988474583901,0.173,0.18,1
PRPF39,0.0712449525488635,0.126454416277646,0.07,0.065,1
NUP155,0.071279540578739,0.125749311338756,0.05,0.046,1
TRMT10A,0.0713702649825254,-0.195390795197715,0.019,0.022,1
PRICKLE3,0.0714796509487131,-0.235080684779295,0.015,0.018,1
HK2,0.0716746467680319,-0.217278761106115,0.016,0.019,1
SMC2,0.0718645074889451,-0.195677421626852,0.023,0.026,1
CASZ1,0.0718929657200829,0.182877818603806,0.026,0.022,1
PLEKHM2,0.0719672309326778,-0.148660918434912,0.054,0.059,1
TRAF3IP2,0.0721286266936632,0.163004769445656,0.039,0.035,1
UPK3A,0.0721522726887246,-0.313163545144093,0.009,0.011,1
PRKCI,0.0721972113160473,0.142372870896866,0.038,0.034,1
ZBTB9,0.0722211403309618,0.331461876875403,0.011,0.009,1
TNFRSF10A,0.0724526420800677,-0.116703943022793,0.057,0.063,1
CCDC65,0.0729458175219753,-0.244322694418833,0.021,0.024,1
SLC35C1,0.0730352302957652,-0.202547410993897,0.024,0.027,1
CCDC28B,0.0730553462166242,-0.211225006242602,0.023,0.026,1
UBL7-AS1,0.0730756763379563,-0.175633147182165,0.035,0.039,1
HEBP1,0.0731280755864868,-0.126315893252199,0.084,0.09,1
ATF7,0.0733151876764864,-0.139106991567726,0.062,0.067,1
POLRMT,0.0733793214911935,0.112220249253746,0.085,0.08,1
BCL2,0.0733815478169579,0.100326024721995,0.128,0.121,1
RPUSD4,0.0738127792729686,0.140945780659845,0.05,0.045,1
DNAJC11,0.0741046399553367,0.125018970120829,0.061,0.056,1
AL353708.3,0.0741168608866312,-0.292089923565857,0.012,0.014,1
ST3GAL5,0.0741908373734272,-0.136054752437071,0.051,0.056,1
C8orf33,0.074235845443865,0.101590493991943,0.095,0.089,1
CCDC102B,0.0742439998769114,-0.24707435468632,0.018,0.021,1
WDR86,0.0744122960346706,0.147316599258725,0.029,0.025,1
FAM89B,0.0744813346875846,-0.134065392857134,0.049,0.054,1
PLAGL2,0.0745636671636274,0.132740222638057,0.041,0.037,1
NR2C1,0.0745927397405681,0.104680703195386,0.089,0.083,1
CCZ1,0.074693758530509,-0.15378505191679,0.045,0.049,1
SLC16A10,0.0747142385335112,0.300600913170642,0.01,0.008,1
OGFOD2,0.0748189006048974,-0.144808701674033,0.041,0.046,1
FAM66B,0.0748779115201011,0.300600913170642,0.011,0.008,1
CPOX,0.074954465885591,-0.27599526163284,0.011,0.013,1
LINC02062,0.0750814433533892,-0.31274939413195,0.009,0.011,1
AC127521.1,0.0752326006903292,-0.313276277712299,0.011,0.013,1
ZBED6,0.0752937338607777,0.19699699502481,0.026,0.023,1
TMEM185A,0.0754320212874562,0.156418806365978,0.03,0.026,1
TRAPPC11,0.0754661530573581,-0.155525886385321,0.042,0.046,1
ZNF687,0.075493828506927,0.132725042750023,0.058,0.053,1
ZNF317,0.0757717703239826,0.105674153996976,0.06,0.055,1
PPM1L,0.0759383934710347,0.130422696275133,0.034,0.03,1
PDCD2L,0.076079031052904,0.289592588994055,0.013,0.011,1
DNMT3A,0.0760850011283414,0.105566607454656,0.069,0.064,1
CCDC58,0.0761111897785717,0.160481045875984,0.034,0.03,1
SERF1B,0.0761274642089591,-0.251665932271099,0.017,0.02,1
TRUB1,0.0762010107629147,0.230211585279244,0.025,0.021,1
UGCG,0.0762182284039399,-0.109295900961111,0.057,0.062,1
ISG20L2,0.076308765714571,0.102612734035147,0.121,0.115,1
SLC41A3,0.0763468632691651,0.100186390452184,0.08,0.074,1
LARP1B,0.0765511564369875,0.144508362926434,0.039,0.034,1
H1FX,0.0765845234624265,-0.144979485194588,0.265,0.272,1
TOP1MT,0.0767244460372478,-0.165355860081707,0.042,0.046,1
FBXW8,0.0768135027858144,-0.231162667607707,0.017,0.02,1
PKP4,0.0768410956130303,-0.275722669276641,0.011,0.014,1
INPP5E,0.0768523758537033,0.139375828037892,0.033,0.029,1
TBC1D22B,0.0768682886526851,0.144716229080657,0.036,0.032,1
CCDC125,0.0768838283005763,-0.198282592935583,0.019,0.022,1
LRP8,0.0769596774470192,-0.328006060209383,0.008,0.01,1
CFAP36,0.0769674049527229,0.1111971005651,0.092,0.086,1
CCL4,0.0771380522684376,0.49324348489169,0.183,0.174,1
GTF2IRD2,0.0773259440018656,0.200901399401405,0.032,0.029,1
TJP3,0.0774369146453298,0.281831109150802,0.012,0.01,1
AL118558.3,0.0774626153075544,-0.323889951737151,0.009,0.011,1
ARL17A,0.0775379373465944,0.206867051475069,0.022,0.019,1
ZNF441,0.0775538801765146,0.260031267783342,0.015,0.013,1
AC010618.3,0.0775936594645148,-0.245456076287938,0.012,0.015,1
KIF20B,0.0776574427661328,-0.15445226495608,0.047,0.052,1
PDHA1,0.0777850808858823,-0.109429288539891,0.073,0.079,1
MVK,0.0778081452703452,-0.194606934792184,0.02,0.023,1
TTC37,0.0780137581259119,-0.113561831067294,0.092,0.098,1
GLE1,0.0780411054575491,-0.164431053373054,0.044,0.049,1
GOLPH3L,0.0780648489114282,-0.207915167476315,0.016,0.019,1
RPRD1B,0.0780790957469974,0.13067591172833,0.069,0.064,1
NIPSNAP1,0.078195408719723,0.104500452685076,0.094,0.088,1
STK35,0.0782641852027019,-0.23404333435467,0.018,0.021,1
NUDT5,0.0782758042803674,-0.116869851519832,0.098,0.104,1
TRUB2,0.0784175302568521,-0.159259249964352,0.035,0.039,1
ZMYM6,0.0784555932934562,-0.107756520872386,0.069,0.074,1
NFKBID,0.0786667721619908,0.222952024564948,0.109,0.103,1
PDZD4,0.0788229686682813,0.227519989272979,0.017,0.014,1
RIOX2,0.079002603096439,-0.16889681568629,0.036,0.04,1
SPA17,0.0796181872717461,-0.301833030863954,0.008,0.01,1
NCOA1,0.0796327004932321,-0.116264806163179,0.111,0.117,1
ARHGAP6,0.0797023910971922,-0.208412734317215,0.01,0.008,1
GPKOW,0.0798251890601492,-0.149860551962102,0.045,0.049,1
ARSG,0.0800892412268456,0.132304872298453,0.057,0.052,1
TPM2,0.0801018717653872,-0.372185508777933,0.01,0.012,1
TTYH3,0.0803805754603205,-0.190894973059185,0.04,0.044,1
SRXN1,0.0804848634172415,0.230772508708118,0.014,0.012,1
TRAPPC2B,0.0806147017580036,0.124772775859508,0.054,0.05,1
AL162231.1,0.0807602762852023,-0.278802062208613,0.01,0.012,1
MTA2,0.0808461085495181,-0.101681888594154,0.085,0.091,1
CRIPT,0.0809134942379626,0.128986303289293,0.059,0.054,1
C5orf15,0.0809960372548829,0.125428682113648,0.055,0.051,1
EIPR1,0.0810787565476311,-0.134608007122791,0.065,0.07,1
ANO6,0.08118246026326,-0.114065283817929,0.103,0.109,1
QPCTL,0.0813970995609805,0.254893974054881,0.013,0.011,1
MOCS2,0.0814133838369737,-0.12565139210948,0.06,0.065,1
UBE2W,0.0814543597086463,-0.136481522160902,0.061,0.067,1
CNPY4,0.0816216357127839,-0.135111166909542,0.03,0.034,1
SLC35E3,0.0816844052609998,-0.152727280008647,0.042,0.046,1
DNAL4,0.0817255265198781,-0.192448180774418,0.024,0.027,1
MPV17,0.0817307325942453,-0.111654145436875,0.086,0.092,1
ZNF254,0.0818306389323319,0.141250473267424,0.04,0.036,1
INPP5B,0.0819730483124625,0.176886223614139,0.037,0.033,1
ZNF646,0.0819955694454192,-0.223002174018956,0.017,0.02,1
RIT1,0.0820439748641605,0.107730431737297,0.062,0.057,1
SENP2,0.0821537296421575,0.133421615025777,0.062,0.057,1
PPP4R1,0.0823834717767548,-0.142009816957485,0.052,0.056,1
ATP13A2,0.082620461358121,-0.166815868744679,0.032,0.036,1
HPCAL4,0.0826482228170575,0.298211685397052,0.01,0.008,1
AAR2,0.0827140778972152,0.13703773026161,0.077,0.072,1
MCOLN1,0.0827473090535065,-0.156976391759892,0.055,0.06,1
EXD3,0.082748543044548,-0.144953374618477,0.046,0.05,1
FANCA,0.0828563812392655,-0.193103344201798,0.02,0.023,1
SKAP2,0.0829890198919498,-0.108901607876615,0.108,0.114,1
SLC38A5,0.0831656111220127,-0.173771502637044,0.029,0.032,1
MECR,0.0832354498071218,0.140159725081298,0.028,0.024,1
IBA57,0.0832549787639306,0.219414939635923,0.02,0.017,1
C10orf91,0.083468511452235,0.253953137083834,0.016,0.013,1
WDR75,0.0835286880972346,0.113657813795728,0.07,0.065,1
SLC25A15,0.0835630372953324,-0.284654788454051,0.009,0.011,1
NOL9,0.0836097199554327,0.106319859165943,0.071,0.066,1
TRIM24,0.0841389416674179,0.154303263449421,0.032,0.028,1
MAVS,0.0841966797241969,-0.135881904836607,0.063,0.068,1
AC009041.2,0.0844267781066046,0.23316655241412,0.014,0.012,1
HIST1H3D,0.0844380178123621,0.104125401539903,0.065,0.059,1
ZNF778,0.0845519484251378,0.12392839627613,0.04,0.036,1
EPS8,0.0845623177254394,-0.17559082705552,0.043,0.047,1
PHC2,0.0845800874953761,-0.124163817783068,0.049,0.054,1
BCORL1,0.0846460046333078,-0.375936699506747,0.008,0.01,1
DHX32,0.0847621320357373,0.208170647821448,0.028,0.024,1
LINC01137,0.0848064545960713,-0.246635725562244,0.014,0.017,1
PRMT7,0.0848897496994883,-0.111033555997258,0.063,0.068,1
TTC33,0.0849092235720947,0.145224220297485,0.034,0.03,1
ANKRD39,0.0850237074860056,0.106699567069721,0.077,0.072,1
RRM2B,0.0852471739888531,0.157434272748988,0.05,0.046,1
MVB12A,0.085278232672453,-0.105824218956336,0.063,0.068,1
ZFAND2A,0.0852915769298117,0.108571474943771,0.136,0.129,1
MMP28,0.0855374052654574,0.163816615239925,0.025,0.022,1
ZNF582,0.0855711857796499,0.261072548984004,0.011,0.009,1
HIST1H2AB,0.0855810149735872,0.292485501615466,0.011,0.009,1
TRAM2,0.0856032564572737,-0.171886858292102,0.025,0.029,1
TFDP1,0.0856264633330007,0.122277444985863,0.065,0.06,1
CNOT9,0.0856349214124584,0.113102749373029,0.073,0.067,1
NOM1,0.0857442224760967,0.114943535945866,0.042,0.038,1
ALG9,0.0857766721207803,0.165009827203176,0.031,0.028,1
TRMT44,0.0858309945005792,-0.225057517313438,0.016,0.019,1
DYNLL2,0.0858724666972013,-0.1239523812284,0.068,0.073,1
DHX34,0.0859537347012833,0.169636716670498,0.033,0.029,1
F5,0.0859681263404439,-0.235189440200619,0.02,0.023,1
RELA-DT,0.0862444363284745,-0.179368439661553,0.032,0.036,1
GPR89B,0.0863361029674494,0.151901578620789,0.043,0.039,1
TBC1D7,0.0864577719951322,0.127673423566807,0.047,0.042,1
LRCH1,0.086563702965415,0.138008681100364,0.055,0.051,1
SMIM1,0.0868359902543726,-0.253500623845754,0.01,0.012,1
R3HCC1L,0.0868666755350282,-0.134773685275002,0.046,0.051,1
TCF3,0.0868915311777726,-0.142239324302834,0.044,0.049,1
AL135791.1,0.0869491002697359,0.21919590883502,0.016,0.014,1
KIR3DL2,0.087013454436844,0.287544760345196,0.034,0.03,1
ZNF316,0.0873432380549958,-0.15879328583883,0.039,0.043,1
CYBRD1,0.0875474047631621,-0.228470386658469,0.014,0.016,1
SLC31A2,0.0876622049014536,0.134465430340806,0.039,0.035,1
AL136038.5,0.0877121633939731,-0.159975050048939,0.029,0.033,1
XCL1,0.0877634636123979,0.308173459128325,0.035,0.031,1
AC087500.1,0.0877791618616227,-0.195499415514052,0.017,0.019,1
BTN2A1,0.0877995709546101,0.1164496133339,0.078,0.072,1
GOT2,0.0878996495627856,-0.11717163612995,0.069,0.075,1
DLG1,0.0881124986187531,-0.121056913951973,0.074,0.08,1
THRA,0.0881167678635077,0.114968469681635,0.08,0.075,1
EXT1,0.0881646757640117,-0.224354278186237,0.013,0.016,1
SLC7A6OS,0.0882813350760117,-0.129671910385163,0.06,0.065,1
ZBTB11,0.0885785193810849,0.109466003360634,0.087,0.082,1
AL590705.1,0.0885817731827152,0.26868573309388,0.011,0.009,1
PARP11,0.0885824940371034,0.116731595180516,0.047,0.042,1
TMEM63A,0.0885836664413929,0.101913978410763,0.113,0.107,1
TXLNG,0.0887699956769574,0.117126614122526,0.071,0.066,1
LINC00476,0.0888660216089196,0.134359614362991,0.07,0.065,1
PLEKHG4,0.0888765171684471,0.2865871134193,0.014,0.012,1
CHST14,0.0889758753960097,-0.276968904349658,0.008,0.01,1
CMKLR1,0.0890396343803437,-0.261438443270394,0.011,0.013,1
MBOAT7,0.0891625233868269,-0.122883212959853,0.056,0.061,1
ST3GAL4,0.0891754129893367,0.150041236595261,0.033,0.03,1
CAMK2N1,0.0892221020800668,0.217351171554687,0.013,0.011,1
ZNF71,0.0893711917459016,0.235649952104097,0.023,0.02,1
EFCAB13,0.0895209838375507,0.2702408642576,0.012,0.01,1
AMDHD2,0.0896360040473403,0.117719265406415,0.059,0.055,1
ZNF626,0.0897002279601576,-0.144064194287778,0.03,0.034,1
COQ2,0.0897546396324271,0.138763168143949,0.045,0.041,1
TADA2B,0.0900404617955459,-0.15231593833076,0.032,0.036,1
NOP14,0.0900787258052973,-0.106814594309409,0.089,0.095,1
PUS1,0.0901117095795404,-0.140025759336965,0.039,0.043,1
CD200,0.0901286009711015,0.271719793183513,0.013,0.011,1
SCOC-AS1,0.0903231210324485,-0.251321325786506,0.012,0.014,1
RALGAPA2,0.0905959405212117,0.100110052410082,0.061,0.056,1
AC004585.1,0.0906868012334231,-0.313062921252795,0.011,0.013,1
AL162458.1,0.0910857710297864,0.278938969777518,0.011,0.009,1
POLA2,0.0911246489636821,-0.229372352952861,0.021,0.024,1
TLR4,0.0911765899083231,-0.1175837561172,0.037,0.041,1
AC092164.1,0.0911937673960173,0.252610970235809,0.015,0.013,1
RPS6KA2,0.0911963649671184,0.286245620193572,0.01,0.008,1
EI24,0.0912298276069675,0.113659291835881,0.07,0.065,1
NENF,0.0913395336878151,-0.111828444801399,0.072,0.077,1
SLC10A3,0.0914367259883368,0.109714379573338,0.087,0.082,1
CCDC90B,0.0915055978442907,-0.109549802695436,0.088,0.094,1
TRIM41,0.0915116043589203,-0.121405409054733,0.052,0.057,1
PLOD1,0.0916010244208381,0.115359397210548,0.038,0.034,1
ZNF460,0.0916482667122294,0.102146546490949,0.074,0.069,1
KBTBD3,0.0917644264990668,0.13769655160382,0.041,0.037,1
CEP97,0.0920312112808051,0.209107177459778,0.019,0.017,1
DHX57,0.0921411280956283,-0.192108251910428,0.034,0.038,1
NME6,0.0921789074619194,-0.134856127347135,0.048,0.052,1
RAD17,0.092340715886814,0.136140419778999,0.054,0.049,1
N4BP3,0.0925555844756871,0.306988384039363,0.013,0.011,1
CD244,0.0926451722308982,-0.171886858292101,0.063,0.068,1
ARFGAP1,0.0928098324130662,0.114507653779971,0.051,0.046,1
ZNF319,0.0928623601828319,-0.174798453712004,0.018,0.021,1
ECI1,0.0929487335839146,-0.208844614290771,0.019,0.022,1
MAPK14,0.0930602461696702,-0.146254546262363,0.059,0.063,1
COX15,0.0937842481575372,-0.147329754048123,0.036,0.039,1
CLUH,0.094586330663955,-0.174081071705013,0.025,0.028,1
BIN3,0.0948654344154374,0.123967724985367,0.056,0.051,1
FOXK1,0.0952989657591567,-0.149700095027439,0.047,0.051,1
MRPS2,0.0953502896775317,0.10579752207085,0.102,0.096,1
SGMS1-AS1,0.0958656559459612,-0.169366866313586,0.021,0.024,1
CD38,0.0959134872921606,-0.243797901880405,0.037,0.041,1
TRAPPC2,0.0959196751231692,-0.134108638463195,0.07,0.075,1
RABL3,0.0962528920441134,0.163847036120291,0.03,0.026,1
TRIM23,0.0962700704017847,-0.160865452200849,0.049,0.053,1
GAS6-AS1,0.0963441020734388,-0.311289914957518,0.009,0.011,1
CWC22,0.0964388361847223,0.100049750018703,0.073,0.068,1
JUP,0.0964528267822295,-0.167805681480284,0.025,0.028,1
ADTRP,0.0965474389776651,-0.189252418466961,0.027,0.03,1
THAP6,0.0967003295564767,0.12963046743201,0.049,0.045,1
APOBEC3H,0.0967008460039981,-0.267746873699617,0.014,0.017,1
ZNF585A,0.0967439267083187,-0.100711106265182,0.061,0.065,1
ZSWIM8,0.0969960958186667,-0.142764047817063,0.047,0.051,1
IGHD,0.097046209301594,0.110279407719889,0.04,0.036,1
ZCCHC3,0.0971041687905189,-0.230090647735381,0.014,0.016,1
ZMYM3,0.0972846619120048,-0.172886300688075,0.027,0.03,1
ZNF184,0.0973131747252976,0.208892019582093,0.026,0.022,1
STXBP3,0.0973295608251938,-0.105494421371649,0.087,0.093,1
LINC00937,0.0973910768870739,-0.134644340053611,0.044,0.049,1
LRRK1,0.097693600271074,-0.157588475239533,0.019,0.021,1
PLA2G12A,0.0977139282370452,-0.198591182121155,0.053,0.057,1
FAR2,0.0977258978080655,-0.26082058671239,0.01,0.012,1
DHRS13,0.097979075650135,0.151325916146659,0.042,0.038,1
CCDC102A,0.0980254262721702,-0.266934066925076,0.01,0.013,1
METTL15,0.0986277022985492,0.102523032672859,0.061,0.056,1
BEST1,0.0991312849454132,0.117327347531702,0.069,0.064,1
LNX2,0.0991553063167301,0.164838238523342,0.028,0.024,1
C11orf49,0.0993447935357365,-0.119592350849889,0.046,0.05,1
BRCA2,0.0994643793337405,-0.239001054150638,0.013,0.015,1
AL050341.2,0.0995257432023592,0.256733613259667,0.018,0.016,1
HSPBP1,0.0998625259155086,-0.127299023587148,0.053,0.057,1
AL359711.2,0.100203699022531,0.298211685397052,0.01,0.008,1
SLC25A35,0.100265204424365,-0.217318287539107,0.018,0.021,1
HIPK1-AS1,0.100345028005528,0.208805239367032,0.017,0.015,1
SLCO4C1,0.100389337633852,0.228235966975459,0.015,0.013,1
UBALD1,0.100400142821464,-0.119702125778294,0.049,0.053,1
FAM174B,0.100404936952221,-0.331995001374207,0.008,0.01,1
DMAC2L,0.100484992442382,-0.100387337932768,0.099,0.105,1
AC025171.1,0.100495793995164,0.191479190790529,0.029,0.026,1
CPT2,0.100528320202358,0.150041236595261,0.034,0.03,1
TMEM101,0.100705595527643,-0.101261197360468,0.068,0.073,1
CRTAM,0.10090258772159,-0.100760333123095,0.041,0.045,1
RPA1,0.10092080501555,-0.117030800115023,0.104,0.11,1
PAN2,0.101239458884663,-0.139639314536987,0.042,0.046,1
MFSD4B,0.101282411854197,-0.18998065185397,0.025,0.028,1
CHML,0.101343443886068,-0.263517333757669,0.014,0.016,1
CACNA2D4,0.101455925921129,0.114072923877914,0.035,0.032,1
ABCA5,0.101717877231967,0.176407613681255,0.032,0.029,1
ZNF680,0.102152876683501,0.166509547451025,0.031,0.028,1
EID3,0.102178812322382,0.146028174088638,0.04,0.037,1
PLXNC1,0.102276810690096,-0.167141146641451,0.044,0.048,1
NCAPD3,0.102633121126177,0.117337071522556,0.042,0.038,1
CYREN,0.102837475669379,-0.105215818646814,0.052,0.056,1
AC003102.1,0.102950068588026,-0.183345973667166,0.024,0.027,1
TUG1,0.103014807474764,-0.110127835544144,0.076,0.082,1
TMEM97,0.103050046547417,0.218059660023913,0.017,0.015,1
WWC3,0.103118272666575,-0.166348674750671,0.034,0.038,1
EPHX2,0.103690047795347,-0.140308568841662,0.082,0.087,1
ZSWIM6,0.104223047297942,-0.141949574137997,0.035,0.038,1
ST3GAL3,0.104252666323043,0.158304547626401,0.036,0.032,1
RXYLT1,0.104303336710644,-0.147520413507586,0.035,0.038,1
FAM98B,0.10433087028395,0.133949664644136,0.053,0.048,1
AVEN,0.104352370713408,-0.285268657709843,0.009,0.011,1
CLN8,0.104414982369731,0.127151521075534,0.058,0.054,1
MAMSTR,0.104537123566059,-0.245367455934651,0.011,0.013,1
ID1,0.1047388401794,-0.226055168551713,0.053,0.057,1
SRBD1,0.105189347719912,-0.131303010646364,0.039,0.043,1
PGM2,0.105259501005177,-0.106758046861398,0.036,0.04,1
CR2,0.105373423873586,-0.259629752933767,0.011,0.013,1
ZNF224,0.10555854996442,0.124849145141385,0.067,0.063,1
HEATR3,0.105736233092083,-0.140544434532517,0.04,0.044,1
LSS,0.106330981363329,0.126308387122109,0.035,0.031,1
SLC66A2,0.10656028955607,-0.147103757362212,0.046,0.05,1
SEC24A,0.106631848086215,0.138342715211388,0.039,0.035,1
WIPI1,0.106732070085422,0.165682203341285,0.038,0.034,1
GPR180,0.106768404586426,0.165915315943664,0.022,0.019,1
UBE2S,0.106901009687719,-0.124278976785048,0.053,0.057,1
KATNAL1,0.10693974004101,0.204912657396746,0.022,0.019,1
DBT,0.107039864249783,-0.271422531843015,0.013,0.015,1
HPSE,0.107052753419468,-0.121701101123884,0.025,0.028,1
NAA40,0.107331964830515,-0.104166717176687,0.041,0.045,1
EID2,0.107624062148861,-0.177885598913544,0.018,0.02,1
GSPT2,0.108270293032696,0.137743282184393,0.035,0.031,1
BMI1,0.108400410636346,0.117959056891487,0.069,0.064,1
ATAD3A,0.108426397516167,-0.188874212312673,0.022,0.025,1
NUDT7,0.108513409056038,0.255010796196803,0.016,0.014,1
CCDC180,0.108680095571425,-0.255080793818499,0.008,0.01,1
FAM111A-DT,0.109001719158955,0.243150640986742,0.015,0.013,1
SLC25A53,0.109028083097593,0.158146286232316,0.034,0.03,1
NIT2,0.109062322029891,-0.103863897865449,0.082,0.088,1
FANCD2,0.109090691867628,0.152423887906255,0.023,0.02,1
NAT10,0.109095428571352,0.160929552737998,0.037,0.034,1
PROSER3,0.10909627123644,0.114135208073082,0.033,0.029,1
KDSR,0.109153031609254,-0.122433460201667,0.08,0.086,1
YRDC,0.109213463930299,0.18144994131457,0.039,0.035,1
CXCR6,0.109645335170989,-0.290206825480863,0.008,0.01,1
CEP120,0.109670223195225,0.112855420464001,0.075,0.07,1
NOTCH2NLA,0.109707416372745,-0.176518307023747,0.017,0.02,1
ERF,0.109783211938255,0.175496817277931,0.036,0.032,1
AC113410.4,0.109921769846584,-0.253314457635947,0.009,0.011,1
CCDC71L,0.109928244155239,0.160071601732526,0.024,0.021,1
CCNJ,0.110005760085849,0.265142213293052,0.012,0.01,1
PLAGL1,0.110234999776773,-0.186021142495737,0.026,0.029,1
UBE2E2,0.110329795632062,-0.133206390128042,0.058,0.063,1
NF1,0.110414221957548,-0.148895215665872,0.056,0.06,1
ASH2L,0.110474250478578,0.118862925753516,0.053,0.049,1
GTDC1,0.110500397108407,-0.124430052238444,0.058,0.062,1
ZNF75D,0.110650530025293,-0.182824704776989,0.025,0.028,1
NPIPA1,0.110707057045047,0.106604500369575,0.046,0.042,1
TRIM35,0.110986132423297,0.187280636871767,0.027,0.024,1
KIAA0355,0.111172583047127,0.126398394724744,0.051,0.047,1
CRACR2B,0.111269582637084,-0.231095856065292,0.01,0.012,1
AC106791.1,0.111333863307984,-0.221927540791697,0.019,0.022,1
CD180,0.111460021309855,-0.210775871685696,0.01,0.012,1
TSEN2,0.111554923440677,0.180738033818177,0.027,0.024,1
TATDN2,0.111603369421134,-0.127729071973882,0.043,0.047,1
TMEM38B,0.111960424321359,0.121859904377002,0.055,0.051,1
TNFSF9,0.112096948624504,0.244717936133703,0.029,0.026,1
NSUN3,0.112360838807834,0.113316107059591,0.05,0.046,1
FAM215B,0.112630430743033,0.21340329759269,0.014,0.012,1
UBFD1,0.112654449882038,0.205417993631634,0.014,0.012,1
TMEM102,0.112775875182716,-0.190599118554272,0.022,0.024,1
LIG1,0.112879301956754,-0.113891893925888,0.063,0.068,1
GCN1,0.113142504370813,-0.113553547975774,0.056,0.06,1
AP5Z1,0.113404853729196,-0.107377725825622,0.09,0.095,1
POLR3A,0.113669685291414,-0.154853661132659,0.031,0.035,1
ALG2,0.113935967370154,0.12331087098074,0.056,0.052,1
ZBED1,0.114585682405486,0.111707412190092,0.101,0.096,1
LINC01431,0.114596924571561,-0.234764061264167,0.012,0.014,1
IDUA,0.114806684056616,-0.103819464980597,0.041,0.045,1
CD109,0.114921923069313,0.292781408711344,0.013,0.011,1
ZDHHC18,0.115047400991784,-0.158590035678643,0.037,0.04,1
PLCG2,0.11510539045083,-0.106338793470202,0.085,0.09,1
HLA-DOA,0.11519550500669,-0.142534773815834,0.042,0.045,1
ANKRD55,0.115485585018795,0.17206754292526,0.035,0.032,1
SEPTIN11,0.115783561687892,-0.108877060766301,0.059,0.063,1
MAPRE3,0.116077768653496,0.257424771968861,0.013,0.011,1
KDM3B,0.116084885969084,-0.105413205462729,0.069,0.074,1
LINC00954,0.116204478985453,-0.144781628129503,0.033,0.036,1
MYC,0.116506427255855,0.152733550169527,0.112,0.106,1
MXD3,0.116712674265209,-0.149639024892049,0.027,0.03,1
XKR6,0.116770465902232,-0.245004787496116,0.012,0.015,1
SNAI3,0.117621159877884,0.139834079596854,0.048,0.044,1
FUBP3,0.117793987673029,0.127403432915529,0.046,0.042,1
RNF2,0.117799695494724,0.139480139239645,0.049,0.045,1
AC005520.2,0.117881360250601,0.301430286600146,0.01,0.008,1
AC087623.2,0.117964211439675,0.142059500933787,0.039,0.036,1
DST,0.117992111605454,-0.226424142301534,0.011,0.013,1
AL158055.1,0.118248258908595,0.261072548984005,0.01,0.008,1
AC138969.1,0.118455206723442,0.191179931388747,0.024,0.021,1
LGMN,0.118624604485093,0.244804159839256,0.02,0.018,1
LINC02591,0.11876479694783,0.227209097117721,0.026,0.023,1
PIGM,0.118838102648865,0.201571537235343,0.021,0.019,1
GAN,0.119004826007925,0.236752869788592,0.011,0.009,1
TBC1D19,0.119127557402799,-0.117112635747937,0.038,0.042,1
PKD2,0.11921291288612,-0.25797583500581,0.012,0.014,1
HSPBAP1,0.119489676180652,-0.112993169238532,0.045,0.048,1
MPHOSPH9,0.119523609618621,0.11840115687513,0.074,0.069,1
CERS6,0.119560556781812,0.106918871949613,0.044,0.04,1
HLA-DOB,0.119622632659676,-0.175068105536781,0.03,0.033,1
GEMIN8,0.119629400946773,0.138488950950483,0.031,0.028,1
VIPR2,0.119739811692886,0.225652050609403,0.017,0.015,1
RBM41,0.120049477453123,-0.158830705466655,0.033,0.037,1
DCUN1D5,0.120144835876376,0.104953347066723,0.076,0.071,1
PAXIP1-AS1,0.120162386823678,0.112866228932249,0.061,0.057,1
IGHA2,0.120332664556888,1.4620516638046,0.011,0.009,1
TAFA2,0.120447931318761,-0.240555403420283,0.014,0.017,1
AC096677.1,0.12049155398445,-0.260423532893759,0.009,0.011,1
NIPA1,0.120816822865654,0.287544760345195,0.01,0.008,1
SNAPC5,0.120864859296696,0.102023702948048,0.08,0.075,1
ZMAT3,0.120880048913155,-0.101736367424821,0.066,0.071,1
IL11RA,0.12105316436895,-0.186386427987217,0.022,0.025,1
ABCA2,0.121827365130951,-0.136054752437071,0.05,0.054,1
PEX1,0.122041003234105,0.152760737948853,0.058,0.053,1
PI16,0.12209887873227,0.258006245936222,0.015,0.013,1
BCL9,0.122208280184656,0.20991269257266,0.012,0.01,1
FBXL22,0.122730196762977,0.164527570495341,0.021,0.018,1
AFMID,0.12288893343359,-0.274334127262918,0.009,0.01,1
FARS2,0.122982738194603,-0.108325044290889,0.073,0.078,1
MFSD8,0.123273846171771,-0.128484168390295,0.061,0.065,1
LINC02328,0.123323275941613,0.119716699738464,0.046,0.042,1
LINC00926,0.123341194901157,0.370262558890082,0.071,0.067,1
TTC5,0.123618622953835,-0.129418717151644,0.037,0.04,1
ERVK13-1,0.123702326088553,-0.159600484964272,0.028,0.032,1
ZNF503,0.123802355319834,-0.123820199722889,0.015,0.017,1
NUP93,0.123934655761942,-0.116635504303756,0.054,0.058,1
IGLC2,0.12396789335132,-0.54238204910642,0.022,0.025,1
GNPDA2,0.123970684177313,0.153988421111924,0.028,0.025,1
URB1-AS1,0.124008574619369,-0.213044183048861,0.017,0.02,1
A2M-AS1,0.124052290046688,-0.24513584032274,0.014,0.016,1
CDC34,0.124186570988683,-0.131393674273552,0.031,0.034,1
ZNF737,0.124312217516659,0.106928130232271,0.052,0.048,1
PANX1,0.124479952824215,0.158596903127812,0.025,0.022,1
HCFC2,0.124793256914895,-0.177220302595142,0.02,0.023,1
GBA,0.124824483005524,-0.130948297569867,0.047,0.051,1
PUSL1,0.124941375724333,-0.142283145247204,0.031,0.035,1
PCYOX1L,0.125056300306629,-0.15617677520344,0.031,0.034,1
NIPSNAP3A,0.125095560055358,-0.15170897635447,0.038,0.041,1
GPN2,0.125186548548735,0.117000974831253,0.044,0.04,1
RNF169,0.125195820020331,-0.136330488883056,0.039,0.043,1
METAP1D,0.12544495657382,0.152548092205835,0.032,0.029,1
GPR171,0.125724501598194,-0.158877797730239,0.03,0.034,1
PARP3,0.125869425950905,-0.146962603131873,0.029,0.032,1
BASP1,0.125939335868677,0.263262480074829,0.043,0.039,1
STXBP5,0.125975257379639,0.126018007388745,0.03,0.027,1
B3GALNT2,0.126112109878772,-0.20154683181234,0.019,0.021,1
PTGIR,0.126406782514033,0.101333031388026,0.02,0.018,1
H1F0,0.126415980037517,-0.210596981579091,0.037,0.041,1
IL23A,0.126587142360961,0.192257356590717,0.022,0.019,1
PAAF1,0.12715904238184,-0.153964950294839,0.027,0.03,1
ZNF117,0.12716449758596,0.258100982452715,0.011,0.009,1
DCUN1D2,0.127659650968203,0.212542655056346,0.013,0.011,1
SAMD1,0.127979906395163,-0.205228934158641,0.028,0.031,1
GPR35,0.128034696951812,0.176916942586656,0.032,0.029,1
GPHN,0.128080275150253,-0.134131936296683,0.045,0.049,1
HES6,0.128197128588226,0.199480169329766,0.011,0.009,1
TOP3B,0.128306829501387,-0.113697094620094,0.038,0.042,1
ANAPC10,0.128925484734275,0.120154360821306,0.047,0.043,1
BMPR1A,0.129498785924495,-0.180418491913218,0.016,0.018,1
VPS52,0.129524640027403,-0.112763275995931,0.058,0.063,1
NPHP4,0.129721843603557,-0.219619469076203,0.012,0.014,1
MDM1,0.129816256159345,-0.130891315395513,0.032,0.035,1
ZNF519,0.130063526265113,-0.220796458773048,0.016,0.019,1
AC005562.1,0.13022651339762,0.152029789688715,0.027,0.024,1
SH2B2,0.130365227999566,-0.205948694365734,0.016,0.019,1
LRSAM1,0.130569830186238,-0.144114240822843,0.029,0.032,1
ACADM,0.130830081010913,-0.105327596786252,0.071,0.076,1
ACTR8,0.131048318824749,-0.136786280403842,0.041,0.045,1
POGLUT3,0.131107932934356,0.169670043344193,0.021,0.019,1
NOC4L,0.131253655768292,0.116093904671923,0.063,0.059,1
TRIM66,0.13188505460898,0.140185040850247,0.022,0.019,1
PTCH1,0.131937976103925,0.156510731924819,0.025,0.022,1
TNNT1,0.132279176455569,-0.263486377625945,0.011,0.013,1
HLTF,0.1323187730568,-0.155351490565801,0.026,0.029,1
ZNF665,0.132505792149343,0.245067843981033,0.014,0.012,1
EIF3J-DT,0.132574242975914,-0.146483368925387,0.043,0.047,1
RBM45,0.132610851268409,-0.212381636520161,0.021,0.023,1
RBBP9,0.132999469627514,0.207961212524443,0.016,0.014,1
URGCP,0.1330614786753,0.136917956096712,0.047,0.043,1
TDRKH,0.133173406595748,-0.247718271251747,0.012,0.014,1
KCNC3,0.133484184123388,-0.240599608376115,0.009,0.011,1
AC018816.1,0.133833941436287,0.283307767458725,0.01,0.008,1
GPR141,0.1338994786006,-0.14579762942344,0.029,0.032,1
MTO1,0.133901122737482,-0.10719254954239,0.065,0.069,1
ZCCHC14,0.134132499935272,0.219027846786569,0.015,0.012,1
AP000873.2,0.134193885458727,0.16068848079477,0.023,0.02,1
LRRC40,0.134404519434661,0.14370477384383,0.046,0.043,1
NRCAM,0.134455975689698,-0.25318696039395,0.01,0.012,1
AC005280.2,0.134556604003325,-0.218225572958971,0.018,0.021,1
CYSLTR1,0.134586461419562,-0.179004263161253,0.037,0.04,1
KHDRBS2,0.134625589864392,0.259958928673297,0.013,0.011,1
NBPF10,0.134640444161951,-0.125548143625231,0.095,0.1,1
C1orf109,0.134811067456741,0.178261110242719,0.023,0.02,1
TWNK,0.134993900978741,0.250939442947804,0.013,0.011,1
ATP8B4,0.135133579724202,-0.171886858292102,0.012,0.014,1
LRIG2,0.135170243298048,-0.128401714102363,0.033,0.036,1
CAPN15,0.13523004020876,-0.100640229172611,0.056,0.06,1
AP005019.1,0.135255147014343,0.150041236595261,0.019,0.017,1
PPP1R13B,0.135454814452207,0.249939806649381,0.016,0.014,1
UBXN10-AS1,0.135624996866768,0.162424961051093,0.011,0.009,1
TRIM61,0.135659281347309,0.203357051127718,0.017,0.014,1
AL050309.1,0.135679195197887,-0.130066682597474,0.019,0.021,1
ATPAF2,0.135701107782159,-0.110761803595548,0.038,0.042,1
IL15,0.136068024768153,-0.134561322603282,0.028,0.031,1
NCOA4,0.13621002148023,-0.185444592929929,0.206,0.212,1
RWDD2B,0.136259204118271,-0.274334127262918,0.009,0.01,1
SLC19A1,0.136498611706037,-0.158201943181309,0.026,0.029,1
MIER2,0.13666558853385,-0.12992356518841,0.033,0.036,1
CCNY,0.136979315095664,-0.102624195854987,0.082,0.087,1
VPS35L,0.137268105599636,-0.109401124501545,0.055,0.059,1
PHF7,0.137390399938459,0.144079678356544,0.036,0.032,1
PPARD,0.13752151299138,0.107915760922584,0.063,0.058,1
GFOD1,0.137556292718349,0.166281877602472,0.029,0.026,1
CEP126,0.137608332455947,-0.211261096626245,0.014,0.016,1
ZDHHC13,0.137696800814113,0.156735889169269,0.024,0.022,1
IMMP1L,0.137698989807642,0.111300453832606,0.064,0.06,1
ZNF286A,0.137950726248588,0.148441796253069,0.033,0.03,1
FAM216A,0.138013113874081,0.151049761656177,0.027,0.024,1
TELO2,0.138229038494891,-0.11247068351038,0.06,0.065,1
PEX7,0.13823667217984,-0.155312633756585,0.018,0.02,1
FAM189B,0.138295979220082,0.140471085144489,0.034,0.031,1
RBM43,0.13857463356831,0.100218537956689,0.058,0.054,1
P2RX5,0.138835004211925,-0.161770992678751,0.066,0.07,1
IDNK,0.139188310265734,-0.138272577686891,0.031,0.034,1
IER2,0.139541324068458,-0.134467151992385,0.69,0.669,1
AC006504.5,0.139616254191169,-0.264996262683582,0.009,0.011,1
BEX5,0.139771499899533,-0.138296496565039,0.024,0.027,1
CHKB-DT,0.139973411425359,-0.243622611891016,0.009,0.011,1
RECK,0.140087895583769,0.148895785926999,0.062,0.058,1
L3HYPDH,0.140356400266156,-0.116881295395238,0.033,0.037,1
ZNF408,0.140479020559494,0.131491587927377,0.042,0.038,1
ABHD8,0.140602203857722,-0.168173355493037,0.022,0.025,1
HS2ST1,0.140676456429814,0.116589067522654,0.049,0.045,1
TMEM229B,0.141178314438426,-0.217690547905226,0.012,0.014,1
TRIP4,0.141623616342924,-0.125885790675182,0.044,0.048,1
PRMT5,0.141626764195469,-0.14592763122942,0.028,0.031,1
DLAT,0.141699632536444,0.138813981172007,0.036,0.033,1
IKBIP,0.141754124866122,-0.125344272355071,0.056,0.06,1
LINC00426,0.141771983995963,-0.163916147183522,0.026,0.029,1
AC012020.1,0.142344891918858,-0.33354012177087,0.008,0.01,1
MYO1D,0.142604607639444,0.227772539827827,0.011,0.009,1
AL359513.1,0.142669908204384,0.152453770670652,0.022,0.02,1
TMEM129,0.142728330252716,-0.125110087622654,0.051,0.055,1
B9D2,0.142802347116361,0.120250014947556,0.038,0.034,1
ZNF518A,0.142930215060332,-0.118668888546642,0.05,0.054,1
ZNF260,0.143019638263888,0.167319228027097,0.023,0.021,1
CRTC1,0.143097394334983,-0.13547037620297,0.044,0.048,1
ARHGAP19,0.143278251149397,-0.138909535845828,0.04,0.043,1
TMEM67,0.143493824119911,0.243150640986743,0.012,0.011,1
CCDC43,0.144528891087246,0.118923595449729,0.05,0.046,1
AP001816.1,0.144620095601288,-0.29741774037596,0.008,0.01,1
GEMIN2,0.144862459289898,0.154706382263822,0.024,0.021,1
CCDC77,0.14507832200024,0.19301127556082,0.025,0.022,1
SEC24D,0.145725658827726,0.101046008607931,0.052,0.048,1
ZXDC,0.145954157591515,0.127586385767565,0.047,0.044,1
ZNF235,0.146089578014258,0.153555720771498,0.023,0.02,1
TSNARE1,0.146140744322972,0.146795577091607,0.025,0.023,1
ACTL6A,0.146238728772414,0.131182209343945,0.043,0.039,1
PWWP3A,0.14666034696888,0.130470677352724,0.043,0.039,1
SLC27A4,0.147154729535368,-0.224354278186237,0.011,0.013,1
ZNF551,0.147284783792093,0.188009086794281,0.021,0.019,1
ACP6,0.147340802330954,-0.160109690515748,0.018,0.021,1
RABEP2,0.147603764104799,-0.106964173334818,0.063,0.068,1
SULT1B1,0.147616202373887,-0.150484381559878,0.028,0.03,1
CLEC10A,0.147813216677719,-0.229562569188999,0.009,0.011,1
PDCD4-AS1,0.148172494360092,0.102735521816904,0.062,0.058,1
RECQL5,0.148211809590951,-0.153796401309205,0.024,0.027,1
MLC1,0.149010818540974,-0.153544278170299,0.018,0.02,1
TRAK1,0.149228606069295,-0.108804386407124,0.039,0.043,1
C3AR1,0.149306777715028,0.19857113052292,0.021,0.019,1
TCF19,0.149332024233687,0.220430564486659,0.017,0.015,1
QSER1,0.149401957316398,-0.136071723822431,0.028,0.03,1
SLC29A2,0.149504723821016,-0.246433811657155,0.01,0.012,1
SPAG5-AS1,0.149554069898475,-0.171886858292101,0.025,0.028,1
LEF1-AS1,0.14956379487684,0.114031438215031,0.038,0.035,1
TTI2,0.149836269211995,0.212611060027359,0.018,0.016,1
SLC39A4,0.150140457884471,-0.12989879070378,0.038,0.041,1
CDKL5,0.150456455331262,0.222469709760258,0.01,0.008,1
AMY2B,0.150460197420023,-0.225825665402906,0.016,0.018,1
EPHA1,0.150742613568802,0.176160297559143,0.02,0.017,1
SMPDL3A,0.150940155552819,0.248688824528172,0.013,0.011,1
BICD1,0.151112394992345,0.114313532120735,0.038,0.034,1
ELL,0.151401556702045,0.106315225482443,0.084,0.08,1
TMEM79,0.151482936526152,-0.187073262106777,0.014,0.016,1
TUBD1,0.151966181879701,0.195041221234613,0.029,0.026,1
ERV3-1,0.151998992858224,0.208011305232592,0.035,0.032,1
ACOT7,0.152029512880259,-0.243191892365235,0.014,0.016,1
TEC,0.152147774649062,-0.171886858292102,0.013,0.015,1
UBAC1,0.152193333564174,-0.113071899629062,0.056,0.06,1
SIGLEC10,0.152234163900077,0.191455335128103,0.037,0.034,1
ARMCX5-GPRASP2,0.15249267000035,-0.274646432717302,0.008,0.01,1
MFSD5,0.152768856687567,-0.107872684569932,0.063,0.067,1
ASNSD1,0.152980454655307,-0.209919990286689,0.016,0.018,1
NFKBIE,0.15320349664722,-0.129879331770526,0.042,0.045,1
LACTB,0.153359089075808,-0.151325535809785,0.047,0.05,1
CDK5RAP2,0.153466507898146,-0.122844825544408,0.061,0.066,1
RGS12,0.153610352438848,0.241415589615994,0.015,0.013,1
UVSSA,0.153705393826198,0.11158643939917,0.037,0.034,1
ATG9B,0.153707284019039,0.170325508049616,0.021,0.019,1
NOL6,0.153711869010905,0.147123753212967,0.028,0.025,1
ZNF236,0.153905115411453,0.108922249269669,0.054,0.051,1
RABL2B,0.154872782497976,0.102308625811159,0.061,0.057,1
FAM161B,0.155224936765221,-0.311289914957518,0.009,0.011,1
RPP25L,0.155423271453147,-0.156757333438842,0.038,0.042,1
NAPEPLD,0.155834366287451,-0.214955580183987,0.014,0.016,1
HSPA1A,0.155927823564734,-0.124695775037455,0.046,0.05,1
IGF2BP2,0.155959122916212,-0.298943594606921,0.012,0.013,1
SETDB2,0.155970620601716,-0.102706830589606,0.053,0.056,1
RNF103,0.156154493291044,0.103220379842267,0.043,0.04,1
PYCR3,0.156228614887155,0.202178859930436,0.012,0.011,1
KIF21A,0.156667464556793,0.144524231627695,0.044,0.041,1
AL451085.1,0.156968255690258,0.181345356513271,0.015,0.013,1
ARHGEF12,0.157158962334755,0.104203700367139,0.024,0.021,1
DCAF4,0.157274753602118,-0.101497530400704,0.027,0.029,1
WDR76,0.157520699176782,-0.172948053662411,0.026,0.028,1
LRRCC1,0.157762728424595,0.197071549055154,0.016,0.014,1
SP1,0.157872182690448,-0.127329823791372,0.061,0.065,1
HYLS1,0.158352214548108,0.185047686423174,0.016,0.014,1
AKR1C3,0.158491554643732,0.109683498979121,0.023,0.021,1
SIAH1,0.158501842568207,0.13193943021995,0.037,0.034,1
MCCC1,0.159068465669199,-0.109832013666227,0.049,0.052,1
PSMG3-AS1,0.159214921766821,-0.18049998859681,0.019,0.021,1
COL9A2,0.159289694848573,0.17206754292526,0.017,0.015,1
KDM7A-DT,0.159330975572048,0.198676011846138,0.01,0.008,1
NIFK-AS1,0.159440740060459,0.133729723486902,0.031,0.028,1
CD19,0.159527976289739,-0.229282361683089,0.042,0.045,1
MLF1,0.159548586723659,-0.246848915973323,0.011,0.013,1
ZBTB34,0.159690268412569,-0.252806853675668,0.012,0.014,1
ING1,0.160047994003054,-0.111873064336856,0.047,0.051,1
CALU,0.160176493062841,0.106368284480462,0.073,0.069,1
KCTD10,0.160563857403347,0.118203845971951,0.041,0.037,1
ZNF592,0.16069268461736,-0.110840653563643,0.078,0.083,1
CSF2RB,0.160827737665948,-0.147785144386221,0.027,0.03,1
SLC48A1,0.161055548729224,-0.177811692249207,0.018,0.021,1
ZKSCAN2,0.161232498325012,0.212997806980142,0.014,0.012,1
PDCD7,0.162238542316563,-0.106973883006368,0.049,0.053,1
TPRG1,0.162426367942118,-0.227596290878388,0.014,0.016,1
ITSN1,0.162529842279497,-0.26906592699263,0.01,0.011,1
ZNF275,0.162842828443423,0.215345275326876,0.02,0.017,1
CROT,0.163303148623703,0.116093904671923,0.028,0.025,1
IGKV4-1,0.16330946862028,1.30488472636604,0.013,0.011,1
FAM185A,0.163604518567133,0.133865089092763,0.027,0.024,1
E2F3,0.163814434180366,-0.143149778373929,0.056,0.06,1
ALDOC,0.163814645746193,-0.136376096676483,0.024,0.026,1
TYW5,0.164089202697338,0.137441199815628,0.036,0.033,1
AC009961.1,0.164165101150001,-0.190343762999662,0.013,0.015,1
TEPP,0.164318845943872,0.218428211575511,0.01,0.008,1
ACTR3C,0.164733724567207,0.164935451894955,0.02,0.018,1
CTU1,0.164766145564797,-0.257616732317985,0.008,0.01,1
MFSD13A,0.164773784229842,-0.22518508445215,0.014,0.016,1
AC027279.1,0.165003469397231,-0.192645418458898,0.01,0.012,1
USP37,0.165440137239304,0.153581594300509,0.038,0.035,1
LFNG,0.165661099121913,0.1465606678603,0.037,0.034,1
FAM156A,0.165719020445281,-0.228967953499368,0.013,0.015,1
SPRY1,0.165933274465021,-0.215830205879699,0.015,0.018,1
WDR83,0.166033361346901,-0.100760333123095,0.044,0.047,1
LINC01006,0.166786437773724,-0.257356200481451,0.008,0.01,1
TTC9C,0.166791895703479,-0.126716887857736,0.026,0.028,1
MRPS28,0.167151510635348,-0.104820669855524,0.054,0.057,1
MBTD1,0.167251562623281,-0.150390717875421,0.033,0.036,1
AL512625.3,0.167656112790293,-0.163571590080098,0.013,0.015,1
SLC25A23,0.168146192379718,0.205536349186964,0.015,0.013,1
TP53I3,0.168278029562088,-0.242478826122155,0.013,0.015,1
PCCA,0.168329924784802,0.125209383615326,0.027,0.025,1
ZNF257,0.16843454520842,-0.179500042401976,0.014,0.016,1
CBR1,0.168541707889112,-0.116590055536444,0.058,0.062,1
FANCG,0.169044724542411,0.208536885905406,0.017,0.015,1
OTUD7B,0.169551065018463,0.182694453914013,0.016,0.014,1
COL6A3,0.169973344302531,-0.133491479555091,0.091,0.096,1
CLECL1,0.170029120405232,-0.206757318139153,0.022,0.025,1
HCG11,0.170966032321049,0.185001074949061,0.02,0.018,1
FAM193A,0.171112306187109,-0.101831062951232,0.048,0.051,1
CHM,0.171272404949856,0.122104360092138,0.04,0.037,1
CCHCR1,0.171596345999532,0.137302124764584,0.025,0.023,1
KBTBD11,0.172108603244505,-0.191952481346207,0.013,0.015,1
ZNF827,0.172124377148178,0.141890395474397,0.038,0.035,1
TMEM135,0.172247794081373,0.113076651416428,0.046,0.043,1
LIN52,0.172314113412274,-0.148960461442593,0.033,0.036,1
KLHDC1,0.172524334767406,-0.194324247411857,0.018,0.02,1
DENND6B,0.172615628125064,-0.169689302587855,0.037,0.04,1
ATXN7L3,0.17272117731792,-0.144847605539749,0.042,0.045,1
C5AR1,0.172815281309584,0.204591725990856,0.097,0.103,1
SPOUT1,0.172829972340434,-0.104281164101249,0.053,0.056,1
TTN,0.17288392380091,0.146018850046584,0.095,0.09,1
ZXDB,0.173049829853166,0.193588952268018,0.024,0.021,1
GNPNAT1,0.173147359206382,0.167319228027097,0.024,0.021,1
SH3BP5-AS1,0.173248675348624,0.153643473275457,0.023,0.02,1
MSC,0.17325940762856,0.137762906816825,0.03,0.028,1
PRKAR1B,0.173425684861637,-0.116177425705814,0.067,0.071,1
SFXN4,0.173489126306553,-0.103910064476095,0.041,0.044,1
RUFY1,0.173523067935594,-0.20304051499512,0.052,0.056,1
ZNF134,0.173758813060228,0.115531706168652,0.05,0.046,1
TTC21A,0.173807830993241,-0.198070790095756,0.01,0.012,1
CASK,0.173836833034638,-0.128960533384084,0.034,0.037,1
ULK1,0.174374201856566,-0.12302124308657,0.059,0.063,1
TXNDC16,0.17464904933842,0.15781858718698,0.021,0.019,1
FBXO45,0.17471702270066,0.178610388792032,0.012,0.01,1
CCL28,0.174984516253818,0.105928866098339,0.062,0.059,1
NRL,0.175101309212809,0.159470649515192,0.017,0.015,1
MAGEE1,0.175447576981218,0.143889009613666,0.017,0.015,1
SLC2A1,0.176002381117682,0.129188912736825,0.059,0.056,1
FCRL6,0.176007774111065,-0.117977694787794,0.108,0.113,1
MYBL1,0.17606998779668,-0.125561235291173,0.066,0.07,1
PUS10,0.176276343288685,0.195683902150973,0.016,0.014,1
ZNF605,0.176420279447554,-0.140002797272315,0.027,0.03,1
LINC02352,0.176576228308367,-0.236981886513987,0.011,0.012,1
EFCAB11,0.177353776261707,-0.24707435468632,0.009,0.011,1
SASS6,0.177547781938085,-0.167069841994325,0.022,0.025,1
SUSD4,0.177649372762971,0.223597843565342,0.013,0.011,1
AC009133.3,0.177663492340192,0.162532180778459,0.02,0.017,1
SMIM8,0.177793160943339,0.13193943021995,0.037,0.034,1
AL121839.2,0.177799609819415,0.194794637499809,0.014,0.012,1
GHDC,0.177807674762402,-0.112620908872413,0.036,0.04,1
SGSM2,0.178084350730046,0.110617411739917,0.042,0.038,1
SPHK2,0.178260372726043,0.127190297467224,0.039,0.036,1
TSHZ2,0.178536274857709,0.104953347066723,0.069,0.065,1
BCAT1,0.178730072935423,0.264065693295988,0.011,0.009,1
ZNF20,0.178971475585213,0.224630553015944,0.01,0.008,1
NLE1,0.179103182593739,0.112858545152069,0.031,0.028,1
MOSMO,0.179405954560391,0.194435355953715,0.018,0.016,1
LENG9,0.179454041320942,0.195484207356428,0.01,0.008,1
LIMS2,0.179589275535738,0.156219811524385,0.021,0.019,1
MTG2,0.179622844839795,0.107246296854474,0.043,0.04,1
ENPP4,0.179785672358213,0.130995480904715,0.033,0.03,1
MPZL3,0.180452223141365,0.115957709284291,0.041,0.038,1
TMEM201,0.180483400310026,0.194435355953715,0.013,0.011,1
ADGRG5,0.180661339894165,-0.135415301626955,0.036,0.039,1
ACAD10,0.180869635688842,-0.146132960536423,0.027,0.029,1
AL135999.1,0.180892919238976,-0.189808766289364,0.018,0.02,1
NSDHL,0.181471631461873,-0.179500042401976,0.014,0.016,1
ARMH3,0.181541074902173,-0.103098153761142,0.061,0.064,1
TNNI2,0.181976155900373,-0.179748976065071,0.02,0.022,1
TCEAL1,0.182127851728548,0.191822340805075,0.02,0.018,1
LINC00672,0.182459795389725,0.212162948503059,0.014,0.013,1
SLFN12L,0.182985484806489,-0.137793659623694,0.026,0.028,1
TSGA10,0.183480934587851,0.122996413581033,0.038,0.035,1
ANKS3,0.183577039435751,-0.116604422790911,0.03,0.033,1
CBX7,0.183758602931315,-0.107250755734554,0.053,0.056,1
STS,0.183762293414377,0.18024147437096,0.01,0.009,1
SHPK,0.184136591841724,-0.198568900944607,0.014,0.016,1
CLIC4,0.184480072718292,-0.175956522601148,0.026,0.028,1
AC108134.3,0.184566948811167,-0.114642906457625,0.024,0.026,1
FBXO10,0.185317025146151,-0.255718449095572,0.011,0.013,1
APLF,0.185840170848011,-0.238361136180115,0.012,0.013,1
ZNF189,0.186010175673272,-0.150513207499535,0.015,0.017,1
ANGEL1,0.186214741422063,-0.170847826888969,0.026,0.029,1
GNGT2,0.186286286643615,-0.14677840970157,0.027,0.029,1
PEX6,0.186352304162281,0.144637878065927,0.03,0.027,1
AC011462.5,0.186469649168435,0.211744836620436,0.012,0.01,1
CAPN10,0.186516199565946,-0.133686049359752,0.029,0.032,1
LINC00115,0.186560471847038,0.177521973017368,0.015,0.013,1
FUZ,0.186698954558358,0.150980797058875,0.029,0.026,1
TMEM168,0.186869669398921,0.123422491788117,0.05,0.046,1
TVP23C,0.18702246576994,0.141851838781914,0.029,0.027,1
NEDD4L,0.18768174494787,-0.26082058671239,0.01,0.011,1
ZNF25,0.188171650562892,0.160957014074445,0.022,0.02,1
NLK,0.188424552277518,-0.2478357115254,0.008,0.01,1
RRAGD,0.188551592407192,-0.228470386658469,0.008,0.01,1
PVRIG,0.188712058300063,0.188980925861606,0.02,0.018,1
LRRC37A2,0.189033605963058,0.15781858718698,0.018,0.016,1
TMEM150A,0.189488588064354,0.124383877015624,0.027,0.025,1
SLC25A42,0.189631957162783,-0.139677245647595,0.035,0.038,1
LINC00265,0.189666760215295,-0.190319576389086,0.019,0.021,1
TMEM203,0.189942973982751,0.132088567181759,0.043,0.04,1
XPO7,0.190019018869238,-0.105880808306381,0.04,0.044,1
MTFMT,0.190052573141858,-0.105618537842307,0.046,0.05,1
NR1D1,0.19015448695467,-0.175609944334819,0.042,0.045,1
LINC002481,0.190191092857081,-0.149574396221504,0.029,0.032,1
ZNF500,0.191183665959237,-0.170186569302262,0.016,0.018,1
PER2,0.191190433631926,0.209307186014948,0.018,0.016,1
NLN,0.191632329408732,-0.248338918729974,0.011,0.013,1
INTS14,0.191873607006168,0.106063539534659,0.039,0.036,1
ZNF624,0.19228737435037,0.202857935038709,0.012,0.01,1
C5orf63,0.192408342808997,-0.125536541968322,0.021,0.023,1
TRMT11,0.192443651898114,0.109683498979121,0.04,0.037,1
ANKS1A,0.192633325578983,0.209542248343923,0.017,0.015,1
MYL6B,0.192825491936619,-0.147881395281312,0.023,0.025,1
EPHB6,0.193616127811098,0.173527488498806,0.067,0.064,1
L3MBTL2,0.194235187012248,-0.101497530400703,0.045,0.048,1
ACACA,0.194318435996375,-0.156500124861158,0.033,0.036,1
DUS2,0.194407395445916,-0.135312243392947,0.029,0.031,1
LINC00528,0.194537834443747,-0.119702125778294,0.024,0.027,1
EEF1AKNMT,0.19455070827973,-0.142360905988929,0.02,0.023,1
SLC27A5,0.19480930719695,0.135319730888495,0.036,0.033,1
LRP5L,0.19487543306254,-0.167840025229399,0.02,0.022,1
ZWILCH,0.194925600000585,0.171655049701323,0.015,0.013,1
STARD4,0.195414796911769,0.131208124236769,0.027,0.025,1
PIK3C2B,0.195533794633184,0.159914295082126,0.022,0.02,1
PRPS2,0.195607463237607,-0.105204671731863,0.065,0.069,1
WDR19,0.195921247910178,0.201571537235343,0.014,0.012,1
SLC25A25-AS1,0.1962584098527,-0.195972476816415,0.011,0.013,1
TIMP1,0.196555799680118,0.203043908869729,0.248,0.243,1
EIF2B3,0.197106464585598,-0.120728818018138,0.043,0.047,1
AC103724.3,0.197180745222742,0.143889009613666,0.017,0.015,1
DOP1A,0.19731839096286,-0.138358170230038,0.04,0.043,1
FAM222B,0.197514855976428,0.121186373923076,0.037,0.034,1
CKMT2-AS1,0.198171401170505,-0.180299098108302,0.013,0.015,1
SEH1L,0.198282573488286,0.120544339350764,0.046,0.042,1
TMEM44-AS1,0.198393799307442,0.107536508080726,0.034,0.031,1
ZNF549,0.198900324228631,0.175746950787737,0.017,0.015,1
CD40,0.198986248900324,0.14732301621339,0.035,0.032,1
NPIPB15,0.199805019212036,0.17700828419553,0.01,0.009,1
METTL1,0.199869448058622,0.17206754292526,0.015,0.013,1
AC012146.1,0.200735782301553,-0.112605920533782,0.046,0.049,1
ARMT1,0.201010461635514,-0.110738202767121,0.028,0.03,1
AC008124.1,0.201167293525446,-0.119070159848653,0.046,0.049,1
AL391839.3,0.201330734619288,0.21121203445728,0.015,0.013,1
CNNM3,0.202250585311758,0.121669492318588,0.035,0.032,1
USP40,0.202413945846942,-0.166743555016141,0.016,0.018,1
SPATA6,0.202660774639332,0.174520212680826,0.018,0.016,1
TCEANC2,0.204338684131571,-0.158363414192356,0.022,0.024,1
RALGPS2,0.204425545008202,-0.162740260704788,0.08,0.084,1
ZNF333,0.204566360685957,-0.113226822982811,0.038,0.041,1
PPP2R3B,0.20555602527298,-0.219938987698243,0.011,0.012,1
BRMS1L,0.205604398991877,0.16226753892852,0.018,0.016,1
UGDH,0.206059465012205,-0.147567179096688,0.019,0.021,1
STAM2,0.206127106309951,-0.131445932263603,0.023,0.025,1
DERPC,0.206342930426022,-0.152123603470671,0.022,0.025,1
TNFRSF13C,0.206507670273877,0.118392865957925,0.046,0.042,1
CPEB4,0.207423421727406,-0.1098999713964,0.047,0.05,1
DDX51,0.208670484613505,-0.115692318839488,0.025,0.027,1
SLC27A1,0.208674111098283,-0.117439074269725,0.023,0.025,1
RORA-AS1,0.209035638696351,0.144586806503153,0.015,0.013,1
CCDC92,0.20908216370841,-0.102401757970817,0.035,0.038,1
TRMT1L,0.209271844604923,-0.148263253766203,0.024,0.026,1
TSPAN33,0.209317485408102,0.219252373289378,0.016,0.014,1
EIF5A2,0.2094429663143,0.103007702751754,0.029,0.027,1
ZNF528,0.209532984410741,0.231237319443243,0.011,0.01,1
PDXP,0.209669796924984,-0.144919810691833,0.012,0.014,1
ZNF93,0.209852025843844,-0.18985340482155,0.015,0.017,1
TMEM184C,0.209983117818432,0.15102904563138,0.027,0.025,1
PIAS4,0.210046601221318,-0.115766771960201,0.037,0.04,1
FAM49A,0.210062271880235,0.156102989382463,0.095,0.091,1
DHX37,0.210546687677733,0.109861605813472,0.047,0.043,1
SNX22,0.210549252551177,-0.136481522160902,0.023,0.025,1
SFMBT2,0.210551790254626,0.124679583961172,0.045,0.042,1
MICA,0.210769541263046,-0.125697225272034,0.034,0.037,1
C19orf54,0.211133753646917,0.146028174088638,0.02,0.018,1
SLX4,0.211366771739876,-0.242165554302698,0.011,0.013,1
NCDN,0.211560820402297,-0.111868386056735,0.028,0.03,1
TAF5,0.211750625590833,0.126263853312135,0.019,0.017,1
PARP2,0.211906335673376,0.121420558655493,0.031,0.028,1
ACY1,0.212153570281525,-0.132935410592893,0.026,0.029,1
INPP1,0.212553323455,-0.130066682597474,0.019,0.021,1
TFCP2,0.212582229254719,-0.100740011327962,0.042,0.046,1
CCDC34,0.212930735512108,-0.174142832232469,0.011,0.013,1
PTPRM,0.213020604880973,-0.148405424952938,0.019,0.021,1
AC016074.2,0.213259749224065,-0.194139665139229,0.01,0.012,1
RFC5,0.213383900677238,0.150041236595261,0.024,0.021,1
AZIN1-AS1,0.214032229723625,0.180323803531304,0.018,0.016,1
OR4D1,0.21453323146578,0.160155314359458,0.019,0.017,1
DSN1,0.214635301333865,0.107915760922585,0.025,0.023,1
DAPK2,0.214685265946426,0.241189124653457,0.013,0.012,1
ELOA-AS1,0.215029138519118,-0.187073262106777,0.014,0.016,1
CEP162,0.215164962869152,-0.177669210886108,0.018,0.02,1
PHF23,0.215663821050591,-0.130391796974262,0.025,0.027,1
SNHG22,0.216090427385195,0.13527985852616,0.027,0.025,1
LINC02611,0.216139208237268,-0.159213028256991,0.019,0.021,1
MLLT11,0.216249379403446,0.139028243872843,0.024,0.022,1
ITFG2-AS1,0.216459030280946,0.151082517795925,0.026,0.024,1
LTA,0.217034547941825,-0.128418829715992,0.032,0.035,1
CDAN1,0.217062708268686,-0.211779585415614,0.012,0.014,1
E2F5,0.217122751858046,-0.193103344201798,0.01,0.011,1
SORD,0.21747763030285,-0.200971350748286,0.018,0.02,1
RETN,0.217685916135861,0.251522554461145,0.07,0.067,1
LAX1,0.217748970665427,-0.15385293546184,0.036,0.039,1
MTX2,0.217781696092447,-0.10781648949095,0.04,0.043,1
C15orf41,0.218391655219695,-0.115132079994868,0.019,0.021,1
SH3BP5L,0.218460778147297,-0.166815868744679,0.016,0.018,1
REEP6,0.219168266620664,-0.239702242519673,0.011,0.012,1
SMIM30,0.219693305786241,-0.139931216910161,0.032,0.035,1
CDKL3,0.219848802020662,-0.197512665967596,0.011,0.012,1
TRMT12,0.219931547356793,-0.127920014233939,0.024,0.026,1
MYO19,0.220192241649808,-0.136558673691224,0.046,0.049,1
CLCC1,0.220510581565918,-0.121581776444035,0.024,0.026,1
OSBPL1A,0.220963349440692,-0.198471643883062,0.013,0.015,1
FBXL4,0.221200533181976,0.110462036592593,0.043,0.04,1
ZNF649,0.221285472470034,0.132553809866421,0.023,0.021,1
HSCB,0.221330174299616,-0.11063389636461,0.047,0.051,1
ZNF615,0.221836682401217,0.11499428949606,0.014,0.012,1
AC079305.3,0.221856901457155,0.12356902523407,0.011,0.01,1
FAM229A,0.222262364176096,0.193958353125468,0.011,0.009,1
ERCC2,0.222579497295681,-0.113810791839555,0.027,0.03,1
MICU3,0.222742606845105,0.147836965668532,0.012,0.011,1
DDI2,0.22285807725523,-0.107233899949848,0.042,0.044,1
PCSK5,0.223172136497847,0.112466051453493,0.047,0.044,1
CLDN15,0.22337802681807,-0.232815856934433,0.009,0.011,1
CDPF1,0.224044337503017,-0.14431478026112,0.023,0.025,1
ZNF530,0.224239911948295,0.220430564486659,0.01,0.009,1
MAP3K2-DT,0.224292129013499,0.210258759429368,0.012,0.01,1
AC002310.1,0.224362680593163,-0.164392321745177,0.011,0.012,1
ZFP64,0.22440120773178,-0.126083168678977,0.022,0.024,1
CHTF18,0.224743822752201,0.147614499200721,0.022,0.02,1
ZNF416,0.224788497784067,0.179978520749366,0.012,0.01,1
XXYLT1,0.225798858878346,-0.118852095970233,0.035,0.038,1
ALG6,0.226459776227034,-0.119419438397966,0.038,0.041,1
GOLGA8A,0.226485150798401,0.107029167627569,0.042,0.039,1
AL139011.1,0.226582169722145,-0.203920685931815,0.011,0.012,1
VIPAS39,0.226956865688146,-0.147130759206529,0.03,0.032,1
AC244090.1,0.227303611138575,-0.162573107152472,0.015,0.016,1
FCRL3,0.227314643224061,-0.160327452518378,0.053,0.056,1
GMNN,0.227603186399925,0.112973909994871,0.018,0.016,1
ZFP30,0.22774204180093,0.214171574014977,0.013,0.011,1
ZNF219,0.228096793863046,0.188260558825751,0.014,0.013,1
ZNF787,0.229393543211941,-0.116345294808016,0.023,0.025,1
MAFG,0.229619959122822,-0.133558739633002,0.033,0.036,1
HIST1H2AG,0.229630404386501,0.111131921995847,0.037,0.034,1
EYA3,0.230012414958372,-0.1239523812284,0.032,0.034,1
ARHGEF19,0.230056838079528,-0.153027831040784,0.018,0.019,1
LINC01465,0.230372028960514,0.186006733883134,0.01,0.008,1
LINC00920,0.231066939010922,-0.230780547345669,0.009,0.01,1
DGCR6,0.231297383930779,-0.209361563710764,0.009,0.01,1
MAGOHB,0.231522296062305,0.107767169111177,0.051,0.048,1
PIP5K1B,0.231617126887536,-0.139465380599725,0.021,0.023,1
BARD1,0.231925296095556,-0.134412152873439,0.021,0.023,1
PRKAB2,0.23196291928363,-0.124035340030117,0.026,0.028,1
SERPINE2,0.232219841992176,-0.171886858292101,0.009,0.01,1
TMEM86B,0.232282968840748,-0.153508328977247,0.009,0.01,1
RHEBL1,0.232287051747705,0.151535483275591,0.018,0.016,1
CHST15,0.232698325425718,-0.128797046988214,0.037,0.039,1
CYB5D2,0.232937107195496,-0.108733129500567,0.037,0.039,1
RPE,0.233036271443098,-0.129451591971704,0.026,0.028,1
CKS1B,0.233569342601814,-0.12053997829188,0.032,0.035,1
AL034397.3,0.233648063752724,-0.131244873794755,0.026,0.028,1
ARMCX5,0.234199566274766,0.22043056448666,0.013,0.011,1
AC034236.2,0.234215312482205,-0.255410213854384,0.008,0.01,1
TCAIM,0.234509342278048,-0.120205508561101,0.029,0.032,1
HEXIM2,0.234699475032661,-0.235759041458486,0.009,0.01,1
SLC22A17,0.234799076947363,0.180902200300021,0.017,0.016,1
TPST1,0.235176990184374,0.164857233724702,0.014,0.013,1
MAP1LC3B2,0.235402437734159,-0.197649954357183,0.008,0.01,1
INIP,0.235773817169409,0.104291347770526,0.047,0.044,1
IFT27,0.235835287038318,-0.117129050621624,0.041,0.043,1
SPRYD7,0.235877667850073,0.175186884769439,0.026,0.023,1
ZFAND4,0.236014045027084,0.124234935719416,0.033,0.031,1
ZNF420,0.236042322602262,0.13890067899006,0.029,0.026,1
RAP2A,0.236781836095406,-0.133084587178002,0.028,0.03,1
TLR8,0.237115237289997,-0.207771393990632,0.012,0.014,1
AC009113.1,0.237117552111905,0.207756734451548,0.01,0.008,1
DNAAF5,0.237485649631015,-0.173786391207583,0.014,0.016,1
ACOX3,0.237497812678126,-0.152346671896456,0.025,0.028,1
DTWD2,0.237702958982664,0.213544178901419,0.012,0.01,1
ABHD11,0.237983788601548,0.13067591172833,0.037,0.034,1
SGPL1,0.238014355127798,0.134292039242209,0.032,0.03,1
TRIM32,0.23893877851376,0.140309698577488,0.011,0.01,1
TOR4A,0.239898571080143,-0.190265387606956,0.012,0.013,1
SLX1A,0.239987065977565,-0.154732137253034,0.016,0.018,1
TMEM64,0.240364559612052,-0.196464881012767,0.016,0.018,1
PALLD,0.240431703585723,0.219553279545738,0.021,0.019,1
RNF19B,0.240699385384999,0.130170033734278,0.036,0.034,1
TADA2A,0.241109585223289,0.169553893007013,0.022,0.02,1
MORN1,0.24113926016448,0.142221732135962,0.011,0.009,1
ALDH5A1,0.241509567613329,-0.151028253394437,0.023,0.025,1
GEMIN6,0.241522198370674,0.156554543553935,0.021,0.019,1
BLM,0.241591722562686,0.20483370943564,0.018,0.016,1
ALDH18A1,0.241739330881731,-0.107181168904286,0.043,0.046,1
C2CD2,0.241802754682443,-0.163822583293145,0.017,0.019,1
ARHGEF10,0.242076014229391,-0.104494820344907,0.031,0.033,1
MMP17,0.243471326862133,0.238397111016108,0.011,0.01,1
UBA6-AS1,0.243770818129535,-0.144613928141998,0.02,0.022,1
WIZ,0.243938795914005,-0.163600247107141,0.016,0.018,1
MTERF3,0.24401689255683,0.10689028408744,0.029,0.027,1
MOCS3,0.244196765527894,0.233666391643354,0.012,0.011,1
DNAJC27-AS1,0.244481880402147,-0.174663942962675,0.01,0.011,1
ZNF688,0.244991885452103,-0.122699308664569,0.04,0.043,1
AC064807.1,0.245069659653051,0.128588126928944,0.025,0.023,1
XKR8,0.245404548945924,0.103464497563185,0.049,0.046,1
AL022345.4,0.245428288964684,-0.13395740265978,0.009,0.011,1
ZNF821,0.245873252259067,-0.113397909047861,0.055,0.058,1
BTBD8,0.246276620354544,0.249037484063656,0.01,0.009,1
PTPN13,0.246351063613916,-0.325659044590207,0.009,0.01,1
UBE3D,0.246368608407726,0.158146286232316,0.02,0.018,1
SLC30A6,0.246373324008439,-0.126372199039733,0.027,0.029,1
CCSAP,0.246425571962912,-0.159660555958842,0.018,0.02,1
SNHG20,0.247137535969819,0.119185595987556,0.027,0.025,1
ALCAM,0.247363037723456,-0.165528562231736,0.021,0.023,1
SKP2,0.247809855701452,0.101131636114315,0.031,0.029,1
MAP1LC3A,0.247957891223286,0.145838189075103,0.025,0.023,1
TIPARP-AS1,0.248100114860001,0.112544393596274,0.031,0.028,1
PTK2,0.24875658401285,-0.159874340590121,0.022,0.024,1
ASB16-AS1,0.248757516232785,-0.107233899949848,0.042,0.045,1
C16orf86,0.249126059589047,-0.14880324517906,0.017,0.019,1
SLC25A29,0.249473529339981,0.122443678031232,0.025,0.023,1
SLC9B1,0.250770439987786,0.18024147437096,0.01,0.009,1
AL162253.2,0.25147776516315,-0.142395561582703,0.018,0.019,1
MFSD12,0.252138206836688,-0.119683815722884,0.041,0.044,1
AC008969.1,0.252164784652306,-0.181472907121299,0.011,0.013,1
RANBP10,0.253391771385816,-0.103475857815113,0.033,0.035,1
RAB12,0.253817195913953,0.145490144364074,0.012,0.011,1
SH3BGRL2,0.255078975100589,-0.236427110486812,0.008,0.01,1
LINC02295,0.255712918515056,-0.161394484474459,0.01,0.011,1
DNAJB4,0.255884024437526,-0.133515047419582,0.028,0.031,1
KMT5C,0.256206238811533,0.118382081267194,0.035,0.033,1
CDKL1,0.256709847681017,-0.198521984795568,0.009,0.01,1
ZNF627,0.256721319480563,-0.127783575552089,0.035,0.037,1
SMG8,0.257469813861096,0.106097889007664,0.027,0.025,1
INCENP,0.258410619674071,-0.137121440131425,0.016,0.017,1
ANKRD40,0.258510206863303,0.112021629591956,0.02,0.018,1
ZNF684,0.258534241224912,0.171686230635241,0.016,0.015,1
AL355816.2,0.258664805703644,0.218572618266077,0.011,0.01,1
ABCB10,0.258829603084042,-0.180070062540128,0.016,0.018,1
HPS6,0.258832069186567,0.102240515793558,0.053,0.05,1
ZP3,0.258855829940016,0.218572618266077,0.011,0.01,1
MTERF2,0.259257429528348,0.126194494640893,0.022,0.02,1
SHLD3,0.260388580343137,-0.159963690916282,0.018,0.02,1
AP003392.5,0.26080058269265,-0.201270665073195,0.009,0.01,1
RBM4B,0.261028848461609,0.103616899503909,0.032,0.03,1
IFNG-AS1,0.261397771376586,-0.135623314305329,0.02,0.021,1
ZNF707,0.2619285075046,0.131530059897728,0.023,0.021,1
PAQR8,0.262526528059553,0.198062751458205,0.012,0.011,1
ZNF569,0.262551096107505,0.120810525271507,0.032,0.03,1
GRAMD1B,0.26257893110727,0.123794781441539,0.032,0.03,1
SLC41A1,0.26261816098575,0.108537684415762,0.024,0.022,1
AC006333.2,0.263046795398035,0.200346318443327,0.012,0.011,1
TNS3,0.263510182199788,-0.171886858292102,0.021,0.023,1
SLC35F6,0.263906910110833,0.1109909591546,0.032,0.03,1
C10orf88,0.264061065745432,0.128667585802694,0.019,0.017,1
LINC01003,0.264644843881181,-0.14010036962445,0.023,0.026,1
STX6,0.265403915003341,-0.100663361518898,0.038,0.041,1
KCNQ5,0.265479809327999,0.216383731423957,0.01,0.009,1
SLC18B1,0.265696616121366,-0.117821701255362,0.032,0.035,1
MIR3936HG,0.265985081211867,-0.186993750682309,0.011,0.012,1
SFT2D3,0.266196908731461,0.169471766544162,0.017,0.015,1
KTI12,0.266372191154755,0.153059428158175,0.018,0.016,1
ZFPM1,0.266610629436827,0.182645902027189,0.01,0.009,1
METTL18,0.267136326147551,0.124301915796384,0.03,0.028,1
TAF5L,0.267406428363904,0.130575414006796,0.018,0.016,1
RUSC1,0.268180887261314,-0.104260432695932,0.053,0.056,1
CPM,0.269356346496001,-0.183760958580393,0.013,0.015,1
BBS1,0.26941072723976,0.163097389420708,0.023,0.021,1
HIP1,0.269633812798323,-0.149581922861377,0.027,0.029,1
PIGU,0.269634100794122,-0.138166240448101,0.017,0.019,1
ELOVL6,0.269693762084602,-0.224354278186237,0.009,0.01,1
AC091729.3,0.271023715090698,0.170032711782728,0.012,0.011,1
BCLAF3,0.273248087516904,0.144017448967491,0.013,0.012,1
NBPF3,0.273536759176508,-0.151538212900299,0.02,0.022,1
CHST13,0.273607638494065,-0.267464518274332,0.008,0.01,1
NFXL1,0.273964235957006,-0.130791837194741,0.03,0.033,1
TRIM68,0.274436574653013,0.205843028263613,0.014,0.012,1
RASA4B,0.274502756957241,-0.167468187025096,0.012,0.014,1
PPP2R1B,0.274655036409879,0.109021446519437,0.033,0.031,1
ARHGAP10,0.274703954687957,0.111724305044159,0.042,0.04,1
ZBTB41,0.274759153414275,0.133921571231984,0.025,0.023,1
HIST1H2BG,0.274782410821663,-0.208412734317215,0.008,0.01,1
SPACA9,0.275413724391454,0.152311410220088,0.012,0.011,1
PGAM5,0.275472072865905,-0.152903754924528,0.012,0.013,1
VPS37C,0.277074322120236,0.148505637684035,0.018,0.016,1
PTCD2,0.27707799481234,-0.18837498108067,0.01,0.011,1
PTCD1,0.277149584795918,0.11601642165459,0.025,0.023,1
SNTB1,0.277302767918811,-0.1001118779418,0.035,0.037,1
AC093249.6,0.279649865474707,-0.165223128011091,0.012,0.014,1
ARMC2,0.280923337467107,0.119195269642502,0.029,0.027,1
ARHGAP33,0.281376949469798,0.10141588299552,0.016,0.014,1
SLC10A7,0.282402159667252,-0.103841470869003,0.021,0.023,1
DYNC2LI1,0.282425331133704,0.195484207356428,0.01,0.008,1
GET1,0.282790815179787,-0.102991777081034,0.032,0.034,1
C4orf46,0.282922514684853,0.140057148022639,0.016,0.015,1
RPAP1,0.283043670769042,-0.101009226100598,0.033,0.035,1
Z93930.2,0.28329877700278,-0.112911548065651,0.055,0.058,1
ZNF343,0.283373043474198,0.17206754292526,0.014,0.012,1
KSR1,0.283654362617197,-0.108321729514635,0.025,0.027,1
AC008443.1,0.284423938460535,-0.129341163326017,0.022,0.024,1
CPB2-AS1,0.284868730280117,0.230211585279244,0.012,0.011,1
ANKRD46,0.285222217881316,0.120522149675206,0.022,0.02,1
AP006621.3,0.285712829149539,0.109264098691016,0.033,0.031,1
ZNF251,0.285875096782288,-0.129394776178023,0.021,0.023,1
ARSB,0.288045825980377,0.146188911099654,0.021,0.019,1
ZCCHC18,0.288625736055837,0.161096425104256,0.014,0.013,1
AC133552.5,0.289949065893409,-0.169605917040863,0.012,0.013,1
ATP11C,0.290144563737868,0.113189879454071,0.031,0.028,1
KIAA1671,0.290402234507512,-0.236643066634343,0.009,0.011,1
SLC43A1,0.290572162138016,-0.15481334493316,0.019,0.021,1
ZNF174,0.290633408191143,-0.175068105536781,0.017,0.019,1
ENDOD1,0.290671343044297,-0.13059864980147,0.033,0.036,1
NDC1,0.29166343223435,0.169518611094565,0.019,0.018,1
DNAJC14,0.291720026559991,0.10664864108188,0.044,0.041,1
GCNT4,0.292002280421342,0.113515360570147,0.017,0.015,1
ZNF346,0.292514672905308,-0.108966201304553,0.033,0.035,1
LINC00892,0.292562106769851,-0.225736832236355,0.016,0.017,1
SIGLEC7,0.292809869664997,-0.105453735002965,0.023,0.025,1
POLR1B,0.292944095240491,0.140642538593012,0.028,0.026,1
TMEM69,0.293237197730959,0.118332376867922,0.042,0.039,1
C3orf14,0.29383234152973,-0.190502536459448,0.009,0.01,1
CHRNB1,0.293967476032236,-0.183959690592676,0.02,0.022,1
RFX2,0.294115971409189,0.117090814793974,0.017,0.015,1
AC021054.1,0.294209545946847,-0.10871553190302,0.018,0.019,1
SCRN3,0.294232294907737,0.127918425697121,0.033,0.031,1
MOB3C,0.294408857760906,-0.329766518073821,0.013,0.015,1
CAMSAP1,0.294411586592811,-0.196824760042003,0.018,0.02,1
DEAF1,0.294563814918676,0.105435934474096,0.038,0.036,1
AC008763.1,0.294639529515855,-0.234764061264167,0.011,0.013,1
HIST1H4F,0.295063203191186,-0.195642981544709,0.014,0.015,1
AL109741.1,0.295135584788171,0.142114320823632,0.014,0.012,1
FRY,0.295564205476588,-0.10221333048529,0.044,0.046,1
FAM118B,0.29582621834147,-0.136839911192901,0.014,0.016,1
ZC4H2,0.296041028109848,0.125379182360992,0.016,0.015,1
FGF9,0.296219098838453,0.167498433671807,0.011,0.009,1
ARIH2OS,0.296258294167297,0.112346713247526,0.034,0.032,1
KHK,0.296869891728129,-0.18958886002556,0.009,0.01,1
MAP3K9,0.297132865904476,0.136744413981803,0.01,0.009,1
ARSK,0.2976706448677,0.110512872408624,0.02,0.019,1
MTMR2,0.297837742391989,0.100862702374904,0.033,0.031,1
ARAP3,0.297839416284975,-0.162236688258382,0.011,0.013,1
CHIC1,0.297849322342319,0.100607876790759,0.026,0.024,1
ZNF280C,0.298293244075778,0.154542628830202,0.012,0.011,1
AFDN,0.298299418217451,0.161012354416265,0.012,0.011,1
AC211476.2,0.298307657908819,-0.133558739633002,0.015,0.017,1
PLPP5,0.299087980538589,0.12971653343175,0.093,0.09,1
PGM3,0.299445577187194,0.129282676428464,0.028,0.026,1
OLFM2,0.299775975402365,-0.171886858292101,0.01,0.011,1
LINC01002,0.300037106642264,0.127403432915529,0.015,0.014,1
DET1,0.300398517564496,-0.14904688193399,0.011,0.012,1
EPB41L5,0.300674878537183,0.122026860425664,0.014,0.013,1
MYOF,0.301544157859619,-0.119318807487947,0.018,0.02,1
AC105020.6,0.302293504139743,0.20475840630433,0.011,0.01,1
AL121832.2,0.302357537640224,-0.167547922567763,0.012,0.014,1
SNX30,0.302451662151337,-0.153964950294839,0.023,0.024,1
TXLNA,0.302609988010526,-0.139033177169023,0.034,0.036,1
TMEM65,0.302755020112135,-0.107983806424787,0.032,0.035,1
AC103591.3,0.303284623121578,-0.133250986574441,0.12,0.123,1
SH3PXD2A,0.303691070884318,-0.164544882950933,0.011,0.012,1
CCDC30,0.304226751130815,0.167498433671807,0.011,0.01,1
AC123768.3,0.304298622005854,-0.168698580661053,0.009,0.01,1
RMND1,0.304341022371105,-0.138256080410821,0.024,0.026,1
FMN1,0.304341152500793,0.11694354841903,0.026,0.024,1
SEL1L3,0.304547085905455,0.11244168705115,0.084,0.081,1
RASGEF1B,0.305439114466957,0.146725647567104,0.057,0.055,1
DFFB,0.306122490612732,0.108221060900633,0.021,0.019,1
MS4A1,0.306989607106321,-0.38388175442085,0.088,0.091,1
DDX31,0.307784654612044,0.11282590056138,0.03,0.028,1
MFAP3,0.307832946197234,0.10288050900771,0.018,0.017,1
DLEC1,0.30856009540428,0.200855026149898,0.01,0.009,1
NOXA1,0.30862552904601,-0.113184902249765,0.023,0.025,1
CES4A,0.308687878655489,0.160495594232427,0.016,0.014,1
SSSCA1-AS1,0.308739037818755,-0.133558739633002,0.015,0.017,1
AGBL2,0.308780056977354,-0.191439655713501,0.01,0.011,1
ZW10,0.308923333733442,-0.152693293058791,0.013,0.014,1
HHLA3,0.308994173192381,-0.142139514898049,0.016,0.018,1
TXNDC5,0.309140491992718,0.220960285454934,0.026,0.028,1
RFX7,0.309611286347877,0.11704034002651,0.026,0.024,1
AC083880.1,0.311059837670549,0.122485514074699,0.013,0.012,1
AC104971.3,0.311189527006443,0.138215801198472,0.013,0.012,1
SERAC1,0.312025962515141,-0.14592763122942,0.014,0.015,1
ARMCX4,0.312219805821303,0.199831603306793,0.012,0.011,1
ARF4-AS1,0.31263207495711,-0.115810933886013,0.019,0.02,1
SEPSECS,0.312847236397214,-0.104729858207393,0.03,0.032,1
KLHL17,0.313475271674723,-0.163523385357474,0.01,0.011,1
POLR1A,0.314543523912236,0.103531271997525,0.026,0.024,1
NUDCD1,0.314752803826401,0.111858042707373,0.025,0.023,1
GCLC,0.314763696308022,0.111211103506445,0.022,0.02,1
ITIH4,0.315467334040928,0.100192687144699,0.015,0.013,1
HOMEZ,0.315705429524126,-0.129290489996042,0.023,0.025,1
ARHGEF11,0.315878215441242,-0.187780504714499,0.019,0.02,1
EDARADD,0.316064134349344,0.19576851025239,0.011,0.01,1
ARHGAP35,0.31621756401365,-0.109255870021697,0.045,0.048,1
EBF1,0.316408117064302,-0.152969644949471,0.022,0.024,1
SPRYD4,0.316434805224644,-0.146708295296104,0.016,0.018,1
WDR3,0.31678923278412,-0.134412152873439,0.022,0.024,1
ZNF341,0.31747177516865,0.150041236595261,0.011,0.01,1
NEU3,0.317745310181408,-0.160351827925624,0.017,0.018,1
ZNF696,0.317790707344196,0.128236866276913,0.011,0.01,1
AC007686.3,0.318349705283514,0.17456355572933,0.01,0.009,1
EZH2,0.318593412920943,-0.128583074071241,0.028,0.03,1
BLOC1S5,0.319063343211916,-0.103275343368606,0.045,0.048,1
LIPT1,0.319191143954901,-0.107233899949848,0.028,0.03,1
PLAG1,0.319234369966595,0.117520994908946,0.029,0.027,1
FGFBP3,0.319534546794208,0.110102491225118,0.027,0.025,1
ENDOG,0.319760346706732,-0.164691356887897,0.011,0.013,1
COBLL1,0.32026715199962,-0.1965343833633,0.027,0.029,1
CPSF4,0.320827959015805,-0.113735105506306,0.031,0.033,1
RBAK,0.322213293619953,0.116093904671923,0.02,0.018,1
SMIM13,0.322761348172402,0.112166837299298,0.022,0.021,1
ADO,0.32277128284415,-0.15785079860524,0.014,0.015,1
DERA,0.322813864665632,-0.122777452390036,0.056,0.058,1
AP1AR,0.322815448713857,0.107354837493712,0.031,0.029,1
DOLPP1,0.322918516669761,-0.177403863259666,0.01,0.011,1
AC067852.2,0.323180515053815,-0.126244192736388,0.016,0.018,1
SND1-IT1,0.32336287922817,-0.153964950294839,0.014,0.015,1
AC006449.6,0.323468566843026,0.130267563284933,0.018,0.016,1
WDR34,0.324271580726756,0.133458352399657,0.019,0.018,1
ZNF671,0.326553656213893,0.1025940741928,0.019,0.017,1
TTTY14,0.326837978175952,0.113515360570148,0.016,0.015,1
GDF11,0.327261690305806,0.125588192870722,0.011,0.01,1
EPM2A,0.327560970673456,-0.160109690515748,0.009,0.01,1
NAPA-AS1,0.327771145308116,-0.1099591091489,0.013,0.015,1
SCD5,0.328058701635285,-0.169366866313586,0.011,0.012,1
TMSB15B,0.328506563341346,0.150041236595261,0.014,0.012,1
PDE1B,0.328635691196735,-0.171886858292102,0.013,0.014,1
TM6SF1,0.328824605095675,-0.146762264136486,0.013,0.015,1
BICRA,0.329254821541987,0.100288201398162,0.037,0.035,1
CHSY1,0.329294505244762,0.131964946355127,0.023,0.021,1
ACSM3,0.329470749790587,0.137840782989734,0.017,0.015,1
FAM214B,0.329593982934917,-0.112742287568326,0.035,0.037,1
IZUMO4,0.329639430442914,0.130200324105467,0.019,0.017,1
PLPP6,0.330241619065373,-0.181940522956023,0.016,0.018,1
SENP3,0.330578039817032,-0.117038381296481,0.015,0.017,1
SNURF,0.3311350491267,0.101448468231738,0.029,0.027,1
ZNF674-AS1,0.331711697390819,0.119600123031125,0.017,0.015,1
CTNND1,0.331724214500217,-0.153223014027065,0.022,0.023,1
GOLIM4,0.331806813840952,0.128588126928944,0.024,0.023,1
SLX1B,0.332219015806352,-0.138023406425817,0.016,0.017,1
TTPAL,0.332509410704435,0.106414304195003,0.021,0.019,1
SLC2A8,0.333125827729485,0.129949818655792,0.017,0.016,1
CPEB2,0.333158304773224,-0.119485160332282,0.03,0.032,1
PM20D2,0.33366660391246,-0.123425369335456,0.025,0.027,1
RTKN2,0.334430807925417,0.18339318516213,0.017,0.016,1
CLDND2,0.335400797116309,-0.16738546605716,0.012,0.013,1
FBXO41,0.336015997123007,-0.13554501122838,0.015,0.017,1
TRIM58,0.336916443194041,-0.428420535208458,0.01,0.011,1
TOMM40L,0.337326549229681,-0.134561322603282,0.028,0.03,1
CEP70,0.337731644231615,0.138606341532978,0.021,0.019,1
AGBL5,0.338002621687373,-0.109295900961111,0.021,0.023,1
NAB1,0.338245455878227,-0.157756529457213,0.028,0.03,1
NLRX1,0.338373278774121,-0.105215818646814,0.017,0.019,1
PAPSS2,0.338873899125561,0.202748286926106,0.011,0.01,1
RDH13,0.339563110174853,-0.117993850296899,0.023,0.025,1
ZNF226,0.341744190020691,0.105395552446702,0.042,0.04,1
HNRNPA1L2,0.341764995322907,0.17206754292526,0.01,0.009,1
TIRAP,0.341790773495148,0.107367900000023,0.018,0.017,1
GLCE,0.342137087936744,-0.114713149904868,0.018,0.02,1
GPR150,0.342447176714639,0.152071771822632,0.013,0.012,1
ZNF232,0.343095507819216,-0.188760676856497,0.01,0.011,1
SLC4A8,0.343851578162756,-0.167624831437942,0.013,0.014,1
VPREB3,0.343879621874238,-0.194733927005715,0.03,0.032,1
AC132192.2,0.344403393107678,-0.174541311738079,0.01,0.011,1
STK3,0.344472564212218,-0.138972235819366,0.015,0.017,1
EIF1B-AS1,0.344546862457597,0.108030769395921,0.02,0.018,1
ALPK1,0.344843174975294,-0.125160921647462,0.022,0.024,1
KIAA1324,0.34505862591562,0.119084424044816,0.017,0.015,1
EXO5,0.345942381213455,-0.140668127681381,0.012,0.013,1
AC021188.1,0.346497386689554,-0.116657337571709,0.016,0.017,1
PARD6B,0.347876409551909,0.114196037648538,0.015,0.013,1
MAP4K3,0.348205964888864,0.159956705460345,0.016,0.015,1
AF117829.1,0.34898395923706,-0.109345392223388,0.025,0.027,1
SGPP1,0.349339978662928,0.113515360570147,0.022,0.02,1
LOXL1-AS1,0.349551622289218,-0.147159772389725,0.014,0.015,1
MFSD2A,0.349766029345549,-0.177623227841246,0.014,0.015,1
CNNM4,0.350725340956696,0.152209073277971,0.013,0.011,1
HRAS,0.350860413416154,0.100233376300172,0.025,0.023,1
ETV2,0.351923438839602,0.174626874873534,0.012,0.011,1
PGAP1,0.351975676413521,0.112458053787105,0.018,0.017,1
RBMS2,0.352723390931917,-0.122977257811155,0.016,0.017,1
ENTPD5,0.353837387990498,0.101946948394215,0.016,0.015,1
LRMDA,0.35540010645611,-0.138212769241773,0.023,0.025,1
AC099778.1,0.357204103764091,0.131561815987601,0.01,0.009,1
FAM168A,0.357519597350212,-0.102565797788195,0.031,0.033,1
FAM20B,0.358001769312851,-0.102965175533265,0.022,0.024,1
SLC25A19,0.359303086823171,0.142003917529843,0.02,0.018,1
GNG7,0.35956032456863,0.132599115185849,0.052,0.05,1
C1RL-AS1,0.360371864733317,-0.143478443106347,0.02,0.022,1
ZNF576,0.360550000102773,0.100862702374904,0.017,0.016,1
LPCAT2,0.360804613414666,-0.110486313627958,0.021,0.022,1
EXT2,0.362223238663252,0.105502840518763,0.045,0.043,1
PDSS1,0.36248908649736,0.128707094916384,0.02,0.019,1
CCDC61,0.362958346568962,-0.141686620516402,0.01,0.011,1
TTC30A,0.363929393162706,0.139393992395753,0.013,0.011,1
AC242426.2,0.364154620361671,-0.205834190215438,0.01,0.011,1
PPP1R14B,0.36464430375481,-0.12828463084314,0.036,0.038,1
COX10-AS1,0.366011877807622,-0.110486313627958,0.02,0.021,1
C17orf80,0.366348531844764,-0.149519045263647,0.015,0.016,1
MXRA7,0.366501515426641,0.150041236595261,0.032,0.03,1
PLD1,0.367690323692893,-0.112605920533782,0.011,0.013,1
RRAGB,0.367871620551396,-0.101497530400703,0.042,0.044,1
ZNF596,0.368812863854968,0.145490144364074,0.012,0.011,1
IMPAD1,0.369674968485283,0.112346713247526,0.034,0.032,1
CKB,0.37004335829181,0.110064760884323,0.01,0.009,1
DPY19L1,0.370048338447008,-0.135713245738616,0.01,0.011,1
MAN1C1,0.37218957995319,0.140996096992255,0.012,0.011,1
AL592295.5,0.372629712534091,-0.158081058767071,0.012,0.013,1
TMEM140,0.37270057315827,-0.21984585251449,0.029,0.031,1
AC127502.2,0.373442032216324,-0.20062520639554,0.031,0.033,1
ZRANB3,0.373684739163173,0.116093904671923,0.016,0.014,1
MED22,0.376784687343863,-0.111245506952265,0.023,0.025,1
ZNF765,0.376948191607912,0.16068848079477,0.022,0.021,1
ARHGAP11A,0.377224422119663,-0.239001054150638,0.009,0.01,1
ASNS,0.377786812902433,0.117390450304946,0.013,0.012,1
HDAC11,0.37789052659363,-0.120047926772483,0.01,0.011,1
ADCK5,0.378508577467079,-0.103685919202395,0.03,0.032,1
STARD9,0.37854958090705,0.161096425104256,0.014,0.013,1
MINDY1,0.37871049454924,-0.292568340714564,0.015,0.016,1
RNASEH1-AS1,0.379332693671587,-0.121260785222133,0.023,0.024,1
ZNF771,0.379873584688405,0.108221060900634,0.012,0.011,1
AC120193.1,0.380082481733854,-0.18049998859681,0.009,0.01,1
TMEM68,0.380450193088442,-0.104108743857242,0.031,0.033,1
TIMM23B,0.381555316164707,-0.128873969332008,0.015,0.016,1
RAB27B,0.381801685551234,-0.156639084593164,0.024,0.026,1
ZNF543,0.382573432824843,0.122947575712987,0.012,0.011,1
NCK1-DT,0.382932785506181,-0.147159772389725,0.014,0.016,1
E2F6,0.383461726904972,0.123157942444314,0.018,0.017,1
FAM66C,0.383857374259951,-0.159503133836268,0.009,0.01,1
WDR91,0.385346284335801,-0.101497530400703,0.03,0.031,1
HIST1H3H,0.385877325067731,-0.208623331360271,0.023,0.025,1
AC005261.1,0.386281934542179,0.110891482840107,0.023,0.021,1
TEX261,0.387215744932613,-0.130259762769187,0.033,0.035,1
ZNF90,0.387427065255635,-0.147392296371353,0.011,0.012,1
NEO1,0.387687232754158,0.177920269170698,0.012,0.01,1
AL117332.1,0.387932948384245,0.169518611094565,0.01,0.009,1
PTGR2,0.388129141372651,-0.174601242989137,0.01,0.011,1
HSPA1B,0.388997102538707,-0.160482095019852,0.014,0.015,1
BLZF1,0.392171229121329,-0.106867066441692,0.033,0.035,1
Z93241.1,0.392920383197093,-0.103662409798785,0.073,0.076,1
CD24,0.393971557197737,0.101448468231738,0.024,0.022,1
PXMP2,0.396360263622435,-0.129153873303569,0.012,0.013,1
FBXO30,0.397018553877847,-0.132665548494383,0.01,0.011,1
RAI1,0.397846116481269,-0.112482571094506,0.018,0.019,1
RAD52,0.400249800175505,0.119667587551743,0.013,0.012,1
SETD6,0.401695133159778,-0.113360781685645,0.024,0.026,1
KIAA1841,0.402054015947509,-0.242276186183499,0.009,0.01,1
FMO5,0.403274481972634,-0.15594531442308,0.01,0.011,1
ZNF865,0.404201378219465,-0.130717669315697,0.022,0.023,1
USP13,0.404333948176703,0.110767743010981,0.026,0.024,1
TRIM16,0.404510914696048,0.140642538593012,0.014,0.013,1
CTRL,0.406483394999481,-0.117439074269725,0.015,0.016,1
FAM241A,0.407787576703134,-0.100679907799681,0.02,0.022,1
AC010226.1,0.407972920803652,-0.175026565822669,0.009,0.01,1
INSR,0.408540916564168,-0.163712926846401,0.013,0.014,1
AC019163.1,0.408630107137511,0.119109377043371,0.018,0.017,1
NDC80,0.409248934152572,-0.132834081728326,0.019,0.02,1
CENPQ,0.409308896785396,-0.119318807487947,0.01,0.011,1
L3MBTL1,0.409607559770878,0.100192687144699,0.014,0.013,1
IGHV5-78,0.409629659522493,-0.132665548494383,0.009,0.01,1
TCEANC,0.410300532250452,0.119344439372345,0.018,0.016,1
NINJ1,0.410634155369732,0.159556720391557,0.213,0.222,1
GALNT4,0.411138273634107,-0.187459662212563,0.012,0.013,1
ZNF354C,0.412016566821581,0.183208100530461,0.012,0.011,1
BCL2A1,0.413558912838859,0.12954998393152,0.159,0.164,1
CREB3L4,0.413846203714772,0.114313532120735,0.013,0.012,1
ZBTB26,0.413995604364694,0.130837025698109,0.011,0.01,1
ROCK2,0.414848962618407,-0.14857169152462,0.033,0.035,1
ZNF19,0.415335685686429,0.144427630131735,0.01,0.009,1
ELMO3,0.415952764470414,-0.169648386096101,0.012,0.013,1
MST1,0.416422958877426,0.108221060900634,0.01,0.009,1
ZNF358,0.417864887784322,0.119344439372345,0.012,0.011,1
LGALS2,0.418232373817529,-0.126899403518791,0.085,0.088,1
PAXIP1,0.418856499367767,-0.15055834885159,0.018,0.019,1
CD101,0.420189647103398,-0.148040116337733,0.014,0.015,1
GPA33,0.420498216265223,-0.146046853356841,0.019,0.02,1
CASC1,0.421595288464409,0.109337266016963,0.024,0.022,1
LINC01011,0.422773302066225,-0.150825242764271,0.014,0.015,1
ALKBH8,0.423157471833597,0.124950255632431,0.021,0.02,1
RASGEF1A,0.423315145566944,-0.133352256873112,0.012,0.013,1
TERF2,0.423506823026635,-0.105249665261811,0.022,0.023,1
ZSCAN5A,0.424913426823891,-0.102345925039025,0.019,0.02,1
HIST1H2AC,0.425143809841687,-0.253990682861932,0.067,0.064,1
FCRL2,0.425792891792015,-0.131126079686994,0.017,0.018,1
SDR42E2,0.425922889493178,-0.122520780971121,0.024,0.026,1
ZNF337-AS1,0.427465773043898,-0.115100832200524,0.011,0.012,1
RALGPS1,0.429317612709451,0.105314879468287,0.017,0.016,1
AC026471.2,0.430105786282461,-0.132022397414161,0.009,0.01,1
ANKIB1,0.431211004273442,-0.104749175143624,0.055,0.057,1
C17orf67,0.43173606967511,0.150041236595261,0.011,0.01,1
GSDMB,0.434535801623783,-0.101497530400704,0.023,0.024,1
FZD3,0.434610898118249,0.110064760884323,0.015,0.013,1
CSRNP2,0.43490531271508,0.125417449626439,0.012,0.011,1
FAM229B,0.436436131665487,0.12708008815195,0.011,0.01,1
EPN2,0.43700725456052,0.121612828268744,0.015,0.014,1
DVL1,0.437670815426933,-0.103452402028927,0.017,0.018,1
CD27-AS1,0.437990258087826,-0.121898722460425,0.018,0.019,1
CCDC189,0.439269762461071,-0.125193622844059,0.009,0.01,1
RWDD2A,0.440719226431723,-0.112993169238532,0.011,0.012,1
GAB1,0.441663100718314,-0.109151102944138,0.01,0.011,1
LYN,0.442898930635735,0.18821593962149,0.21,0.209,1
PITPNM2,0.442970275070658,-0.124341274024308,0.022,0.024,1
ABAT,0.443062160706759,0.128867213490851,0.014,0.013,1
ELAC1,0.443523869277985,0.103181647174545,0.018,0.016,1
XYLT1,0.44447289375221,0.110193303232239,0.027,0.026,1
IRF2BP1,0.444500626781231,0.125499052332469,0.015,0.014,1
BRI3BP,0.446291623575795,-0.116391745700398,0.024,0.025,1
MRM1,0.446882773440404,0.129282676428463,0.012,0.011,1
ATP6V1E2,0.448869576221631,0.138900678990061,0.016,0.015,1
C12orf42,0.449803648357955,-0.108090207711133,0.022,0.023,1
NDUFA6-DT,0.452069856152747,0.116417584523909,0.017,0.016,1
PUS7,0.455133772332997,-0.126612778527661,0.011,0.012,1
PFAS,0.455945558608938,-0.102443249897624,0.017,0.018,1
AC023157.3,0.456676993492359,-0.158519634554272,0.014,0.015,1
JPT2,0.456904905406365,0.138215801198472,0.018,0.017,1
JRK,0.458064536379395,-0.157612727309983,0.013,0.014,1
SNHG4,0.460439582790361,-0.141513209248583,0.011,0.012,1
AL035587.2,0.461197587322328,-0.116177425705814,0.02,0.021,1
AEBP1,0.463537153061347,0.112994249839941,0.019,0.018,1
NICN1,0.464639460782224,-0.104086873077642,0.019,0.02,1
CUL7,0.464946216599762,-0.10284521386245,0.012,0.013,1
C5AR2,0.467880359250938,-0.164691356887897,0.011,0.012,1
G0S2,0.46848989965381,0.199192538219771,0.103,0.106,1
KANTR,0.468885760174835,-0.112015402314703,0.018,0.02,1
FAM13A,0.469753018048968,-0.171886858292101,0.023,0.024,1
PER3,0.471173642117335,-0.111475341596279,0.018,0.019,1
FKBP14,0.471736282292902,0.110714916389192,0.011,0.01,1
KPTN,0.474279754145122,0.110891482840107,0.012,0.011,1
GRAP2,0.474758121831885,-0.113874473505944,0.156,0.159,1
GIHCG,0.47488221557874,-0.112361930969487,0.035,0.036,1
BPHL,0.474959880967856,-0.1099591091489,0.013,0.014,1
DMGDH,0.475821072028132,-0.144781628129503,0.011,0.012,1
FAM149B1,0.476418942297478,-0.132085850234127,0.011,0.012,1
AMMECR1L,0.477600926823638,-0.122331033817869,0.022,0.023,1
LINC00205,0.477954266594013,-0.108621964834085,0.011,0.012,1
STXBP4,0.482145552975887,0.112770359241487,0.014,0.013,1
CETN3,0.484247626618371,0.122996413581033,0.013,0.012,1
EFNB1,0.484381811872181,-0.197512665967596,0.01,0.011,1
SEC24B-AS1,0.485003865462725,0.134359614362991,0.01,0.009,1
TESK1,0.489235584330458,-0.105709781687618,0.019,0.021,1
NEURL4,0.491417390268968,-0.112015402314703,0.014,0.015,1
HIST2H2AA4,0.491453230905138,-0.144462597376094,0.036,0.038,1
CD200R1,0.492542057635317,-0.122977257811154,0.011,0.012,1
TYROBP,0.493405990601064,-0.211159396325487,0.287,0.27,1
AL450326.1,0.495277856778705,0.107185757633464,0.011,0.01,1
PNPLA7,0.495916506705281,-0.113553547975774,0.016,0.017,1
IPO9-AS1,0.496180083583813,-0.127492738933648,0.009,0.01,1
NREP,0.496368186092278,-0.125344272355071,0.009,0.01,1
GEMIN5,0.499376314362735,0.108634974270533,0.018,0.017,1
DCLRE1B,0.500825768661042,0.133791884950186,0.012,0.011,1
CENPH,0.501998311022197,-0.100895026720663,0.027,0.028,1
LEKR1,0.505659450813943,-0.131244873794755,0.016,0.017,1
NUMBL,0.506949719901652,-0.120839252701709,0.009,0.01,1
C6orf99,0.511168457690347,-0.128070625999611,0.017,0.018,1
MYO6,0.511456028369501,0.113102749373029,0.023,0.022,1
KIF27,0.513131809324509,-0.120261169702572,0.015,0.016,1
NUDT17,0.515993182186506,-0.126562867782611,0.011,0.012,1
GZMH,0.518337736680919,-0.124608107004245,0.254,0.244,1
RBM12B,0.519953071325411,-0.107527612495724,0.022,0.023,1
VKORC1L1,0.521351517560496,-0.117439074269725,0.009,0.01,1
CARD8-AS1,0.523787739542767,-0.104248141416738,0.03,0.031,1
PON2,0.524136900301049,-0.100424495735477,0.015,0.016,1
SIAE,0.525241185316454,0.131040274665205,0.01,0.009,1
PLD2,0.526061251345218,-0.101497530400703,0.022,0.024,1
AL513550.1,0.528844703678652,0.109355166014369,0.017,0.016,1
ETV7,0.529881928288036,-0.107314856996018,0.011,0.012,1
LINC02265,0.531858160762516,-0.128559426628001,0.009,0.01,1
PDE9A,0.53891620538755,-0.129576053434137,0.01,0.011,1
GGPS1,0.543367800904351,0.109399252097916,0.01,0.009,1
AC107959.1,0.547604871060595,-0.11887960862894,0.013,0.014,1
TMEM182,0.552136679334766,0.116874372660062,0.012,0.011,1
AC020910.5,0.554034869416616,-0.112605920533782,0.012,0.012,1
KANK1,0.554294745101865,-0.145958393301576,0.015,0.016,1
ZNF182,0.556940150746802,-0.120902929573297,0.011,0.012,1
FANCI,0.557343310953826,0.125588192870722,0.011,0.01,1
CTNNAL1,0.557496239424193,-0.208412734317215,0.01,0.011,1
AC009403.1,0.559563843320261,-0.131424861948053,0.013,0.014,1
AL359232.1,0.565928549833069,-0.112552718909699,0.01,0.011,1
AC008875.2,0.566203866130223,-0.106119088141082,0.01,0.011,1
SLC35F2,0.567028523519792,0.111694924945778,0.011,0.01,1
PTGS2,0.568312264380651,-0.157504940939426,0.044,0.045,1
UBR5-AS1,0.570759750614218,-0.109921104985708,0.025,0.026,1
AP1S3,0.577645017899871,0.115395093788369,0.011,0.01,1
AC025257.1,0.584095889234536,0.108922249269669,0.011,0.01,1
CD300E,0.58820250450933,0.293565269116875,0.067,0.066,1
EXD2,0.588258145772932,0.134774479941951,0.01,0.01,1
KLC4,0.593113998844436,0.100886550741961,0.018,0.017,1
CLCN5,0.599615142574962,-0.104908158563355,0.01,0.01,1
AC139720.1,0.604023821238733,0.108221060900634,0.011,0.011,1
SETBP1,0.607618164117347,0.109069455538955,0.026,0.025,1
SNX16,0.610687940835086,-0.114436586108202,0.012,0.013,1
AMIGO2,0.619053329405121,-0.101497530400703,0.017,0.018,1
HAUS7,0.620610355656755,-0.137939526368764,0.01,0.01,1
SMYD5,0.622916652882231,-0.113508509497947,0.018,0.018,1
DISC1,0.626703613741354,-0.112605920533782,0.024,0.025,1
SPIN3,0.63325747146983,-0.137939526368764,0.01,0.01,1
ZNF526,0.634337441225769,-0.100365560910784,0.015,0.015,1
PDIA5,0.639486003238293,-0.106492440321095,0.01,0.011,1
IL2RA,0.640534433649537,0.100906514004021,0.018,0.017,1
IGLC3,0.644701723708075,-0.60078701095269,0.017,0.016,1
INAFM2,0.652791444985207,-0.100299776043081,0.014,0.014,1
CACFD1,0.656806746095014,-0.112993169238532,0.011,0.012,1
TCF7L2,0.658805575494452,0.122889630335294,0.036,0.035,1
ESRRA,0.661955264159769,-0.114855913255722,0.027,0.027,1
ABHD4,0.662799988124965,-0.108733129500567,0.02,0.02,1
IGLV2-14,0.667712682903754,0.694969075514165,0.024,0.023,1
LINC00467,0.674451939859992,-0.105912820888697,0.014,0.015,1
HIST1H2AL,0.697032532222296,-0.15808105876707,0.013,0.014,1
SPATA7,0.698746582686409,-0.13626294856138,0.009,0.01,1
AC026471.1,0.702969550604388,0.102475553343205,0.01,0.01,1
RMRP,0.709499880000888,0.213580319009411,0.041,0.04,1
AL513303.1,0.720298842605038,-0.109765146384303,0.009,0.01,1
KLF5,0.73155075376062,-0.122520780971121,0.012,0.013,1
COL9A3,0.750599569657794,0.188009086794282,0.011,0.011,1
LINC01781,0.751457204283878,-0.1054994609582,0.017,0.017,1
SPDL1,0.755834330298357,-0.101497530400703,0.009,0.01,1
EHD3,0.768144832267805,-0.125663841531455,0.015,0.015,1
MAFB,0.774158354399054,0.257900173852716,0.09,0.091,1
HIST1H2BJ,0.80229922308356,-0.190034205002361,0.015,0.015,1
PLAUR,0.814550482948559,0.446444890462347,0.117,0.119,1
DERL3,0.869471620324541,0.280972106421711,0.013,0.013,1
TKTL1,0.887081907603702,-0.206652276452777,0.016,0.017,1
IGHM,0.989137964987931,0.119405299313192,0.069,0.069,1
