,p_val,avg_log2FC,pct.1,pct.2,p_val_adj
RPS26,0,0.85028883171911,0.916,0.884,0
HLA-B,0,-0.538091278848942,0.999,1,0
HLA-A,2.13115623443714e-314,-0.380029016145081,0.989,0.998,4.61075651320475e-310
MT-CO2,1.17818460012345e-294,0.249179971222803,1,1,2.54900238236707e-290
MT-ATP6,1.19172330593218e-222,0.246494028926343,1,1,2.57829337238427e-218
SNHG5,1.86311196099174e-189,-0.819628376649933,0.312,0.463,4.03084272760564e-185
TMSB10,6.10568384773796e-167,-0.256969453337115,0.998,0.998,1.32096470045811e-162
CYBA,1.4088031817568e-159,-0.483183411084034,0.67,0.773,3.04794568373085e-155
TMSB4X,1.2750513064404e-146,-0.213462628353957,0.998,0.999,2.75857350148381e-142
MT-ND4L,6.74505437349293e-144,0.21184339762278,0.998,0.995,1.4592925137052e-139
MT-CYB,3.88520185063597e-135,0.199468449885889,0.999,0.997,8.40563420385091e-131
MT-CO3,1.55759155738269e-125,0.161162023283858,1,1,3.36984933439746e-121
HLA-DQB1,1.12299731732566e-121,-0.775642340770094,0.219,0.34,2.42960469603407e-117
RPL28,1.11083616672532e-110,-0.132934422974568,1,0.999,2.40329404671024e-106
MTRNR2L12,5.29245905582369e-103,0.195554755023179,0.997,0.987,1.14502351672746e-98
TXNIP,2.31694137607927e-99,-0.312931011797926,0.879,0.924,5.0127026671475e-95
PPDPF,6.40376367566024e-95,0.345563150693251,0.801,0.727,1.38545427122909e-90
ACTB,4.36940968942766e-93,-0.242459338143329,0.994,0.996,9.45321786307674e-89
AC253572.2,1.40035736621926e-92,-1.20670545121774,0.079,0.154,3.02967316181538e-88
RPL37A,4.74853830876146e-92,0.161459496107689,0.998,0.995,1.02734626310054e-87
PABPC1,1.38229392976213e-90,0.211618739624559,0.979,0.973,2.99059291704037e-86
ARPC1B,5.85641352553191e-89,-0.341082265436471,0.627,0.718,1.26703506624883e-84
AC004556.3,4.26206976696422e-88,-2.5064997612102,0.007,0.041,9.22098794082709e-84
GAS5,3.87149924302383e-86,-0.386433265340066,0.655,0.731,8.37598861228205e-82
CORO1A,2.09803701255115e-83,-0.27530395868673,0.838,0.878,4.53910307665441e-79
KLF6,2.13485867438043e-79,-0.369678626619601,0.635,0.72,4.61876674202205e-75
RPS14,1.73077936173122e-78,0.140451125697385,1,0.999,3.7445411491055e-74
DUSP1,5.08254468955014e-76,-0.281335458258962,0.868,0.907,1.09960854358417e-71
MT-ND3,5.72646006418091e-75,0.144512895345058,1,1,1.23891963488554e-70
CREM,9.66680727609813e-75,0.893948115242527,0.252,0.167,2.09141375418383e-70
CD55,1.19223252354405e-71,0.485859346953497,0.464,0.371,2.57939506468754e-67
LAIR2,4.35722459479021e-69,-1.26811003765759,0.054,0.109,9.42685541082862e-65
RPS3,1.25760488252535e-66,0.133011928946516,0.999,0.999,2.7208281633436e-62
CCL3L1,2.35026392469634e-66,-2.37470790710626,0.022,0.06,5.08479600108054e-62
S1PR1,6.03945074018552e-65,0.697727902894968,0.258,0.176,1.30663516763914e-60
SARAF,1.32460810633345e-63,0.262788392207789,0.899,0.872,2.86578963805243e-59
FAM153B,1.45058957465832e-61,2.34654732579552,0.042,0.009,3.13835054477328e-57
RPS3A,1.42334062085388e-60,0.140256180619032,0.999,0.998,3.07939743321738e-56
POLR2J3,2.90238967271089e-59,-0.613943445706702,0.168,0.243,6.27932005691001e-55
RPLP0,6.05524700887882e-59,0.158668535125702,0.992,0.992,1.31005269037093e-54
ARID5A,1.30471797001354e-58,0.504203452448869,0.345,0.261,2.8227573281243e-54
EGR2,2.49084911645349e-58,-1.90867975727304,0.018,0.051,5.38895206344712e-54
ZNF331,2.94762505047009e-58,0.630940877493501,0.321,0.241,6.37718679669203e-54
EEF1A1,4.28868093819368e-57,0.117746322779819,1,0.999,9.27856120978203e-53
GOLGA8B,1.61215210939727e-55,0.742773638673979,0.171,0.106,3.48789108868098e-51
MT2A,1.16450765969502e-54,-0.550834114070601,0.319,0.394,2.51941232175017e-50
RPL3,3.83439953738372e-53,0.138994236779109,0.995,0.992,8.29572339912968e-49
CCR7,8.88111608368976e-53,0.670899808800035,0.282,0.209,1.92142946470628e-48
ATP5F1E,9.89153935795859e-51,-0.173072141222606,0.95,0.962,2.14003454009434e-46
LSP1,9.91976786832894e-51,-0.234122182726292,0.744,0.792,2.14614177831297e-46
DCXR,6.69266063412654e-50,0.532049925683591,0.287,0.212,1.44795712819328e-45
PFN1,7.24913669623829e-50,-0.209140927074495,0.959,0.97,1.56835072423115e-45
EGR3,6.25705233988254e-49,-2.01435825958656,0.016,0.045,1.35371327373359e-44
B2M,7.51323219495833e-49,-0.138181575272892,1,1,1.62548778537924e-44
RPS5,4.1734295364935e-48,0.163426469587285,0.977,0.972,9.0292148022037e-44
LGALS1,9.71925634681201e-48,-0.453665672723133,0.372,0.446,2.10276111063278e-43
SLC7A5,5.12478132799399e-47,0.680879299885748,0.197,0.134,1.1087464403115e-42
JUN,9.04791182313833e-46,-0.230383233674247,0.727,0.79,1.95751572293598e-41
HLA-DPB1,7.44118946253513e-45,-0.4245160289098,0.437,0.512,1.60990134021948e-40
PPIA,7.89546913604379e-45,-0.163955361020629,0.931,0.942,1.70818474758307e-40
ANXA1,4.33405793197261e-43,-0.315609712105106,0.427,0.503,9.37673433582274e-39
RPSA,5.31112333751423e-43,0.140341875674643,0.971,0.968,1.1490615340712e-38
S100A6,6.70056499897053e-43,-0.309285760396519,0.792,0.829,1.44966723752727e-38
HIST1H4C,1.19473999778598e-42,0.288259215834608,0.579,0.519,2.58481998520998e-38
TMEM176A,1.78433891523077e-42,1.41782264223593,0.063,0.028,3.86041724310176e-38
PSPH,3.65662439682057e-42,-0.680670006754159,0.078,0.126,7.9111068825213e-38
RNF125,5.26144058945542e-42,0.440301492218371,0.345,0.275,1.13831267152868e-37
FOS,6.41808231804629e-42,-0.346615858243203,0.784,0.826,1.38855210950932e-37
SIGLEC14,1.29500615763923e-41,-2.30171445074146,0.005,0.022,2.80174582205248e-37
SH3BGRL3,1.95698116094604e-41,-0.172600797983779,0.897,0.934,4.23392874170675e-37
TMEM176B,3.149189327513e-41,1.37186960761076,0.083,0.043,6.81327111007437e-37
CLIC1,1.90716535452717e-39,-0.251853508728635,0.537,0.607,4.12615224451954e-35
TSC22D3,2.16149665549276e-39,-0.176129144699774,0.908,0.927,4.67639801415859e-35
PIK3R1,2.18313862484198e-39,0.407822916430881,0.462,0.396,4.72322041484563e-35
USP36,2.7270623103047e-39,0.535934655908467,0.227,0.165,5.89999930834421e-35
SYTL3,6.08299610324164e-39,0.467530450524768,0.302,0.236,1.31605620693633e-34
EEF1B2,9.99254563770544e-39,0.147701950017949,0.952,0.936,2.16188724871757e-34
SERF2,4.61572988618573e-38,-0.156829844160782,0.927,0.94,9.98613160876283e-34
TOB1,5.28352710139733e-38,0.543362734864923,0.285,0.222,1.14309108838731e-33
MNDA,1.74876254459324e-37,-0.770372136883809,0.1,0.147,3.78344776522747e-33
FKBP5,2.53198679628841e-37,0.480081718667778,0.256,0.194,5.47795343376998e-33
RPL5,2.69323409247414e-37,0.118078121527606,0.993,0.988,5.8268119590678e-33
SNHG29,2.72159184952684e-37,0.200261894982726,0.798,0.757,5.88816396645133e-33
NQO2,2.96715384967937e-37,-0.691220702028259,0.081,0.127,6.41943735378133e-33
SNX9,1.48770598458787e-36,0.544409738197397,0.225,0.167,3.21865189765585e-32
MYL6,1.58458906201044e-36,-0.173206762032071,0.84,0.871,3.42825843565958e-32
GPR132,3.60890635479658e-36,0.749150115276167,0.115,0.071,7.8078688986024e-32
THBS1,5.62410781052885e-36,1.72142935336426,0.115,0.074,1.21677572480792e-31
PDE4B,7.07466629859412e-36,0.459183359152999,0.28,0.217,1.53060405370084e-31
CD8B,1.34794364105217e-35,-0.509882469088426,0.247,0.308,2.91627606741637e-31
CNOT6L,1.65125606880261e-35,0.441712950083827,0.266,0.204,3.57249250485446e-31
NOP53,2.12673784586758e-35,0.188292355561338,0.792,0.747,4.60119732953451e-31
AL135905.2,3.28157471607376e-35,0.48954007245991,0.246,0.187,7.09968689822559e-31
RPL36,4.0775088106468e-35,0.101169068133952,0.998,0.997,8.82169031183436e-31
LINC01138,4.10548370142945e-35,-0.406706914852775,0.326,0.387,8.88221398804262e-31
IFI44L,4.40371494777318e-35,-0.756569875142168,0.079,0.121,9.52743728950729e-31
EEF1G,1.93489408035117e-34,0.13986189075747,0.948,0.934,4.18614334283976e-30
PSME2,3.78960778865385e-34,-0.309618472123929,0.457,0.516,8.19881645075261e-30
TSC22D4,4.39451365582944e-34,-0.341220006818427,0.299,0.364,9.507530294387e-30
CSNK1D,4.49585151387974e-34,0.408791260888394,0.293,0.231,9.72677475027882e-30
RPS6,6.33220330377877e-34,0.109136699274602,0.998,0.997,1.36997218477254e-29
GSTM4,6.8052061802171e-34,-1.04219215876956,0.025,0.052,1.47230635708997e-29
ABO,7.77022520227499e-34,2.14159255448819,0.022,0.005,1.68108822251219e-29
RPS4X,9.65816521395032e-34,0.101476622960246,0.998,0.996,2.08954404403815e-29
COL6A2,2.13021877090938e-33,0.935467627179922,0.072,0.038,4.60872831086245e-29
SYAP1,2.31814484762319e-33,0.446754475887286,0.256,0.197,5.01530637783276e-29
SELENOK,3.15970248026554e-33,0.323963699114019,0.452,0.391,6.83601631605449e-29
CRIP1,3.38519518992859e-33,-0.300952195538067,0.596,0.648,7.32386979341051e-29
MS4A6A,4.22458398705096e-33,-0.828303042023101,0.099,0.143,9.13988745598475e-29
RPS12,5.69236096783812e-33,0.104052814612689,0.999,0.999,1.23154229539178e-28
AC020656.1,6.9577786733465e-33,-0.947618111148407,0.064,0.102,1.50531541597852e-28
SH3BP1,3.94274179428691e-32,-0.373936747476292,0.24,0.301,8.53012187193972e-28
CLEC12A,5.40597210058774e-32,-0.65268480989907,0.075,0.116,1.16958206396216e-27
S100B,5.94420777840011e-32,1.4225750054906,0.048,0.021,1.28602935285686e-27
IFI6,5.97317015962e-32,-0.61718823346007,0.204,0.258,1.29229536403379e-27
MYL12A,6.06923034932777e-32,-0.205457712829391,0.806,0.826,1.31307798607706e-27
S100A10,6.73246080634023e-32,-0.248686959809038,0.675,0.716,1.45656789545171e-27
PDE4D,7.87429731758621e-32,0.404329373931207,0.263,0.203,1.70360422465978e-27
CFL1,2.28622072514428e-31,-0.143756002662912,0.92,0.935,4.94623853884964e-27
MX1,2.69693865323512e-31,-0.675472139440902,0.129,0.176,5.83482677627419e-27
ARPC3,2.73011317111159e-31,-0.174326938852641,0.747,0.782,5.90659984569993e-27
OAZ1,3.21982186881026e-31,-0.197528951645554,0.788,0.817,6.96608461317101e-27
KLF10,3.39165398627446e-31,-0.467108930733698,0.151,0.203,7.3378433993048e-27
FHIT,6.53354636133793e-31,1.14877459528095,0.054,0.026,1.41353275527546e-26
RHOB,1.99219805582307e-30,-0.605194010489044,0.172,0.222,4.31012049377322e-26
PIK3IP1,2.81856154493087e-30,0.343275688870874,0.463,0.41,6.09795790245793e-26
PYCARD,3.12105538562574e-30,-0.454461054880558,0.218,0.273,6.75240332680128e-26
ACTG1,4.45710849016699e-30,-0.179208451536965,0.927,0.943,9.64295421847628e-26
MT-ND5,5.09621709944377e-30,0.11561252106862,0.991,0.988,1.10256656946466e-25
CD74,8.68940680612274e-30,-0.134980575344438,0.721,0.79,1.87995316250465e-25
ELL2,9.47602833880945e-30,0.74593682659657,0.095,0.059,2.05013873110143e-25
GNB2,1.04091075668217e-29,-0.284704193195166,0.376,0.436,2.25201042208187e-25
ISCA1,1.3415757154947e-29,0.420987774088903,0.247,0.192,2.90249906047279e-25
CD151,1.43292700113749e-29,-0.674103799648079,0.066,0.103,3.10013756696096e-25
NFE2L2,1.8113100546197e-29,0.41853756531007,0.27,0.214,3.91876930316973e-25
EEF2,1.92740687201382e-29,0.111108369270028,0.98,0.968,4.1699447676019e-25
YPEL5,2.568747812554e-29,0.314847447947725,0.45,0.391,5.55748589246057e-25
MDGA1,3.04999514035673e-29,-2.42344357364994,0.003,0.014,6.59866448616178e-25
TYMP,3.32987224130381e-29,-0.444839361668691,0.22,0.276,7.20417859406078e-25
MYOM2,2.34896604440063e-28,0.868043407673284,0.068,0.038,5.08198803706077e-24
EIF4B,2.56713456723941e-28,0.176332448658834,0.703,0.651,5.55399563622247e-24
AC007952.4,7.16969610795802e-28,-0.683410277735996,0.136,0.181,1.55116375295672e-23
YWHAB,7.38756469672319e-28,-0.188880273216048,0.697,0.738,1.59829962213606e-23
C20orf204,7.97295640945053e-28,2.32013147741525,0.019,0.004,1.72494911918462e-23
SOCS1,8.91804868073434e-28,0.604745349387622,0.119,0.079,1.92941983207688e-23
TC2N,1.47287658527232e-27,0.343756781950444,0.294,0.236,3.18656849223667e-23
SRSF7,2.07140647531194e-27,0.22939836180087,0.649,0.603,4.48148790933738e-23
DDX24,2.19560782570863e-27,0.279106998340364,0.431,0.371,4.75019753092061e-23
PSMB9,6.07525417544011e-27,-0.279042054258826,0.463,0.515,1.31438124085647e-22
RGS19,6.70718107412482e-27,-0.337387814137945,0.23,0.284,1.45109862538691e-22
M6PR,8.46895670206367e-27,-0.329600670057348,0.257,0.313,1.83225878249148e-22
PPP1CA,1.10005680263613e-26,-0.25277073541603,0.455,0.51,2.37997289250326e-22
NR4A3,1.40514804452455e-26,0.751273577027624,0.107,0.07,3.04003779432887e-22
HCST,1.46537596529754e-26,-0.189924330020192,0.671,0.714,3.17034090092123e-22
DYNLL1,1.97252208413073e-26,-0.396177311154427,0.178,0.228,4.26755152901684e-22
MTFP1,2.49318880828832e-26,0.444072184036568,0.205,0.157,5.39401398673178e-22
GABARAP,4.67619719145106e-26,-0.233091376259426,0.672,0.709,1.01169526237044e-21
PKM,4.76188772474674e-26,-0.252253354180239,0.495,0.544,1.03023440924896e-21
XAF1,6.42296302063509e-26,-0.441943065667409,0.161,0.208,1.3896080495144e-21
S100A4,7.52563059989512e-26,-0.215512449304788,0.731,0.766,1.62817018028731e-21
DIP2A,9.79449682435979e-26,0.394151022849282,0.234,0.184,2.11903938795024e-21
S100A8,1.17963528016984e-25,-0.549255558315923,0.137,0.18,2.55214092864746e-21
UBL5,1.71595716733725e-25,-0.203251562509956,0.543,0.593,3.71247333153414e-21
CHD1,2.63576584970386e-25,0.306463023253146,0.341,0.286,5.70247941583429e-21
AC243829.1,2.89578821023878e-25,-1.7881751647568,0.005,0.018,6.2650377928516e-21
POLR2J2,3.10775205646439e-25,1.04391111955936,0.043,0.02,6.72362157416071e-21
EPSTI1,4.39257852728703e-25,-0.520397537069954,0.117,0.159,9.5033436437855e-21
STAT1,5.94763468493581e-25,-0.399313923920654,0.211,0.261,1.28677076408586e-20
UBE2L6,6.49680908378579e-25,-0.369412321699381,0.249,0.3,1.40558464527705e-20
GABARAPL1,1.10551881595992e-24,0.372259169560031,0.293,0.242,2.39178995832928e-20
ZFP36L2,1.30780690100758e-24,0.134874128934868,0.914,0.916,2.82944023032989e-20
ZYX,1.40798007992215e-24,-0.274389715080842,0.431,0.48,3.04616490291157e-20
TALDO1,1.4642761767999e-24,-0.344792329201972,0.277,0.329,3.16796150850658e-20
IFI44,1.95052635060707e-24,-0.631189219021989,0.067,0.1,4.21996375953839e-20
HLX,2.01946140002178e-24,-1.29065084235674,0.014,0.032,4.36910473894712e-20
SC5D,2.10464958711412e-24,0.62284290286339,0.106,0.071,4.55340938172139e-20
SYNGR1,3.07656008927439e-24,0.734550475887777,0.089,0.057,6.65613775314514e-20
OLR1,3.09166200580215e-24,3.34252408945774,0.013,0.002,6.68881074955294e-20
C15orf48,3.3297572445767e-24,2.16151892707121,0.022,0.007,7.2039297986417e-20
GBP5,3.41604237996933e-24,-0.446483448187562,0.17,0.216,7.39060768906365e-20
SEC14L2,3.50570322649095e-24,0.935851373701905,0.057,0.031,7.58458893051318e-20
PHB2,8.52414932000709e-24,-0.270230796800332,0.359,0.412,1.84419970538353e-19
DNAJB1,9.71483182446023e-24,0.226402853320434,0.57,0.523,2.10180386522197e-19
OAS1,1.56979235066722e-23,-0.609228335846213,0.067,0.099,3.39624575066852e-19
RNASEK,1.81920098696693e-23,-0.171653938560153,0.621,0.671,3.93584133530296e-19
GLRX,1.91080949276172e-23,-0.440320751346137,0.189,0.234,4.13403633758998e-19
ANXA2,2.24845911714213e-23,-0.318592172060041,0.297,0.348,4.86454129993701e-19
EMP3,2.33965949828687e-23,-0.170304757128513,0.644,0.686,5.06185332454364e-19
SERTAD1,3.59973536968088e-23,0.476337218662464,0.174,0.132,7.78802747230458e-19
NLRP6,3.77841953671468e-23,1.24478054550635,0.032,0.013,8.17461066768221e-19
KCTD12,4.50404330002568e-23,-0.673472410113391,0.056,0.086,9.74449767960557e-19
EREG,4.85779061110937e-23,1.14740310389808,0.061,0.036,1.05098299871351e-18
BTN3A2,5.97573995595527e-23,-0.327754226850184,0.232,0.282,1.29285133947092e-18
PRELID1,1.02426216229611e-22,-0.256133582956547,0.356,0.409,2.21599118812764e-18
VAMP8,1.06029614304659e-22,-0.277713970143509,0.373,0.424,2.2939507054813e-18
HIF1A,1.42742169983528e-22,0.341611420436523,0.355,0.304,3.08822684759362e-18
CSF3R,1.58490854629788e-22,-0.495127225187873,0.112,0.15,3.42894963991545e-18
AC020916.1,1.86531521204576e-22,-0.687115298247794,0.128,0.166,4.03560946126101e-18
AIM2,1.92433577526528e-22,-1.18426517727146,0.012,0.027,4.16330044978643e-18
PRAM1,1.94993979391852e-22,-0.615090937139788,0.08,0.113,4.21869474414271e-18
LINC01220,2.74833789048117e-22,-1.19629866410373,0.015,0.032,5.94602902605601e-18
CYTOR,3.06989826234707e-22,-0.411209331760932,0.159,0.202,6.64172489058788e-18
TNFAIP3,3.16584499329019e-22,0.176154742347895,0.654,0.598,6.84930564298334e-18
LITAF,4.79565899117285e-22,0.202046570768747,0.633,0.583,1.03754082274025e-17
CYP4V2,5.08907659591203e-22,-0.621351651719093,0.053,0.082,1.10102172152557e-17
CLEC7A,6.77365201003172e-22,-0.628084100200147,0.107,0.143,1.46547961237036e-17
IFI27L2,7.3386885549298e-22,-0.368636273243018,0.178,0.222,1.58772526885906e-17
ATP2B1-AS1,8.45655119830137e-22,-0.578046538155596,0.221,0.263,1.8295748517525e-17
NUDT2,1.22708604086802e-21,0.562121297967214,0.104,0.071,2.65480064941796e-17
GAPDH,1.26481047281025e-21,-0.140436160701097,0.902,0.92,2.73641745792497e-17
JOSD1,1.46111907427984e-21,0.497855024144956,0.125,0.089,3.16113111720444e-17
CD14,1.60148920985998e-21,-0.569272092575821,0.107,0.143,3.46482190553206e-17
LY6E,1.83671689063939e-21,-0.256378408736633,0.627,0.658,3.97373699289832e-17
CAPG,1.91152030548348e-21,-0.442860916502686,0.132,0.171,4.13557418091352e-17
S100A11,2.31896267926632e-21,-0.177284861437866,0.34,0.393,5.01707575659268e-17
PCBP1,2.79691094758003e-21,-0.139440573696997,0.758,0.785,6.0511168350894e-17
RCSD1,3.22697471707328e-21,-0.241847787995454,0.377,0.428,6.98155980038803e-17
OGFRL1,3.72259135073988e-21,-0.53043726381846,0.083,0.116,8.05382638732573e-17
STAB1,4.01330547002472e-21,-0.734120686592276,0.044,0.07,8.68278638439848e-17
LINC02446,5.18438840311608e-21,-0.388989957365593,0.142,0.182,1.12164243101416e-16
S100A9,1.0042254163443e-20,-0.576571461547821,0.154,0.192,2.17264168826088e-16
HBB,1.83608122821798e-20,-3.20990415886747,0.004,0.013,3.9723617372496e-16
IFI27,1.99971187907031e-20,-1.70749161453511,0.006,0.018,4.32637665036862e-16
UBC,2.21115339025326e-20,-0.104374753689868,0.92,0.938,4.78383035981293e-16
CSK,2.40660847132409e-20,-0.261004064290558,0.261,0.31,5.20669742770966e-16
LYZ,3.15231319312228e-20,-0.429030601680993,0.16,0.2,6.82002959332005e-16
SMAP2,3.21647663133387e-20,0.295007961472215,0.329,0.281,6.95884719189083e-16
SRSF3,3.28367076412012e-20,0.209784226572543,0.518,0.472,7.10422169817388e-16
RBM38,3.31838910270339e-20,0.323587059268439,0.282,0.236,7.17933482369878e-16
PTPN18,3.49721342153342e-20,-0.439112919235019,0.13,0.168,7.56622123748754e-16
PADI4,3.52162904803855e-20,-0.760560122113666,0.04,0.064,7.6190444454314e-16
FCRL5,4.04770551036404e-20,-1.53543770139905,0.01,0.023,8.75721087167261e-16
NBPF12,4.25194255388717e-20,0.716734084398318,0.072,0.045,9.19907771533489e-16
IDI1,4.27522048096324e-20,0.340553274878633,0.277,0.232,9.24943951056396e-16
FCN1,7.26538188911943e-20,-0.471938791520395,0.142,0.18,1.57186537171099e-15
FTH1,7.27368393228463e-20,0.221738251587411,0.991,0.991,1.57366151874978e-15
DRAP1,7.35545150949224e-20,-0.232452046681887,0.415,0.461,1.59135193407865e-15
RAB37,7.71856180943132e-20,-0.410300388275929,0.141,0.18,1.66991084747047e-15
CD84,8.93740317655949e-20,-0.499713924688063,0.085,0.117,1.93360717724865e-15
ITK,1.07695654211406e-19,0.289690211655142,0.321,0.273,2.32999547886378e-15
PSMB10,1.19094022154675e-19,-0.257875103767091,0.379,0.425,2.57659916931639e-15
DNAJC15,1.3488727344452e-19,0.327277575935514,0.221,0.177,2.91828616097219e-15
VPS37B,1.58835511116643e-19,0.355381572003668,0.268,0.225,3.43640628300856e-15
LMO2,1.80185525417822e-19,-0.816064561930272,0.031,0.052,3.89831384241458e-15
CD247,1.94422507494897e-19,0.218144135095775,0.421,0.372,4.2063309496521e-15
VCAN,2.45309868720114e-19,-0.243007783779219,0.113,0.15,5.30727900975966e-15
IFIT3,2.99849640891751e-19,-1.10321044082269,0.02,0.038,6.48724698069304e-15
CEMIP2,3.19687952173384e-19,0.348648188386349,0.226,0.183,6.91644884527117e-15
PPP1R18,3.54168980419197e-19,-0.270264670742251,0.282,0.33,7.66244589136932e-15
THAP7,3.65018213452686e-19,0.385225638904016,0.169,0.13,7.89716904804887e-15
IFI30,4.96642188998372e-19,-0.292055024411369,0.178,0.22,1.07448537589798e-14
RBM3,5.12496823645281e-19,0.149839364445155,0.736,0.701,1.10878687795656e-14
CD52,5.15330085651035e-19,-0.151705712698271,0.875,0.891,1.11491664030602e-14
SHTN1,5.31508454894993e-19,-0.691196528386266,0.034,0.055,1.14991854216532e-14
FERMT3,6.26830617395709e-19,-0.293628343250387,0.263,0.308,1.35614804073562e-14
TMA7,6.93319825738313e-19,-0.10715995775743,0.883,0.896,1.49999744298484e-14
STK17A,8.88114381034105e-19,0.247437917441075,0.394,0.347,1.92143546336729e-14
MRPL23,9.42201865232742e-19,0.507343036546937,0.106,0.075,2.03845373543104e-14
PTPN6,1.04907837194925e-18,-0.267442351806399,0.313,0.358,2.2696810577122e-14
MAP3K8,1.07606795877718e-18,0.312893468952739,0.331,0.288,2.32807302881443e-14
HLA-DQA1,1.17338407604964e-18,-0.321957655710176,0.148,0.189,2.53861644853339e-14
GNLY,1.33589705540147e-18,0.516604365364602,0.26,0.223,2.89021327936108e-14
COTL1,1.61252034048503e-18,-0.118192661050856,0.513,0.556,3.48868775663935e-14
EGR1,1.63607930414575e-18,-0.795355919061603,0.078,0.107,3.53965757451932e-14
NR4A2,1.78710454683894e-18,0.264835488461102,0.492,0.448,3.86640068708605e-14
AP2S1,1.95654290335081e-18,-0.277797430048232,0.264,0.309,4.23298057139949e-14
P2RY8,2.02703458063684e-18,0.227010327495289,0.454,0.409,4.3854893152078e-14
SKIL,2.04561459633127e-18,0.572792162242368,0.1,0.07,4.42568717916271e-14
CIRBP,2.20678386388845e-18,0.118354979464868,0.818,0.783,4.77437688952267e-14
PLPBP,2.36138654740871e-18,-0.482036134775556,0.082,0.112,5.10885979531875e-14
IRF7,2.38013599050337e-18,-0.33103638246138,0.184,0.225,5.14942421545405e-14
TXK,2.41559331498998e-18,0.386374037020108,0.185,0.146,5.22613613698081e-14
BLVRA,2.74537734039256e-18,-0.523571118603929,0.105,0.138,5.93962387593929e-14
IL32,3.11299051073522e-18,-0.250144954578591,0.628,0.638,6.73495496997566e-14
CFD,3.26384071277829e-18,-0.410924749457189,0.119,0.154,7.06131938209583e-14
ISG15,3.31930112649673e-18,-0.510701357109644,0.207,0.246,7.18130798717567e-14
FAM118A,3.74099281809788e-18,-0.34743480559254,0.167,0.207,8.09363796195476e-14
AREG,4.32755018917018e-18,0.382145551996123,0.19,0.151,9.36265483426969e-14
TUBA4A,5.08710600778575e-18,0.279369825052688,0.364,0.32,1.10059538478445e-13
CPT1A,5.18269348941463e-18,0.461451853912405,0.114,0.082,1.12127573643486e-13
IL21R,5.24505309346767e-18,0.531237066341383,0.105,0.075,1.13476723677173e-13
SDCBP,7.02205893213801e-18,0.244617145660276,0.324,0.277,1.51922244996806e-13
MT1E,7.19150571402647e-18,-0.478687009487931,0.05,0.074,1.55588226122963e-13
IGSF6,7.92735590487508e-18,-0.585283243256112,0.074,0.102,1.71508345001972e-13
HLA-DPA1,7.94406544425316e-18,-0.312200688261142,0.428,0.473,1.71869855886417e-13
HNRNPA0,7.96864849067562e-18,0.149071564203937,0.617,0.57,1.72401710095767e-13
SLC3A2,8.27587975338492e-18,0.276888291536972,0.3,0.255,1.79048658464483e-13
CRYBG1,8.54784261194143e-18,0.364013995427388,0.199,0.16,1.84932574909353e-13
CD47,8.75733035149086e-18,0.216573453965148,0.42,0.372,1.89464842154505e-13
UCP2,9.17974068283082e-18,-0.210819698482222,0.523,0.564,1.98603689673045e-13
FAM177A1,9.92265269973846e-18,0.37749410481928,0.284,0.244,2.14676591158842e-13
IFNGR1,1.03648782902311e-17,0.358728696945417,0.24,0.2,2.2424414180915e-13
PSME1,1.06051102031415e-17,-0.146589441779183,0.733,0.758,2.29441559244967e-13
UPK3BL1,1.20241350708078e-17,-0.767113549228974,0.03,0.05,2.60142162256926e-13
KLF4,1.36978569417254e-17,-0.50275492740964,0.122,0.155,2.96353134934228e-13
RGS1,1.78192835980028e-17,0.583056963612819,0.109,0.079,3.8552020064279e-13
CD33,1.78544413844477e-17,-0.639221021500533,0.047,0.071,3.86280839352525e-13
EIF2S3,1.90164358503055e-17,0.180310775037396,0.468,0.419,4.1142058962136e-13
APOBEC3C,2.11133808629675e-17,-0.392753412925089,0.11,0.144,4.56787994970302e-13
PLK2,2.42407126675627e-17,1.05263360707775,0.033,0.017,5.24447818562719e-13
PNKD,3.08221515719916e-17,-0.35092205687793,0.165,0.203,6.66837249260037e-13
AP3M2,3.27306692344855e-17,0.494323525422513,0.101,0.072,7.08128028888095e-13
MARCH1,3.33786086510571e-17,-0.4487229820983,0.081,0.111,7.2214619816562e-13
GSTM1,3.33973677830387e-17,-0.667874176864635,0.042,0.064,7.22552051986042e-13
SH3YL1,3.36314800043301e-17,0.40653161550296,0.169,0.133,7.27617069893681e-13
NCF2,4.00714560587931e-17,-0.393132668496903,0.11,0.143,8.66945951831989e-13
CEBPZ,4.01036652771449e-17,0.268955432034499,0.264,0.221,8.6764279827103e-13
FGR,4.16504378906134e-17,-0.236637149511753,0.229,0.273,9.0110722376342e-13
AQP9,4.32448353707705e-17,1.16049624676973,0.03,0.015,9.35602013246619e-13
AK5,4.57208529264355e-17,0.721351879071439,0.056,0.035,9.89170653063433e-13
IL4R,4.59391828772908e-17,0.3132548201301,0.184,0.147,9.93894221550186e-13
SAT1,4.6135333578936e-17,-0.341140240361274,0.535,0.57,9.98137941980281e-13
CISD3,5.09581845506858e-17,-0.408159745772573,0.105,0.138,1.10248032275409e-12
CST3,5.34165123902036e-17,-0.330426043940517,0.176,0.214,1.15566624556205e-12
RAC2,5.50779271800634e-17,-0.13726198257215,0.71,0.744,1.19161095454067e-12
KLRC2,5.79133308679362e-17,0.517623809500274,0.107,0.078,1.2529549133278e-12
SMAD7,5.89304879323935e-17,0.582306355787765,0.085,0.059,1.27496110641733e-12
CD5,6.45300420078698e-17,0.252806796571333,0.319,0.274,1.39610745884026e-12
CD36,7.74787249362095e-17,-0.50789546547922,0.071,0.098,1.67625221399489e-12
CD8A,9.51637635392536e-17,-0.239926128906474,0.275,0.319,2.05886802417175e-12
CTSZ,1.16475735785367e-16,-0.465925413498539,0.098,0.128,2.51995254371641e-12
AVPI1,1.21441689486468e-16,0.793863558526723,0.046,0.027,2.62739095203973e-12
LEPROTL1,1.22285110001711e-16,0.186479234667795,0.549,0.507,2.64563835488702e-12
AC018755.4,1.26611580745816e-16,-1.7235954285148,0.004,0.013,2.73924154943573e-12
MGST1,1.53894349746023e-16,-0.714653759497013,0.033,0.053,3.32950425675521e-12
AC136475.1,1.54490340103366e-16,0.555927727566929,0.076,0.052,3.34239850813632e-12
BLVRB,1.82213620127405e-16,-0.455129762976026,0.121,0.153,3.94219167145642e-12
LAMTOR2,1.9049868910464e-16,-0.327257113368439,0.147,0.183,4.12143913877889e-12
NDUFA11,1.99949247633921e-16,-0.186421808518315,0.467,0.508,4.32590197255989e-12
SCO2,2.0787982495074e-16,-0.518921989428426,0.103,0.133,4.49748001280927e-12
OSER1,2.08744874690034e-16,0.296329637682526,0.234,0.194,4.51619536391889e-12
IL7R,2.10506991509085e-16,0.189554282264121,0.504,0.459,4.55431876129905e-12
NAPSA,2.19005747420893e-16,-0.581381145578344,0.048,0.071,4.73818934545101e-12
TMEM273,2.19885296707898e-16,0.964420525898675,0.033,0.017,4.75721839427536e-12
ARPC2,2.82685064746245e-16,-0.123130990649136,0.78,0.806,6.115891375785e-12
MYO1F,3.11539770406365e-16,-0.251609927080269,0.306,0.35,6.74016293274172e-12
PRMT2,3.53880136426269e-16,0.20295854892216,0.448,0.406,7.65619675158232e-12
BACH2,3.83911973529978e-16,0.42161555502799,0.181,0.146,8.30593554732107e-12
NR3C1,3.95347769861915e-16,0.279045260910675,0.336,0.293,8.55334900096252e-12
A1BG,4.16853475359377e-16,-0.378437512463436,0.112,0.144,9.01862493940012e-12
SATB1,4.34158254328316e-16,0.293424454372039,0.287,0.246,9.39301383239312e-12
RALGAPA1,5.68183204266068e-16,0.360920227387038,0.166,0.131,1.22926436242964e-11
IFI35,6.0304097034689e-16,-0.410509837650385,0.108,0.139,1.3046791393455e-11
CDC25B,6.24352013185613e-16,-0.269621693622287,0.292,0.333,1.35078558052707e-11
GRN,6.26672080131105e-16,-0.406758932578906,0.187,0.222,1.35580504536365e-11
ARPC5,6.47091742593326e-16,-0.202032256766311,0.372,0.415,1.39998298510066e-11
TNFSF13B,6.59648323029874e-16,-0.422763792187375,0.1,0.13,1.42714914687513e-11
TOMM7,6.6893476855327e-16,0.104924378218747,0.882,0.871,1.447240371765e-11
ARRDC2,7.98054583558881e-16,0.364774782916852,0.201,0.165,1.72659109152964e-11
METRNL,8.38531838647972e-16,0.397180661908255,0.149,0.117,1.81416363291489e-11
EMD,8.6490381815084e-16,0.204173287894838,0.418,0.374,1.87121941056934e-11
TRGV9,8.81564646498157e-16,0.5586035151177,0.077,0.053,1.90726511269876e-11
BIRC3,8.91429936501923e-16,0.409982575210971,0.162,0.128,1.92860866762191e-11
CEBPA,9.90742849244455e-16,-0.812330091028429,0.023,0.039,2.14347215434038e-11
HLA-DRA,1.03992956207024e-15,-0.166381357227821,0.31,0.357,2.24988760753896e-11
GSTO1,1.0594798476649e-15,-0.381947601224636,0.162,0.198,2.292184650423e-11
DNLZ,1.10460442177663e-15,-0.775995354061966,0.022,0.037,2.38981166651374e-11
LY86,1.19747464237002e-15,-0.412793185395836,0.099,0.128,2.59073638876755e-11
ADAM15,1.20151454904043e-15,-0.495780099280181,0.085,0.113,2.59947672684898e-11
ENO1,1.34205917285907e-15,-0.175036766402953,0.483,0.524,2.9035450204806e-11
JAML,1.34712627456099e-15,-0.328155369563656,0.144,0.179,2.91450769501271e-11
CBWD5,1.4220540337394e-15,0.513454124130518,0.09,0.064,3.07661390199518e-11
DOK2,1.48535410611591e-15,-0.268891988454319,0.237,0.277,3.21356360858177e-11
GSTK1,1.54567650902062e-15,-0.175988688850338,0.603,0.631,3.34407112726611e-11
SAMSN1,1.5752327229905e-15,0.495964715588168,0.246,0.212,3.40801599618994e-11
POLR2L,1.60925464872572e-15,-0.192152567808063,0.426,0.467,3.4816224325181e-11
NDUFS6,1.62772390838825e-15,-0.261931371779808,0.237,0.277,3.52158067579799e-11
ITGB2-AS1,1.79347868260458e-15,-0.309565289923488,0.184,0.22,3.88019112981502e-11
CEBPD,1.85250247437673e-15,-0.450947485775002,0.129,0.161,4.00788910331405e-11
DDX11,1.95663290319051e-15,0.642131747352405,0.052,0.033,4.23317528605268e-11
SPI1,2.03895664378982e-15,-0.192457023067427,0.161,0.199,4.41128269883927e-11
IRF5,2.14402519241071e-15,-0.51572510551581,0.052,0.074,4.63859850378057e-11
SNU13,2.29077212220739e-15,0.195244217582338,0.416,0.374,4.9560854863957e-11
MVP,2.39812559513164e-15,-0.250147746124032,0.211,0.251,5.1883447250673e-11
DHRS3,2.44025687060432e-15,0.602329826827695,0.065,0.043,5.27949573955245e-11
SLC38A1,2.48816049101495e-15,0.213238960570761,0.351,0.307,5.38313522231085e-11
ATP5MG,3.10873515086377e-15,-0.103415087054606,0.828,0.848,6.72574849889376e-11
LINC01954,3.13150587061102e-15,-1.58961011527059,0.004,0.011,6.77501295106694e-11
ATXN7,3.17793484827521e-15,0.366160453724973,0.157,0.124,6.87546204424341e-11
ENOSF1,4.05738992415509e-15,-0.442886868664926,0.079,0.106,8.77816310090955e-11
TMEM156,6.14648214823315e-15,-0.414523408712498,0.091,0.119,1.32979141277024e-10
CPNE7,6.51965048919188e-15,-1.5563539860994,0.003,0.011,1.41052638333666e-10
CARS,6.8713247967211e-15,-0.398407523096177,0.099,0.128,1.48661111977061e-10
TUBB6,7.10844994509779e-15,-0.901387656772735,0.02,0.035,1.53791314562191e-10
PNPLA8,7.68372769677849e-15,0.347368443504756,0.165,0.132,1.66237448719803e-10
RGCC,9.13944735342249e-15,0.296042514459866,0.255,0.217,1.97731943491295e-10
HLA-DRB1,9.31501735710388e-15,-0.173941287054821,0.415,0.457,2.01530400520943e-10
LRRK2,9.38826622009861e-15,-0.502359024042128,0.061,0.084,2.03115139671833e-10
ANXA5,1.00637851330183e-14,-0.206225538377336,0.275,0.318,2.17729991352851e-10
NCAM1,1.08016710698496e-14,1.0559937367904,0.027,0.014,2.33694153596196e-10
PDLIM2,1.0933127520896e-14,-0.300325520257197,0.185,0.221,2.36538213914585e-10
CSTB,1.12392621850737e-14,-0.197833327376873,0.303,0.345,2.4316143737407e-10
LIMD2,1.17225858344536e-14,-0.114767779320189,0.772,0.796,2.53618144528403e-10
ODC1,1.22292294492001e-14,0.218779339101826,0.261,0.221,2.64579379133444e-10
BCLAF1,1.30114206868654e-14,0.175905642453878,0.436,0.391,2.81502086560334e-10
PDE3B,1.59651967243869e-14,0.264028523110476,0.276,0.237,3.45407031132111e-10
CALHM6,1.64402651269523e-14,0.483632184641355,0.104,0.077,3.55685136021614e-10
GZMK,1.64494200289926e-14,-0.591319216323929,0.092,0.119,3.55883202327256e-10
DCTN6,1.68932918988164e-14,0.43996138143936,0.105,0.078,3.65486370230894e-10
NEAT1,1.87132537016234e-14,-0.381544153254848,0.5,0.534,4.04861243834623e-10
FP565260.1,1.90380641051642e-14,1.14297703838504,0.021,0.009,4.11888516915228e-10
RNF138,2.01806437133135e-14,0.256443708464216,0.274,0.235,4.36608226737538e-10
CCND3,2.27235564700938e-14,0.121190321923344,0.627,0.59,4.91624144230479e-10
CDKN2AIP,2.42456349718294e-14,0.336203317996269,0.15,0.119,5.24554312615528e-10
USP18,2.44791691837902e-14,-0.914512547396962,0.016,0.029,5.296068252913e-10
CARD9,2.53065482116559e-14,-0.650751485400506,0.032,0.05,5.47507170559176e-10
PLEKHA1,2.56546265929321e-14,0.349248514599493,0.151,0.12,5.55037846338085e-10
TSPYL2,2.75621269507221e-14,0.232649455292919,0.295,0.255,5.96306616578872e-10
NAIP,2.76549794457847e-14,-0.50928547911492,0.07,0.095,5.98315480309551e-10
IFIT1,2.80706346063979e-14,-1.32400266150606,0.009,0.019,6.0730817970942e-10
SRP14,2.8982599967863e-14,-0.113299130682543,0.768,0.792,6.27038550304716e-10
SIGLEC1,3.41414348283816e-14,-1.03977169616353,0.016,0.03,7.38649942512037e-10
GSDMD,3.4556124703448e-14,-0.323788228991093,0.155,0.188,7.47621757959097e-10
FBXO34,4.38927755953028e-14,0.448059307436507,0.102,0.076,9.49620200004376e-10
RPS6KA4,4.39341828748378e-14,-0.391183209927344,0.097,0.125,9.50516046497117e-10
ITGB7,4.59539690724494e-14,-0.252965945003366,0.252,0.29,9.94214120882442e-10
LINC00861,5.09616855473518e-14,-0.25112539086769,0.281,0.318,1.10255606681696e-09
PPP1R9B,5.9104851404884e-14,-0.403002636708996,0.096,0.123,1.27873346014467e-09
ETV3,6.58091214453953e-14,0.475992459782774,0.09,0.066,1.42378034247113e-09
AC004687.1,6.96379879193899e-14,-0.302410414496714,0.187,0.222,1.506617868636e-09
SYNM,7.06605736286924e-14,1.47830914590853,0.014,0.005,1.52874151045676e-09
PLXNB2,7.83661130763349e-14,-0.460345636125941,0.07,0.094,1.69545085640651e-09
ZC3HAV1,7.99900196757568e-14,0.200279493896792,0.384,0.344,1.730584075685e-09
SLC9A3R1,8.01100214223414e-14,-0.243569423154789,0.371,0.408,1.73318031347236e-09
TMED4,8.44042331913952e-14,-0.255314775314578,0.225,0.262,1.82608558509584e-09
HRH2,8.69827743060897e-14,-0.5067418480975,0.054,0.076,1.88187232211225e-09
CSTA,8.86346835709045e-14,-0.383632271525179,0.119,0.149,1.91761137905652e-09
SYK,8.88712924136802e-14,-0.394701967799754,0.112,0.14,1.92273041136997e-09
PSD4,8.95571805657161e-14,-0.359913715140444,0.1,0.128,1.93756960153927e-09
TSEN54,9.11571824349696e-14,0.301091657305625,0.224,0.189,1.97218564198057e-09
C5orf56,9.20814100336787e-14,-0.317189418459291,0.169,0.202,1.99218130607864e-09
LIPC,9.93656913479955e-14,1.8416099998205,0.01,0.003,2.14977673231388e-09
KLRK1,1.00884663969359e-13,-0.253162810947232,0.288,0.325,2.18263970497708e-09
NDUFB10,1.05632742670154e-13,-0.219719007400022,0.337,0.374,2.28536438766879e-09
ATP5MF,1.07738906687551e-13,-0.183711181600105,0.412,0.45,2.33093124618516e-09
RGS14,1.08704199365697e-13,-0.304490446271787,0.159,0.192,2.35181535327685e-09
ARHGEF40,1.12004652628608e-13,-0.599244123001199,0.036,0.055,2.42322065961994e-09
CAP1,1.12290261088287e-13,-0.176528024334952,0.482,0.518,2.42939979864508e-09
TK2,1.15613361670536e-13,-0.643064032713168,0.033,0.05,2.50129507974206e-09
C9orf139,1.16687233234378e-13,-1.1702569537725,0.008,0.017,2.52452829102577e-09
DNTTIP2,1.19258852145443e-13,0.257388246005473,0.254,0.217,2.58016526616666e-09
MYO15B,1.21220004105497e-13,-0.436038400963022,0.076,0.1,2.62259478882242e-09
PFKFB3,1.24801194348362e-13,0.396581541252857,0.158,0.128,2.70007383972681e-09
SERINC1,1.26874944786682e-13,0.251383416419036,0.266,0.229,2.74493943045987e-09
ARID3A,1.28780541841093e-13,-0.551100756842189,0.041,0.061,2.78616702273205e-09
ATP5PF,1.48889353668496e-13,-0.185025625596617,0.344,0.385,3.22122116661791e-09
SOD2,1.55285651625931e-13,0.556759097081812,0.306,0.274,3.35960507292701e-09
AL138963.4,1.65369856679748e-13,0.394701954317452,0.255,0.221,3.57777684926634e-09
HSPA9,1.70227112075685e-13,0.187268815761286,0.348,0.307,3.68286356975743e-09
NHLRC3,1.83217900627627e-13,-0.486700179234246,0.063,0.086,3.9639192800787e-09
LDOC1,1.83413820694946e-13,-0.658206582954669,0.028,0.045,3.96815801073517e-09
GADD45B,1.92290353984109e-13,0.239715277050468,0.451,0.414,4.16020180844621e-09
PTBP2,2.11949566943046e-13,0.620259235598542,0.054,0.036,4.5855288808128e-09
JUNB,2.19555069837238e-13,-0.109094645566784,0.93,0.933,4.75007393592865e-09
RNASE6,2.57700665876036e-13,-0.507127715391171,0.057,0.078,5.57535390622803e-09
AGO2,2.84201609770318e-13,0.431326479119798,0.1,0.075,6.14870182738083e-09
CALHM2,2.85091897345717e-13,-0.522472576183185,0.047,0.067,6.16796319907459e-09
NLRC5,3.04194336931205e-13,-0.295059234450701,0.173,0.206,6.58124447950662e-09
RHOA,3.09178678241336e-13,-0.106090948149298,0.766,0.786,6.6890807037513e-09
CTSH,3.18577037995139e-13,-0.381333883489424,0.146,0.176,6.89241421702483e-09
FCGR1A,3.41336518114469e-13,-0.685637003044365,0.026,0.041,7.38481556940654e-09
GIMAP5,3.5585788649069e-13,0.331108494615808,0.211,0.178,7.69898537422609e-09
LYPD3,3.72823780055878e-13,0.889427036610553,0.034,0.02,8.06604248150892e-09
SNRK,3.79284996958315e-13,0.246117017472199,0.247,0.211,8.20583090919314e-09
TVP23B,3.85843163921733e-13,0.43157095587998,0.093,0.069,8.34771685144669e-09
VSTM1,3.89607638670876e-13,1.42127820087215,0.014,0.005,8.42916126264439e-09
GPBAR1,4.27805974705434e-13,-0.60408423124928,0.036,0.054,9.25558226275206e-09
KLRB1,4.51028381821154e-13,0.13055008011885,0.224,0.187,9.75799904070067e-09
CYTH1,4.56726337090762e-13,0.167421906549008,0.485,0.447,9.88127430295863e-09
KLF3,4.91384855510219e-13,0.170017851151756,0.454,0.416,1.06311113489636e-08
BTG1,5.03168548596344e-13,0.102536639335389,0.91,0.892,1.08860515488819e-08
SNRPA1,5.05218760830354e-13,0.228129740146944,0.287,0.25,1.09304078905647e-08
SPOCK2,5.22694593441804e-13,0.122687667682466,0.498,0.45,1.13084975291134e-08
TRAF4,5.47623836953282e-13,0.409962887644312,0.076,0.054,1.18478417124843e-08
PDCD5,5.60084987521364e-13,-0.256509083510099,0.199,0.234,1.21174387050247e-08
NAGK,6.09833095081619e-13,-0.392331600108768,0.114,0.141,1.31937390120908e-08
IFIT5,6.53909950168059e-13,-0.511767361316198,0.047,0.067,1.4147341771886e-08
SLFN5,7.15184241451524e-13,0.284811973412276,0.191,0.158,1.54730110638037e-08
FOSB,7.20755647518804e-13,-0.321763037496474,0.397,0.427,1.55935484340693e-08
NCF4,7.34723552031338e-13,-0.368680480907944,0.088,0.113,1.5895744048198e-08
ABLIM1,7.51922102816831e-13,0.206066102245689,0.336,0.297,1.62678346944421e-08
MARCKSL1,8.05330730089151e-13,0.329186701365571,0.18,0.149,1.74233303454788e-08
TNFAIP2,8.57499072516044e-13,-0.284075736021985,0.101,0.129,1.85519924338846e-08
POMZP3,9.30236332498394e-13,0.712304015693219,0.041,0.026,2.01256630536027e-08
LRP1,9.31731604479201e-13,-0.440634332784081,0.088,0.113,2.01580132629075e-08
LST1,9.70547552830352e-13,-0.107864188765166,0.187,0.221,2.09977963054847e-08
LAIR1,1.08816424786629e-12,-0.367810124370192,0.093,0.119,2.35424335025872e-08
BDH1,1.09569854700892e-12,0.657263566832574,0.044,0.028,2.37054380645381e-08
CD28,1.21118170800313e-12,0.372160434307456,0.135,0.107,2.62039162526477e-08
L3MBTL3,1.30397427957181e-12,-0.480972007844462,0.057,0.078,2.82114835385361e-08
TNFSF10,1.31040496780666e-12,-0.560017200189983,0.075,0.098,2.83506114784971e-08
IL16,1.33886896535219e-12,0.199949321818209,0.317,0.278,2.89664300653947e-08
SMDT1,1.37750031868228e-12,0.150099720383061,0.545,0.509,2.98022193946912e-08
TFEC,1.53595545152882e-12,-0.681383573665487,0.025,0.039,3.3230396193826e-08
ELOB,1.57864101102411e-12,-0.131559727031653,0.62,0.65,3.41538982735066e-08
PGGHG,1.69195469748006e-12,0.32830838286178,0.135,0.107,3.6605439879981e-08
PHLDA1,1.74490656334629e-12,0.872168083243641,0.052,0.035,3.7751053497997e-08
MRPL52,1.82869268213113e-12,-0.246577308197354,0.207,0.241,3.95637661779071e-08
APOBEC3G,1.97244291721913e-12,-0.305422902971145,0.154,0.184,4.2673802514036e-08
NUCB2,2.0875580554366e-12,-0.259162878273147,0.247,0.282,4.51643185293709e-08
RGS16,2.12902108919845e-12,1.53090269204664,0.012,0.004,4.60613712648085e-08
TAF7,2.24253389676043e-12,0.20390792227606,0.289,0.251,4.8517220856412e-08
CD68,2.31345502935105e-12,-0.177620876146574,0.142,0.174,5.005159956001e-08
EIF5,2.48404130378937e-12,0.157155347680616,0.477,0.44,5.3742233607483e-08
ADA2,2.51480080226954e-12,-0.311080914597334,0.175,0.206,5.44077153571014e-08
HSP90AB1,2.65172168317505e-12,0.120003787024227,0.707,0.671,5.73699986154922e-08
XBP1,2.65739099780375e-12,0.222424046081095,0.336,0.299,5.74926542374842e-08
NRG1,3.05454696964535e-12,-0.753905262672057,0.021,0.035,6.60851236882772e-08
KIAA0930,3.11584954981985e-12,-0.505503802482701,0.051,0.07,6.74114050103524e-08
C4orf48,3.26315827849354e-12,-0.271914991265154,0.227,0.26,7.05984293552078e-08
NCF1,3.33285159805927e-12,-0.315827216422768,0.25,0.283,7.21062443240122e-08
EML4,3.55788757591487e-12,0.18823660668846,0.398,0.359,7.69748977049183e-08
P2RY13,4.07735171903797e-12,-0.958067591263388,0.015,0.026,8.82135044413865e-08
GNG5,4.18652678524677e-12,-0.1413605382893,0.386,0.43,9.05755069988139e-08
PARP10,4.46571813648548e-12,-0.293463153439918,0.148,0.178,9.66158118828633e-08
NAA38,5.03271442928421e-12,-0.24423726904135,0.243,0.277,1.08882776677564e-07
AC037198.1,5.17319600736854e-12,1.42127820087215,0.013,0.005,1.11922095619418e-07
ROBO3,5.36835437553425e-12,0.890512994539803,0.025,0.013,1.16144346914684e-07
AC104695.4,5.54946110475165e-12,-0.867699472213928,0.013,0.024,1.20062591001302e-07
AFAP1,5.80990096368447e-12,0.994366601305011,0.02,0.01,1.25697207349313e-07
S100A12,5.92954453315162e-12,-0.146907286525205,0.099,0.126,1.28285695974735e-07
PAK1,5.99435351261093e-12,-0.371850722132367,0.09,0.114,1.29687838245337e-07
PRDX5,6.83441833137962e-12,-0.193674739824177,0.334,0.369,1.47862640599398e-07
TRAV38-2DV8,8.48145764958749e-12,0.764955879149964,0.025,0.013,1.83496336248825e-07
DMXL2,8.68130384711005e-12,-0.34143450720362,0.082,0.105,1.87820008732226e-07
COX5B,8.8222660207015e-12,-0.141318547859108,0.581,0.607,1.90869725357877e-07
DDX17,9.26588948763573e-12,-0.183920090182968,0.403,0.438,2.00467519064999e-07
STK38,9.27324004439638e-12,-0.245387172906528,0.24,0.274,2.00626548360516e-07
NRGN,9.69696386533522e-12,-0.179560058850329,0.059,0.08,2.09793813226527e-07
TUBA1A,9.96193144734181e-12,-0.186667617849849,0.562,0.588,2.1552638686324e-07
CASP1,1.0505209495892e-11,-0.25069189216965,0.18,0.212,2.27280207443623e-07
JAK1,1.1010005594153e-11,0.124981848124844,0.586,0.55,2.38201471029499e-07
APOBR,1.19913404610722e-11,-0.486437341889826,0.055,0.075,2.59432650875297e-07
GNAI2,1.20938931491925e-11,-0.205944377117374,0.33,0.364,2.61651378282779e-07
NPEPL1,1.27053716109268e-11,-0.430551350326062,0.059,0.079,2.74880714802401e-07
MYL12B,1.29224760796736e-11,-0.123316722397834,0.627,0.657,2.79577769983739e-07
HLA-DMB,1.29652830294757e-11,-0.296286393916651,0.131,0.159,2.80503898342708e-07
TRAF3IP3,1.31698116299183e-11,-0.171427778150147,0.45,0.484,2.84928874613282e-07
HSP90AA1,1.34523488368145e-11,-0.116205836662468,0.66,0.69,2.91041567084482e-07
SNHG17,1.42651967680677e-11,0.319425386058649,0.133,0.107,3.08627532077144e-07
JDP2,1.44540742272221e-11,-0.508018807784651,0.044,0.062,3.12713895905951e-07
IFITM2,1.48726856153684e-11,-0.173997235528141,0.698,0.721,3.21770553288495e-07
CFP,1.49600030704936e-11,-0.328100457941219,0.143,0.172,3.23659666430128e-07
UQCR10,1.50398721470462e-11,-0.160947351052056,0.436,0.472,3.25387633901346e-07
PLEK,1.50679027874203e-11,-0.11913324356045,0.23,0.267,3.25994076805837e-07
OPTN,1.53937694703903e-11,-0.273905976802081,0.211,0.242,3.33044202491893e-07
SP110,1.59734057024445e-11,-0.216343249121573,0.26,0.294,3.45584632372387e-07
BRI3,1.87379502725529e-11,-0.331807058657336,0.14,0.168,4.05395554146681e-07
SPSB2,1.93241403415388e-11,-0.879511126957065,0.012,0.023,4.18077776289192e-07
ROGDI,2.03361389751124e-11,-0.483751064406075,0.048,0.066,4.39972366726558e-07
PLEKHF1,2.03982104309468e-11,0.463145057417788,0.087,0.066,4.41315282673535e-07
ARFIP1,2.06709452380745e-11,-0.495502687654698,0.044,0.061,4.47215900225742e-07
NBPF1,2.07020530633401e-11,0.665404144155876,0.042,0.027,4.47888918025362e-07
FABP5,2.10591932686878e-11,-0.447016119916031,0.061,0.081,4.5561564636806e-07
LTB,2.13970750475847e-11,-0.297541253028598,0.526,0.534,4.62925718654496e-07
MAD1L1,2.23148523585507e-11,-0.250400580742856,0.179,0.21,4.82781830777244e-07
MLKL,2.29150208092032e-11,-0.496157018098558,0.045,0.063,4.95766475207112e-07
ADK,2.29401833373156e-11,0.255861276394565,0.181,0.151,4.96310866502823e-07
GRASP,2.61463056895395e-11,0.401831300983798,0.114,0.09,5.65675323593187e-07
ENTPD1,2.62154766809978e-11,-0.519661814754997,0.038,0.055,5.67171837993387e-07
AZIN1,2.64543762163102e-11,0.273405404835149,0.177,0.147,5.72340429439871e-07
C2orf74,2.68683600034813e-11,-0.535365429933471,0.034,0.049,5.81296968675319e-07
SNX10,2.77877105010822e-11,-0.346239422108051,0.111,0.137,6.01187116690914e-07
RNF181,2.81590390033419e-11,-0.227770803009978,0.222,0.255,6.09220808837303e-07
LRRFIP1,2.90272918445036e-11,-0.139082844771848,0.5,0.532,6.28005459055836e-07
MYADM,2.93699706269318e-11,-0.25369763275859,0.203,0.235,6.3541931451367e-07
UBXN11,3.31418128100706e-11,-0.264844532837535,0.175,0.205,7.17023120145877e-07
REL,3.44055075954089e-11,0.222396093208681,0.344,0.311,7.44363156826672e-07
SETD2,3.44481113438851e-11,0.247191976351994,0.227,0.196,7.45284888924953e-07
IFITM1,3.4784883901149e-11,-0.183238930600512,0.787,0.782,7.52570963201358e-07
U62317.4,3.83506905202767e-11,-1.00286150551395,0.009,0.017,8.29717189406185e-07
ZNF683,4.05890727532983e-11,0.40545627849823,0.058,0.041,8.78144589017608e-07
NDUFB7,4.07859228239203e-11,-0.188985051083513,0.326,0.36,8.82403440295515e-07
OAS2,4.10644749364496e-11,-0.409480247904817,0.07,0.091,8.88429915250088e-07
CREB5,4.31422715354555e-11,-0.628728468235152,0.025,0.038,9.33383044669579e-07
CCT3,4.47738517620656e-11,-0.207329480072223,0.238,0.272,9.68682282872289e-07
NSG1,4.54850407015393e-11,0.395116613915405,0.094,0.072,9.84068855577804e-07
PTGDS,4.58102626138094e-11,0.209095169702727,0.054,0.038,9.91105031649766e-07
GTSF1,4.59275702116987e-11,-0.934438207471499,0.012,0.022,9.936429815301e-07
CAPZB,4.93065286270134e-11,-0.135979788008038,0.573,0.602,1.06674674684543e-06
APBA2,4.96588051758144e-11,0.349800583520052,0.123,0.098,1.07436824997874e-06
GLIPR1,5.05194890606958e-11,-0.200261153596815,0.256,0.289,1.09298914582815e-06
NRROS,5.2125998773527e-11,-0.343117564134398,0.098,0.122,1.12774598346526e-06
TIGIT,5.23181286675906e-11,-0.442158273110826,0.05,0.068,1.13190271372332e-06
UQCR11,5.28085993157043e-11,-0.120553647374464,0.656,0.678,1.14251404619526e-06
RAB8B,5.31499789240485e-11,0.294769908555653,0.166,0.138,1.14989979402179e-06
BET1L,5.37204567789018e-11,0.294288461015988,0.165,0.137,1.16224208241154e-06
HDAC9,5.5149832235642e-11,-0.496658945620104,0.044,0.062,1.19316662041812e-06
RAB31,5.60549191561298e-11,-0.269738870563949,0.105,0.13,1.21274817594287e-06
PELI1,5.88198944462335e-11,0.265940936678277,0.264,0.231,1.27256841634426e-06
RSRC2,5.94072603174859e-11,0.184145391979863,0.316,0.28,1.28527607696881e-06
ARRB2,6.0800003458161e-11,-0.159793724936696,0.431,0.464,1.31540807481731e-06
CHN2,6.13859807162469e-11,-0.624611197639912,0.029,0.043,1.328085692796e-06
ALDH2,6.54495400640271e-11,-0.367459823603391,0.088,0.111,1.41600079928523e-06
SLC39A8,6.74625193821639e-11,0.452213327836746,0.073,0.054,1.45955160683312e-06
HK1,6.88763879663098e-11,-0.267076496534244,0.148,0.177,1.49014065365111e-06
CDK17,7.01068637310164e-11,0.286229658194059,0.211,0.181,1.51676199682054e-06
AUTS2,7.13705675797792e-11,0.455824534274253,0.08,0.06,1.54410222958852e-06
CTSS,7.48645346182914e-11,-0.139658386072021,0.362,0.397,1.61969420646673e-06
RBP7,7.74855324192084e-11,-0.43295643330394,0.058,0.078,1.67639949388957e-06
MCL1,7.92544025504455e-11,-0.171482924354792,0.476,0.509,1.71466899917889e-06
KMT2E-AS1,7.96081159676986e-11,-0.312468886569607,0.114,0.139,1.72232158896116e-06
ATL1,9.48072776705353e-11,1.22863312292975,0.013,0.006,2.05115545240203e-06
PDCD4,1.01127870350482e-10,0.189387875324637,0.352,0.317,2.18790147503269e-06
TRIM69,1.01476715701916e-10,-0.454711624511547,0.047,0.065,2.19544874421095e-06
OSCAR,1.01576933758126e-10,-0.566137463527863,0.041,0.058,2.19761696185705e-06
PARP9,1.06965776947374e-10,-0.391573811116395,0.077,0.098,2.31420458425643e-06
HIGD2A,1.07940057582371e-10,-0.125878329237915,0.572,0.602,2.33528314579459e-06
GSPT1,1.16221982375998e-10,0.305800983452211,0.16,0.133,2.51446258870471e-06
MPHOSPH10,1.16811245378955e-10,0.336122705291548,0.122,0.098,2.52721129377369e-06
KDM6B,1.17478348937043e-10,0.355417614107018,0.171,0.143,2.54164407925293e-06
LDHA,1.20204121545112e-10,0.191223675939937,0.493,0.464,2.6006161696285e-06
NCL,1.24434131015271e-10,0.133050717934731,0.616,0.587,2.69213242451538e-06
SP3,1.27106750105839e-10,0.22938541909489,0.22,0.189,2.74995453853984e-06
ST3GAL6,1.31998110969816e-10,-0.998939537512378,0.007,0.015,2.85577913083196e-06
FEM1A,1.44744570421172e-10,0.452520111216652,0.065,0.047,3.13154878106206e-06
RSU1,1.47753233804958e-10,-0.278482186352364,0.17,0.199,3.19664121337027e-06
RNF135,1.49373297253851e-10,-0.461793775218256,0.05,0.067,3.23169128608706e-06
PLEKHO1,1.52572735796877e-10,-0.347908210103026,0.109,0.134,3.30091113896544e-06
SNRPG,1.538893877448e-10,0.161444137669334,0.369,0.332,3.32939690385874e-06
RORA,1.58358514786475e-10,0.205947839294266,0.281,0.249,3.42608646740538e-06
LY96,1.63076441742337e-10,-0.441100016839314,0.064,0.084,3.52815881709546e-06
GBP4,1.66320069322804e-10,-0.365247442406804,0.094,0.117,3.59833469979886e-06
ZNF268,1.66797033627859e-10,0.656363035811752,0.038,0.024,3.60865382253873e-06
SESN3,1.72231033837818e-10,0.384071968767039,0.127,0.103,3.72621841708119e-06
RSL1D1,1.73820162176794e-10,0.156512457837139,0.444,0.409,3.76059920869494e-06
ODF3B,1.83598634439835e-10,-0.373713536676249,0.098,0.121,3.97215645610583e-06
COX5A,1.84466707216058e-10,-0.161050201909132,0.378,0.412,3.99093721061943e-06
POLR2E,1.84611580956888e-10,-0.181615299726703,0.263,0.297,3.99407155400227e-06
CD3D,1.87741245258483e-10,-0.193829902274334,0.515,0.532,4.06178184116729e-06
NDUFS7,2.01629523575806e-10,-0.202191806923074,0.272,0.305,4.36225474256257e-06
RYBP,2.03415392268282e-10,0.426603770008817,0.073,0.054,4.40089201172429e-06
RNMT,2.03544340752028e-10,0.214673873776486,0.25,0.218,4.40368181217013e-06
KLRF1,2.0453232340647e-10,0.346784474648012,0.084,0.063,4.42505681689898e-06
SPAG7,2.06998638237014e-10,-0.256918456286994,0.155,0.183,4.47841553825781e-06
POU2F2,2.08977733654292e-10,-0.21830446081538,0.204,0.235,4.5212332676106e-06
RNF31,2.10076210731301e-10,-0.419243585120657,0.052,0.07,4.54499881917169e-06
TMEM205,2.25880126539402e-10,-0.325989056961365,0.098,0.122,4.88691653767996e-06
TP53BP2,2.29289752627485e-10,0.423119547696315,0.084,0.064,4.96068379809565e-06
GSTP1,2.33474380674315e-10,-0.229896416618012,0.473,0.495,5.05121822588881e-06
FGL2,2.41684135900985e-10,-0.311015233167989,0.129,0.154,5.22883628021782e-06
OSTF1,2.43790272151421e-10,-0.185838591393064,0.306,0.34,5.274402537996e-06
HNMT,2.45005326858779e-10,-0.532981254061883,0.038,0.054,5.30069024658967e-06
CPSF6,2.50288333823834e-10,-0.268984245107271,0.143,0.17,5.41498810227865e-06
TUBB4B,2.59074880109883e-10,0.228334483950256,0.269,0.238,5.60508503117732e-06
ETF1,2.60280648817924e-10,0.262547003769908,0.184,0.156,5.63117183717579e-06
PPP1R15A,2.82505158574031e-10,-0.138010095141758,0.549,0.584,6.11199910574916e-06
SNX6,3.20130659217315e-10,-0.207053865249626,0.244,0.276,6.92602681216662e-06
RASSF4,3.22503037264693e-10,-0.421980062858774,0.072,0.092,6.97735321122164e-06
NDUFB2,3.48308353303274e-10,-0.143982629393425,0.441,0.474,7.53565122371633e-06
APAF1,3.52844451617085e-10,-0.444600225246505,0.054,0.071,7.63378971073563e-06
ZDHHC1,3.54196855372934e-10,-0.632005223026146,0.026,0.04,7.66304896599342e-06
DHRS4,3.55600513348876e-10,-0.307145999882551,0.108,0.132,7.69341710630294e-06
RAB32,3.6023143274076e-10,-0.486622096194282,0.043,0.059,7.79360704734634e-06
KIR2DL3,3.63842745546457e-10,0.730667100099162,0.041,0.027,7.87173779989759e-06
IRF8,3.65134788035088e-10,-0.246350743333998,0.101,0.125,7.89969113913914e-06
NMI,3.67910699727699e-10,-0.331059618670301,0.093,0.115,7.95974798860877e-06
FBLN5,3.69164700803737e-10,0.70102648026721,0.031,0.019,7.98687830188885e-06
SNAPC1,3.7431999174123e-10,0.666304657555179,0.034,0.022,8.0984130213215e-06
AL136419.3,3.75664472325793e-10,-0.815380789537349,0.013,0.022,8.12750085876854e-06
CARD16,3.76009243270277e-10,-0.196790726324706,0.258,0.291,8.13495997815245e-06
CCL3,3.83167280635054e-10,-0.324587951782507,0.071,0.091,8.28982411653939e-06
SDR39U1,3.97900506755846e-10,-0.229283855105548,0.199,0.228,8.60857746366273e-06
FBXO6,4.05442920299986e-10,-0.466157016809838,0.048,0.065,8.7717575806902e-06
NR4A1,4.10041449782307e-10,-0.685469057403375,0.141,0.164,8.87124676604021e-06
TSPAN32,4.46171517211648e-10,-0.21181294315261,0.19,0.221,9.65292077487401e-06
CLEC2B,4.48921908698047e-10,-0.180574321138907,0.376,0.408,9.71242549468225e-06
ALG13,4.54714163239075e-10,0.266827643844085,0.175,0.148,9.83774092167738e-06
LAT2,4.57705354540877e-10,-0.339042993352075,0.101,0.124,9.90245534549186e-06
DTX3L,4.60395086593221e-10,-0.411454597029061,0.071,0.091,9.96064769844434e-06
PIM1,4.61883864658479e-10,0.248227895156318,0.233,0.203,9.99285741188619e-06
YWHAH,4.65738618340505e-10,-0.349903108631973,0.089,0.111,1.00762550077968e-05
ZNF600,4.99173452689504e-10,-0.472369817955519,0.053,0.071,1.07996176489374e-05
GADD45A,5.43996135132277e-10,0.392283029607329,0.078,0.059,1.17693563835868e-05
NFKB2,5.53459949703444e-10,0.343595338967492,0.159,0.134,1.1974106011834e-05
ADSS,5.82541864715764e-10,0.272037689078928,0.179,0.151,1.26032932431255e-05
MLLT3,5.96071936705863e-10,0.308548601011377,0.143,0.118,1.28960163506314e-05
TGFBI,5.98062985158493e-10,-0.378066178445746,0.085,0.106,1.2939092683904e-05
SERPINB2,6.10320502335509e-10,1.0062407015933,0.019,0.01,1.32042840680287e-05
PHYKPL,6.15932454376039e-10,-0.228926735411902,0.19,0.219,1.33256986504256e-05
RRM1,6.44331327742476e-10,0.388684368476633,0.08,0.061,1.39401082757085e-05
MRPL40,6.45248659734445e-10,-0.335959040664473,0.099,0.122,1.39599547533547e-05
LUC7L3,6.49461686899553e-10,-0.203091566537704,0.249,0.28,1.40511035960718e-05
MAPK1IP1L,6.52836836753609e-10,0.161550202232467,0.364,0.33,1.41241249631643e-05
ATP6V1F,6.64755713487407e-10,-0.169748368941382,0.324,0.358,1.43819898613001e-05
DUS3L,6.82824424519695e-10,0.289736419206958,0.157,0.131,1.47729064244836e-05
OAS3,7.15356319556448e-10,-0.479517436874959,0.048,0.065,1.54767339736038e-05
LINC02482,7.1707298265758e-10,-0.763378109891654,0.014,0.023,1.55138739797967e-05
ARL14EP,7.8958796000889e-10,0.33431760333128,0.11,0.088,1.70827355147923e-05
HCK,7.97599095713713e-10,-0.250504085576828,0.104,0.127,1.72560564357662e-05
LILRB3,8.30768851583246e-10,-0.361456065612291,0.07,0.09,1.79736841040035e-05
SELENOH,8.36358944915802e-10,-0.149061597891382,0.394,0.427,1.80946257732534e-05
TWF2,8.63937243729915e-10,-0.20316115484947,0.229,0.26,1.86912822680967e-05
H2AFX,8.76151441412458e-10,0.308775480130514,0.13,0.106,1.89555364349585e-05
WTAP,8.85668479021134e-10,0.211770905742382,0.255,0.225,1.91614375436222e-05
GMFG,8.85805697740636e-10,-0.115590011647964,0.657,0.677,1.91644062706187e-05
GMEB2,9.06618506182389e-10,0.421278200872147,0.077,0.058,1.9614691381256e-05
ARRDC1,9.07445632399243e-10,-0.243628770221322,0.168,0.195,1.96325862569576e-05
NBPF20,9.08393087312028e-10,0.650357517335838,0.044,0.03,1.96530844439957e-05
CD48,9.26954513309363e-10,0.100821493201453,0.625,0.591,2.00546608954481e-05
S1PR3,9.39737993512666e-10,-0.937576463013572,0.011,0.02,2.03312314896465e-05
STAT4,9.45416945492014e-10,0.210091764960989,0.217,0.188,2.04540956157197e-05
TFEB,9.72852582108068e-10,-0.448727326616563,0.045,0.061,2.1047665613908e-05
LINC01410,9.86321200659879e-10,-0.820743027213234,0.012,0.022,2.13390591762765e-05
NEXN,1.00000782826347e-09,-0.892969156933592,0.01,0.018,2.16351693644803e-05
ZDHHC8,1.04754848175672e-09,-0.698093888332936,0.018,0.028,2.26637114028067e-05
CXCL2,1.08025991216228e-09,1.63786966931495,0.024,0.014,2.3371423199631e-05
STAT2,1.11013914288974e-09,-0.328990669200895,0.108,0.131,2.40178603564195e-05
RHOH,1.13079011576095e-09,0.161770986337589,0.389,0.355,2.44646441544881e-05
TRAPPC5,1.15708131203904e-09,-0.205182241605457,0.339,0.368,2.50334541859646e-05
PDE4A,1.16484398037486e-09,0.553676736377685,0.055,0.039,2.52013995154101e-05
BEX4,1.18364819504916e-09,0.273148116574303,0.175,0.149,2.56082286998886e-05
RNASE2,1.1874627979946e-09,-0.72499553250552,0.017,0.028,2.56907576346133e-05
BST2,1.25766897223177e-09,-0.196608111052444,0.294,0.326,2.72096682142343e-05
BIN2,1.29002662896763e-09,-0.166315982315775,0.514,0.538,2.79097261177147e-05
TSPO,1.32823318979075e-09,-0.367168297941327,0.427,0.444,2.8736325061123e-05
CYBB,1.32981968111371e-09,-0.237503816380604,0.138,0.164,2.87706488008951e-05
CTSC,1.37779054717213e-09,-0.166204842164555,0.26,0.292,2.9808498488069e-05
CIITA,1.42453999332998e-09,-0.326502676051895,0.071,0.091,3.0819922755694e-05
ASRGL1,1.43037621320454e-09,-0.690748416861965,0.018,0.028,3.09461893726803e-05
PNMA5,1.46597997050004e-09,-1.24168681185028,0.005,0.011,3.17164766617684e-05
RGS2,1.48115127075118e-09,-0.627090510518321,0.244,0.265,3.20447077427018e-05
PPBP,1.48552292971643e-09,-0.404793744232962,0.03,0.043,3.21392885844149e-05
EXOSC5,1.48720381137554e-09,-0.392786024946289,0.058,0.076,3.21756544591097e-05
CD44,1.61572395374261e-09,0.129934792836856,0.676,0.648,3.49561877392213e-05
ICAM1,1.65358342839044e-09,0.584336482826192,0.084,0.065,3.57752774732272e-05
CPVL,1.65409375466759e-09,-0.335275643409784,0.093,0.115,3.57863183822333e-05
TP53INP2,1.65839712125086e-09,0.544172889854566,0.046,0.032,3.58794217182624e-05
TRAPPC1,1.66157564397068e-09,-0.158338258967462,0.38,0.412,3.59481890573057e-05
BAIAP2-DT,1.67414508197885e-09,-1.00252950803443,0.007,0.014,3.62201288486124e-05
AC116407.2,1.71882876976142e-09,-0.639475830206949,0.021,0.032,3.71868604337884e-05
CISH,1.75771620885634e-09,0.932240120149526,0.023,0.013,3.80281901786069e-05
PTS,1.76047082950626e-09,0.347857131402777,0.107,0.086,3.80877863963679e-05
ZNF780A,1.76178093033657e-09,0.57307339820892,0.043,0.029,3.81161304278316e-05
MGMT,1.77161832857244e-09,-0.24568661779954,0.144,0.17,3.83289625386648e-05
SDCCAG8,1.82586762487164e-09,-0.307841309830883,0.095,0.117,3.9502646064098e-05
MRPL34,1.86757879628781e-09,-0.228201154269802,0.164,0.191,4.04050672576867e-05
AC006369.1,1.90930061805384e-09,-0.463382447352906,0.046,0.062,4.13077188715949e-05
IGLC1,1.91455007159065e-09,2.99497587549749,0.014,0.006,4.14212907988636e-05
ATF3,1.91513971731907e-09,-0.348264170052169,0.075,0.095,4.1434047784198e-05
NSF,1.95160701202247e-09,0.319398586852933,0.11,0.089,4.22230177051061e-05
KIR3DL1,2.04218516096343e-09,0.584564004951424,0.043,0.03,4.41826759574438e-05
PRKCD,2.04528583904412e-09,-0.331318702703401,0.099,0.121,4.42497591277195e-05
TTC3,2.06866536717466e-09,0.176903250269953,0.344,0.313,4.47555752188238e-05
SLC25A33,2.0870900718165e-09,0.444865021189762,0.071,0.053,4.51541937037501e-05
ATP8A1,2.09392870246009e-09,0.228339922026214,0.184,0.157,4.53021474777239e-05
ARHGAP30,2.12600945511645e-09,-0.168242817924833,0.305,0.337,4.59962145614444e-05
CD27,2.12771490880979e-09,-0.200235244206126,0.244,0.273,4.60331120520997e-05
GRK2,2.16274300465128e-09,-0.265745305085019,0.223,0.25,4.67909449056304e-05
CAPN1,2.17874631919701e-09,-0.255685785301447,0.153,0.18,4.71371766158273e-05
GLIPR2,2.20870044499099e-09,-0.218536058684215,0.203,0.232,4.778523412738e-05
MRPS21,2.21577133326099e-09,-0.145628767440807,0.36,0.394,4.79382127951016e-05
ERMN,2.23916539585813e-09,0.75258462807537,0.026,0.016,4.84443433393906e-05
ANKRD28,2.25119308076151e-09,-0.436547160924123,0.051,0.068,4.87045623022753e-05
GNB4,2.30745843463031e-09,-0.485612394736372,0.038,0.052,4.99218632332268e-05
SHISA5,2.34672786085255e-09,-0.185694792009665,0.347,0.376,5.0771457269545e-05
FYB1,2.395739576046e-09,-0.114315113179335,0.653,0.675,5.18318257277553e-05
MTR,2.4494777109346e-09,0.309632845043238,0.116,0.094,5.299445027607e-05
DHCR7,2.45548684168499e-09,0.589766970198941,0.042,0.028,5.31244578198547e-05
TPI1,2.4931056890886e-09,-0.132660707324727,0.496,0.526,5.39383415834319e-05
REC8,2.5015047260844e-09,-0.416514454406261,0.059,0.077,5.41200547488359e-05
NDUFA3,2.55738672192747e-09,-0.152482873022981,0.469,0.497,5.53290617289008e-05
NMT2,2.55815883992885e-09,-0.401061148905935,0.061,0.079,5.53457665018607e-05
ZBTB16,2.56124318432321e-09,0.324011171007009,0.096,0.075,5.54124962928326e-05
SPATS2L,2.56305408688125e-09,-0.616374340607251,0.022,0.034,5.54516751696758e-05
ASF1A,2.56847646041317e-09,0.385698221503052,0.087,0.067,5.5568988221039e-05
GYG1,2.61352140395319e-09,-0.287074230663085,0.111,0.134,5.65435355745273e-05
RAB24,2.62565308916616e-09,-0.215738635977721,0.173,0.201,5.68060045841099e-05
TMEM191B,2.71443390622379e-09,1.00116971204588,0.016,0.008,5.87267775611517e-05
RAB5A,2.74163580431149e-09,0.232213013205552,0.172,0.145,5.9315290626279e-05
TKT,2.82581313277692e-09,-0.172746773876564,0.377,0.404,6.11364671276287e-05
ZNF467,2.85208309833174e-09,-0.454986430705609,0.049,0.065,6.17048178324072e-05
TNFRSF1B,3.20794958486668e-09,0.213084095738675,0.347,0.316,6.94039892685905e-05
RFXANK,3.22675287197394e-09,-0.31486134400674,0.097,0.118,6.98107983851562e-05
C16orf87,3.30457008965555e-09,-0.278736257121168,0.098,0.12,7.14943738896978e-05
IRF3,3.30958747705924e-09,-0.236168947571234,0.158,0.185,7.16029250661766e-05
BNIP2,3.31397396123705e-09,0.163512315954532,0.323,0.291,7.16978266513636e-05
EIF3E,3.36912585886277e-09,0.108343565702733,0.669,0.647,7.28910379564959e-05
PLXDC1,3.44145501649307e-09,0.621883402432521,0.038,0.025,7.44558792818275e-05
CHROMR,3.44633019361025e-09,-0.808000606049541,0.012,0.021,7.45613537387577e-05
CD1D,3.48900439919615e-09,-0.471118844308824,0.04,0.055,7.54846101766087e-05
KLRC4,3.64922183542254e-09,-0.294955951709973,0.102,0.124,7.89509144093668e-05
CPNE5,3.79358877248935e-09,-0.626183152834122,0.026,0.039,8.20742930928071e-05
PTGER4,3.91689667426918e-09,0.216931218697843,0.295,0.266,8.47420595478138e-05
CERNA1,3.97480366987283e-09,0.63785329561328,0.036,0.024,8.59948773976986e-05
AC015912.3,4.00029474176556e-09,-0.564587514924217,0.036,0.05,8.65463767380978e-05
C11orf21,4.12704260487166e-09,-0.260013027099794,0.127,0.151,8.92885667563983e-05
TUFM,4.14933458046109e-09,0.151082196266553,0.379,0.347,8.97708536482756e-05
RELB,4.15240351111895e-09,0.276388301212303,0.227,0.2,8.98372499630584e-05
HIST1H1D,4.22133819769180e-09,-0.189861931729341,0.261,0.292,9.1328651907062e-05
RABGEF1,4.25940098286145e-09,0.426627465587514,0.073,0.055,9.21521402642075e-05
CXCL3,4.32956371816489e-09,2.10172101044753,0.013,0.006,9.36701110424974e-05
RSAD2,4.33675213511005e-09,-0.766735428338603,0.015,0.024,9.3825632443106e-05
TM4SF19,4.39254116662111e-09,1.25416821503689,0.012,0.005,9.50326281398476e-05
ARHGAP45,4.60480822769188e-09,-0.147736105914921,0.43,0.46,9.96250260061139e-05
NUTM2B-AS1,4.62867442290525e-09,0.233819569645086,0.186,0.16,0.000100141371139555
RGS18,4.6469068595036e-09,-0.662027394035979,0.038,0.052,0.00010053582990536
ZNF75A,4.89904460281181e-09,0.33628054786431,0.1,0.08,0.000105990829981834
PLXDC2,4.90693334200876e-09,-0.396681276416287,0.076,0.095,0.000106161502854359
NDUFB3,5.01551421091275e-09,-0.228639741689779,0.162,0.188,0.000108510649953097
PPARGC1B,5.09250635100544e-09,-0.664541167588857,0.017,0.027,0.000110176374904003
PLK3,5.14121335264221e-09,0.237882098045526,0.189,0.163,0.000111230150884414
CCS,5.32272806615639e-09,-0.236153938181455,0.165,0.191,0.000115157221711294
DDX60L,5.41232006346236e-09,-0.33337149908236,0.083,0.103,0.000117095544573008
UBE2B,5.54146544383675e-09,0.142644513452553,0.397,0.365,0.000119889604877408
ZC3H12A,5.73332371104871e-09,0.29559844153302,0.158,0.134,0.000124040458488539
LAT,5.75364657887329e-09,-0.198420086580156,0.385,0.409,0.000124480143733924
BRD7,5.77538372156291e-09,-0.275316210306826,0.119,0.142,0.000124950426816014
MAPKAPK5-AS1,5.97198957937211e-09,-0.249527565067466,0.157,0.183,0.000129203994549716
FAM78A,6.00611034173755e-09,-0.382778293388204,0.062,0.079,0.000129942197243492
PSMB4,6.11448677331905e-09,-0.228052073707584,0.177,0.204,0.000132286921340758
LINC02696,6.35881868317496e-09,-1.02532937740757,0.006,0.013,0.00013757304221049
C12orf75,6.39257341688541e-09,-0.231084206182961,0.243,0.271,0.000138303325874316
PHF3,6.40720060322314e-09,0.180252477759685,0.303,0.273,0.000138619785050733
LINC02273,6.4635884287333e-09,-0.369102520665544,0.058,0.075,0.000139839735655645
KIAA1324L,6.56442532196573e-09,1.23237552461557,0.011,0.005,0.000142021341840729
GBP1,6.73588965482291e-09,-0.335186054801426,0.081,0.101,0.000145730972682094
FBXW5,6.75022814328034e-09,-0.190474600736545,0.226,0.255,0.00014604118587987
FOXP1,6.79577426613592e-09,0.14777965317165,0.493,0.462,0.000147026576247851
AIF1,7.061296400248e-09,-0.228342581851407,0.267,0.294,0.000152771147619365
AGO4,7.13448936490805e-09,-0.396928999233122,0.051,0.067,0.000154354677409786
SEMA4D,7.13715285634818e-09,0.178663675704953,0.295,0.265,0.000154412302047093
AL662844.4,7.20926871426014e-09,-0.385087105250309,0.068,0.086,0.000155972528633018
ETFDH,7.34097915866696e-09,0.394391566573325,0.073,0.056,0.00015882208409776
MARCO,7.36183192361879e-09,-0.898941551552855,0.009,0.017,0.000159273233667493
SERTAD2,7.44140579946358e-09,-0.253216708289553,0.123,0.146,0.000160994814471394
SAMD9L,7.77496876690116e-09,-0.371705685337651,0.083,0.103,0.000168211449271907
HBEGF,7.89412355550393e-09,-0.343505337433822,0.076,0.095,0.000170789363123328
FES,7.89914167602114e-09,-0.335071303484639,0.061,0.079,0.000170897930160717
CTSA,8.22968491420229e-09,-0.243188476226347,0.177,0.203,0.000178049233118767
PLEKHA2,8.53272904116362e-09,0.273995972375432,0.153,0.129,0.000184605592805575
AC025159.1,8.54595771775181e-09,-0.310004236282584,0.086,0.106,0.00018489179522356
ELF1,8.54821940233366e-09,0.112470604793486,0.47,0.438,0.000184940726769489
RSRP1,8.65685354695832e-09,-0.147163095761503,0.449,0.478,0.000187291026488443
TNFRSF13B,8.75398147223625e-09,-0.662178030220376,0.018,0.028,0.000189392389151831
RAB4B,8.97084084694912e-09,-0.295440629547784,0.086,0.106,0.000194084141723744
TNFAIP6,9.05199236513577e-09,1.40216937792444,0.01,0.004,0.000195839854819712
XRCC5,9.22482532606911e-09,-0.160837623627681,0.331,0.36,0.000199579095929505
CD320,9.23862722256841e-09,0.355051865584109,0.124,0.102,0.000199877699960268
RNF167,9.58795224003589e-09,-0.182240118877253,0.244,0.274,0.000207435346713177
FNBP4,9.66938621354063e-09,0.154713923239818,0.36,0.329,0.000209197170729951
FLNA,9.8163312203546e-09,-0.124176076173752,0.537,0.567,0.000212376325952372
BMP2K,9.89127488069287e-09,-0.527496475772679,0.028,0.04,0.00021399773204379
TRABD2A,1.01288443140333e-08,0.252284390994396,0.16,0.136,0.000219137546734111
LSM10,1.02924303682496e-08,-0.253341453153384,0.14,0.165,0.00022267673101708
ZNF385A,1.04819134101829e-08,-0.304792670000085,0.087,0.107,0.000226776196629306
ANKRD37,1.08382549219606e-08,0.448125759737068,0.061,0.045,0.000234485645236617
VAMP5,1.1013108938738e-08,-0.246562638653438,0.222,0.249,0.000238268611889596
MTIF3,1.11047720414454e-08,-0.258396599951085,0.107,0.129,0.000240251743116671
SNX17,1.12703050238045e-08,-0.190034708260161,0.244,0.273,0.00024383304919001
SF3B1,1.14238077150219e-08,0.125936230680068,0.462,0.429,0.000247154079914499
IL2RG,1.15814609435392e-08,-0.153614611517659,0.588,0.599,0.00025056490751347
CD1C,1.1731519556264e-08,-0.595323766464983,0.014,0.023,0.000253811425599771
ARL6IP4,1.18154048986707e-08,-0.116770999743842,0.534,0.562,0.00025562628498274
NFE2,1.19478393719463e-08,-0.658260564113061,0.021,0.031,0.000258491504812059
PSMB8,1.20413931412158e-08,-0.155679990802104,0.417,0.445,0.000260515540610203
EIF4EBP1,1.21954840609153e-08,-0.317942359765472,0.092,0.112,0.000263849297657902
CHMP4A,1.23043856013591e-08,-0.216638294803706,0.179,0.205,0.000266205382485405
SRSF5,1.27476082058648e-08,0.102906510812861,0.737,0.717,0.000275794503533885
PHLDA2,1.34608335398942e-08,0.864512591981643,0.023,0.013,0.000291225133635611
BRD2,1.34713671054676e-08,0.161976940040834,0.386,0.356,0.000291453027326792
FCGR1B,1.35556499594807e-08,-0.876107709752424,0.009,0.017,0.000293276486873365
IKZF1,1.36867059156142e-08,0.157053830150665,0.437,0.41,0.000296111882484313
EHMT2,1.37287268067736e-08,-0.323599436728832,0.075,0.094,0.000297021004464547
KIF1BP,1.39304018007468e-08,0.832211301818254,0.019,0.011,0.000301384242959157
RNASEH2B,1.43168763647964e-08,-0.209702468766906,0.173,0.199,0.000309745620152371
AL627171.2,1.46194818849091e-08,-0.219710671634914,0.173,0.199,0.000316292490580008
MACO1,1.47034408760772e-08,0.35644675080773,0.087,0.069,0.00031810894335393
HLA-DMA,1.50371560943219e-08,-0.202573313242604,0.211,0.238,0.000325328872100655
HSPH1,1.51886991674499e-08,0.301515444427304,0.113,0.093,0.000328607506487778
NIFK,1.53557795871317e-08,0.277774377166764,0.147,0.124,0.000332222291367595
NABP1,1.57269566463426e-08,-0.48250648386855,0.058,0.075,0.000340252707043621
ALOX5,1.66198806410801e-08,-0.256328643781656,0.102,0.124,0.000359571117669768
ZBTB7B,1.68633101589022e-08,-0.414602419366747,0.056,0.073,0.000364837715287848
ZNF524,1.75114519448388e-08,-0.278347847240833,0.103,0.124,0.000378860262826587
UQCRC1,1.76654010050301e-08,-0.174228736734223,0.253,0.282,0.000382190950743827
ALDH16A1,1.76836621105762e-08,-0.276130505791831,0.091,0.112,0.000382586029762316
TNFAIP8L2,1.7742791515607e-08,-0.575163979714664,0.023,0.034,0.000383865294440157
NDEL1,1.78109247963361e-08,0.256027643646617,0.161,0.137,0.000385339357968731
PCK2,1.79102879829238e-08,-0.470739118254841,0.035,0.048,0.000387489080510557
AL133477.2,1.79271081685571e-08,-0.782255193212985,0.013,0.022,0.000387852985226732
PDCD1,1.80884513337249e-08,-0.602634419072182,0.018,0.028,0.000391343644605137
ATP5PD,1.81665226799974e-08,-0.147005558702379,0.395,0.424,0.000393032718181744
LAMTOR3,1.82468657853418e-08,0.310974878931997,0.098,0.079,0.00039477094126587
IFNG,1.8595782543913e-08,-0.331310917754565,0.039,0.053,0.000402319755337558
ACYP1,1.87301392851484e-08,-0.346869048542339,0.059,0.076,0.000405226563434187
ACSL1,1.88210181418027e-08,0.667426520900293,0.095,0.078,0.000407192727497901
CBLB,1.89131063538606e-08,0.195229301142298,0.264,0.237,0.000409185055965774
TMCC3,1.91935661391989e-08,0.58080803095208,0.038,0.026,0.000415252803421569
CD302,1.9381902122195e-08,-0.305430941605463,0.096,0.116,0.000419327452413688
TSC22D2,1.99414151762188e-08,0.312615805008522,0.114,0.093,0.000431432517337493
ADAMTSL4,2.00243403964311e-08,-0.592268330965801,0.023,0.034,0.000433226604476786
SDHA,2.04676044395828e-08,-0.164953942666929,0.281,0.31,0.000442816622050374
SKI,2.07663197752709e-08,0.336866057223356,0.087,0.069,0.000449279328337985
MEAF6,2.15692293641209e-08,-0.171798466575316,0.242,0.271,0.000466650277292755
BCL6,2.16751178163243e-08,-0.413873905779049,0.061,0.077,0.000468941173956177
DHX36,2.18543963934746e-08,0.222093766127518,0.191,0.166,0.000472819865972824
SAP25,2.30659736988191e-08,-0.391636246527359,0.052,0.068,0.000499032340973951
NR1H2,2.33186003573509e-08,0.188152018838581,0.275,0.247,0.000504497918731286
MPG,2.33189956793783e-08,-0.213209922904829,0.171,0.196,0.000504506471523349
MICB,2.33620245256985e-08,-0.376946351517058,0.057,0.073,0.000505437400613487
KLRC3,2.35947002183134e-08,0.474966071766135,0.041,0.029,0.00051047133922321
ANXA6,2.39328540179115e-08,-0.188070113794147,0.413,0.435,0.000517787296677515
NDUFB1,2.46123008695575e-08,-0.149979625875598,0.4,0.429,0.000532487129312876
CD69,2.4724646734964e-08,-0.158238754258145,0.559,0.574,0.000534917732110947
LINC02580,2.48484506993791e-08,-0.878845523696867,0.009,0.016,0.000537596230881066
SLA,2.5129405617145e-08,0.288994386693465,0.181,0.157,0.000543674690526931
GABPB1,2.57459418453851e-08,0.43807645203528,0.06,0.045,0.000557013451824907
CLYBL,2.57475002902607e-08,-0.66818342650419,0.017,0.026,0.000557047168779791
NDUFAF8,2.59778686197401e-08,-0.21702317554789,0.176,0.202,0.000562031187588078
B3GNT8,2.60128089677104e-08,-1.10809197388569,0.005,0.011,0.000562787122016414
CIB1,2.60830416478449e-08,-0.164229062548866,0.403,0.429,0.000564306606051124
TRIM39,2.62614018259805e-08,0.478124061276857,0.049,0.035,0.000568165428505089
RBM8A,2.64807953104022e-08,0.124199175204162,0.426,0.393,0.000572912006540551
RPS6KA1,2.66637740521923e-08,-0.21006655070687,0.176,0.201,0.00057687075161918
SNHG1,2.67029869443727e-08,0.164128010851248,0.345,0.315,0.000577719122541503
VASH1,2.68964788488529e-08,0.613923278814543,0.033,0.022,0.000581905319894932
DAXX,2.69352824816702e-08,-0.273151772486387,0.108,0.13,0.000582744836490935
LINC01128,2.77577431109248e-08,0.536471562896994,0.046,0.033,0.000600538772204859
GTF2H5,2.83144346616817e-08,-0.31896252532692,0.078,0.096,0.000612582793905484
JUND,2.87314069289017e-08,-0.214569738280758,0.374,0.401,0.000621603988906788
KRT72,2.91644218750583e-08,-1.2018674937369,0.005,0.01,0.000630972267266887
BCAP31,2.94513828307331e-08,-0.16205110402711,0.309,0.338,0.00063718066754291
LRIG1,2.99164248209114e-08,0.522457035239515,0.04,0.028,0.000647241851000418
LINC01637,3.01444723288869e-08,-0.871503548355699,0.009,0.016,0.000652175658835469
MRPS31,3.07861667934648e-08,-0.320812425471927,0.074,0.092,0.00066605871857661
PSTPIP2,3.11837118925778e-08,-0.323145465459,0.066,0.084,0.000674659606795921
BLOC1S1,3.22954780149921e-08,-0.154057688058596,0.373,0.401,0.000698712666854354
UAP1L1,3.2375103936102e-08,-0.597729913894938,0.021,0.031,0.000700435373657568
SIRPG,3.46420298489052e-08,-0.330532296644579,0.09,0.11,0.000749480315781063
TRIB1,3.51977737324989e-08,-0.482977704739313,0.045,0.059,0.000761503834702613
APOL1,3.54660977964745e-08,-0.532005300220823,0.022,0.033,0.000767309025826726
CTH,3.54824444701497e-08,1.14656198999072,0.011,0.005,0.00076766268611169
DENND6A,3.5962189157795e-08,0.252370003256884,0.141,0.119,0.000778041962428894
UTS2,3.59928034555119e-08,0.308098878879701,0.092,0.074,0.000778704302759999
BATF,3.760001350133e-08,-0.347917137975205,0.062,0.079,0.000813476292101274
SLC25A38,3.76342094621491e-08,0.252852103503252,0.138,0.116,0.000814216121713596
LGALS3,3.76726506005811e-08,-0.155380076995641,0.175,0.201,0.000815047795743571
HNRNPF,3.78739352412171e-08,0.140641842991488,0.35,0.319,0.000819402588943732
CHMP2A,3.84977452400918e-08,-0.196007279893988,0.181,0.207,0.000832898718269387
DGKQ,3.91727211861645e-08,-0.517058779244049,0.026,0.037,0.000847501822862669
SLC2A3,3.91788215109974e-08,0.104056205465339,0.519,0.488,0.000847633803390428
DYNLRB1,3.98669346584746e-08,-0.251869825601206,0.127,0.149,0.000862521131336098
FCER1G,4.03245827098474e-08,-0.139419521323011,0.208,0.235,0.000872422346927549
GPBP1,4.07421587206774e-08,0.150503447760465,0.322,0.292,0.000881456603921856
DBI,4.15439575197808e-08,-0.127696725728755,0.404,0.434,0.000898803520940458
ACP5,4.19767756091343e-08,-0.339376244510208,0.078,0.097,0.00090816754030362
ATP5ME,4.22867669639069e-08,-0.114827286258331,0.591,0.613,0.000914874203264126
IGKV2-30,4.24967906201053e-08,-0.479783045210134,0.01,0.004,0.000919418065065978
MAX,4.25057650646784e-08,0.117416290700092,0.326,0.296,0.000919612227174317
DNAJB6,4.2976765286651e-08,0.158869804217611,0.375,0.347,0.000929802316976695
SYNJ2,4.39853492573175e-08,0.343014421002055,0.078,0.061,0.000951623031182065
RASA2,4.44763754452742e-08,0.16594869899525,0.262,0.234,0.000962246382758508
CYC1,4.45794278359023e-08,-0.190384587258559,0.214,0.241,0.000964475921229745
TENT5A,4.46536580390208e-08,-0.355700204191861,0.08,0.098,0.000966081891674215
MGST3,4.52268657190845e-08,-0.193848007676353,0.201,0.228,0.000978483239832394
SPTY2D1,4.71780143890311e-08,0.279673390248862,0.126,0.105,0.00102069634130669
SERPINB9,4.75812730446375e-08,0.303921250233988,0.171,0.149,0.00102942084232073
AGPAT5,4.77894768970098e-08,0.367808929844223,0.088,0.07,0.00103392533266681
SMAD1,4.84282308646509e-08,0.818168353440731,0.018,0.01,0.00104774477475672
PAFAH1B1,4.88778784507235e-08,0.160865263258683,0.281,0.252,0.0010574729002814
LINC00653,4.99781859789931e-08,-0.519694223475804,0.025,0.036,0.00108127805365552
SREBF2-AS1,5.13101506553124e-08,-0.661446721371529,0.017,0.026,0.00111009510942768
LAMTOR4,5.21016894898027e-08,-0.150268294996739,0.496,0.518,0.00112722005211188
MSRB1,5.21086329376461e-08,-0.382985009792458,0.053,0.069,0.00112737027360597
NUP58,5.33807736215053e-08,0.187620953439884,0.224,0.197,0.00115489303730127
CSRNP1,5.34184124295252e-08,0.172890571002754,0.322,0.294,0.00115570735291278
CYBC1,5.37885125463343e-08,-0.196725037540225,0.198,0.224,0.00116371446893994
PRPF4,5.44860726917405e-08,0.391057258369219,0.065,0.05,0.00117880618268581
MRPS34,5.46408505017751e-08,-0.192111073438994,0.223,0.25,0.0011821548006059
COL18A1,5.48281458978316e-08,-0.490992949756379,0.036,0.049,0.00118620693649959
CD3G,5.6391228346051e-08,-0.194748019245468,0.422,0.443,0.00122002422526681
STAG3,5.65873746791998e-08,0.511527321174831,0.045,0.032,0.00122426785118449
LGALS9B,5.71277017333247e-08,-0.615247675152967,0.011,0.019,0.00123595782700048
LPAR6,5.72997711830961e-08,-0.372568415225949,0.058,0.074,0.00123968054954628
CMTM3,5.73763718681983e-08,-0.252151273987292,0.156,0.179,0.00124133780536847
PLEKHJ1,6.09282980786931e-08,-0.197845791311018,0.191,0.217,0.00131818372893252
ITGB1BP1,6.12918789004576e-08,-0.204545555574209,0.155,0.179,0.0013260498000114
RXRA,6.1333987674934e-08,-0.327051585269159,0.075,0.093,0.0013269608233472
SINHCAF,6.18390286170542e-08,0.230057367644908,0.147,0.125,0.00133788738412997
RASSF5,6.27581139162972e-08,0.141839832052032,0.369,0.338,0.00135777179457909
PBX4,6.29415302719166e-08,0.313376688636009,0.098,0.08,0.00136174000743292
CD248,6.31485427507722e-08,0.586277642593506,0.036,0.025,0.00136621872241296
ATG3,7.0219023517857e-08,-0.201403049233628,0.173,0.198,0.00151918857380884
ATP23,7.06810470936049e-08,-0.582679812696536,0.02,0.03,0.00152918445387014
TGFBR3,7.14183972197754e-08,0.236985238477822,0.152,0.13,0.00154513702384984
HHEX,7.27280673724566e-08,-0.339964084600705,0.049,0.064,0.0015734717376031
LTBR,7.31669573688166e-08,-0.418158900889232,0.045,0.059,0.00158296712267435
RIPOR1,7.47105780024317e-08,-0.346865397993589,0.07,0.087,0.00161636335508261
HIST1H1C,7.65869310008687e-08,0.196985109106914,0.21,0.185,0.0016569582522038
DDT,7.73964368486002e-08,-0.153169928148005,0.327,0.356,0.00167447191121947
RASGRP4,8.04114633196728e-08,-0.404779029493095,0.044,0.058,0.00173970200892112
AOAH,8.05598941892662e-08,-0.187103187232647,0.175,0.2,0.00174291331078477
TMEM8A,8.06784991684928e-08,-0.388618915747911,0.044,0.058,0.00174547932951034
KANSL2,8.1492268634611e-08,0.237252893443791,0.141,0.119,0.00176308523190981
H2AFY,8.43596144812149e-08,-0.19340403867001,0.238,0.265,0.00182512025930108
GOLPH3,8.57444151384249e-08,0.193415682059371,0.195,0.17,0.00185508042151982
TAP2,8.60488648031642e-08,-0.204008194820011,0.235,0.26,0.00186166719001646
TSHZ1,8.66104430035041e-08,0.355833847970763,0.073,0.057,0.00187381693438081
TNFRSF21,8.84279135011248e-08,1.12488519809192,0.011,0.005,0.00191313790859684
LAG3,8.9530498309114e-08,-0.388252635690563,0.078,0.095,0.00193699233091768
AC016831.5,9.0467384011349e-08,0.717671203652372,0.023,0.014,0.00195726185308554
ZNF718,9.05668565488607e-08,0.508741042122486,0.04,0.028,0.0019594139414346
CISD1,9.13122331495841e-08,-0.415144763768025,0.041,0.054,0.00197554016419125
PCBD1,9.2454585477953e-08,-0.378217122930727,0.05,0.064,0.00200025495681551
RB1CC1,9.43396293507666e-08,0.219487924562658,0.199,0.175,0.00204103788100384
APBB1IP,9.54993371053656e-08,-0.150837420293406,0.326,0.354,0.00206612815827458
JCHAIN,9.56756522655652e-08,0.680615126759287,0.054,0.04,0.0020699427367655
RESF1,9.66239815323579e-08,0.1445704323187,0.37,0.34,0.00209045984045256
TMF1,9.66963525913227e-08,0.190442180424231,0.195,0.17,0.00209202558831327
NDUFA2,9.67277050842032e-08,-0.162873660371094,0.295,0.323,0.00209270389949674
SLC25A43,9.69331912507867e-08,-0.606645800690292,0.017,0.026,0.00209714959271077
BRK1,9.79300764871196e-08,-0.132522656098004,0.401,0.429,0.00211871720479883
DDIT4,9.83007064944857e-08,-0.126482863652127,0.477,0.505,0.0021267357850082
IL7,9.91914555878382e-08,-1.11824132908784,0.005,0.01,0.00214600714164288
YBEY,1.09204568744669e-07,-0.319930617061399,0.075,0.092,0.00236264084479092
CYSTM1,1.1112470844922e-07,-0.447999206103797,0.037,0.049,0.00240418306729888
ACTR3,1.13579853474569e-07,-0.150644613231493,0.366,0.393,0.0024573001299223
CDCA7,1.14884116973153e-07,-0.672334849899346,0.018,0.028,0.00248551787071416
PDE8A,1.14987716316777e-07,0.326749519395331,0.07,0.054,0.00248775924251346
HK3,1.15991056550366e-07,-0.387348378421506,0.061,0.077,0.00250946650846716
PMAIP1,1.16225195062106e-07,-0.262803551102072,0.137,0.159,0.00251453209516865
FOSL2,1.19986939418166e-07,0.203046540187495,0.227,0.202,0.00259591743431202
ZNF91,1.20710762160252e-07,0.269906069624291,0.121,0.101,0.00261157733933705
WBP11,1.20943641640006e-07,0.154229434098467,0.264,0.236,0.00261661568688153
PARVB,1.21442904416729e-07,-0.331000448788563,0.067,0.083,0.00262741723705592
CCDC93,1.22701704768109e-07,0.310747520063299,0.092,0.074,0.00265465138265803
IL17RE,1.22869225742703e-07,-0.9863797680411,0.005,0.011,0.00265827569894338
SQOR,1.23559637670088e-07,-0.241205718770712,0.118,0.139,0.00267321276099236
HES4,1.2380956439688e-07,0.67719319480577,0.024,0.015,0.00267861992572649
TRAT1,1.25959015690418e-07,0.272288345964299,0.16,0.138,0.00272512330446219
EIF2AK2,1.26044253356165e-07,-0.244205447015303,0.163,0.186,0.00272696742136062
TIGAR,1.29240199711039e-07,0.365854162253455,0.064,0.049,0.00279611172074832
ABCA1,1.30553589764879e-07,0.395667557193109,0.062,0.048,0.00282452691456316
CASP8,1.34615921119586e-07,0.203134137464611,0.234,0.21,0.00291241545342225
RBCK1,1.35093646078251e-07,-0.193164485022598,0.258,0.284,0.00292275103290295
PARVG,1.36200115373459e-07,-0.177824833882248,0.224,0.25,0.00294668949610479
TEP1,1.39139162472573e-07,-0.434220549253098,0.038,0.051,0.00301027578009411
MALT1,1.40683413991991e-07,0.29270313930618,0.129,0.109,0.00304368566171672
MYO1G,1.42184345451869e-07,-0.160521041322839,0.361,0.387,0.00307615831385119
ARHGAP27,1.43518231971032e-07,-0.270569878724895,0.123,0.143,0.00310501694869328
TGIF2,1.4696480642394e-07,0.371988793875675,0.069,0.054,0.00317958358698195
GGNBP2,1.47519517647163e-07,0.159597468353148,0.322,0.295,0.00319158476429636
WAS,1.50717512872817e-07,-0.111980848099635,0.431,0.461,0.0032607733910034
ARHGEF2,1.51449059824395e-07,-0.25120624590211,0.128,0.149,0.0032766004093008
TAPBPL,1.52044250190388e-07,-0.292603780181018,0.083,0.101,0.00328947735286904
LINC00339,1.55172909572516e-07,-0.394297227990426,0.044,0.058,0.00335716589860138
LINC00539,1.55711037283303e-07,-0.849748995715178,0.008,0.015,0.00336880829162425
NEDD8,1.5717699811165e-07,-0.139174411793527,0.372,0.4,0.00340052435414555
IFRD1,1.58450777554711e-07,0.211379239296438,0.235,0.21,0.00342808257239616
KCNN4,1.61153229116607e-07,-0.484176162620853,0.03,0.041,0.0034865501119378
SMIM29,1.64321567299394e-07,-0.25485613659076,0.111,0.131,0.00355509710852238
PDIA6,1.65295315401219e-07,-0.185551905876617,0.235,0.261,0.00357616414870537
UTP25,1.65563864765305e-07,0.52835542343568,0.038,0.026,0.00358197421419738
AC011472.2,1.65765695368811e-07,-0.696903225476167,0.013,0.021,0.00358634081930422
FUT7,1.68469663491043e-07,-0.689365862811846,0.014,0.022,0.00364484116962872
ITGA4,1.74339555153659e-07,-0.169677461441514,0.409,0.434,0.0037718362757494
PYGL,1.74888074840317e-07,-0.442273519877645,0.041,0.054,0.00378370349917025
FCAR,1.75314388090719e-07,0.580798144434365,0.043,0.031,0.0037929267863427
NFKB1,1.77761548445195e-07,0.281938463906748,0.152,0.131,0.0038458711006118
CHIC2,1.79266505151297e-07,0.183728766593074,0.213,0.188,0.00387843083894831
SH3BP2,1.80694359128308e-07,-0.227087197424301,0.164,0.188,0.00390932245974094
TAGLN2,1.80966230212225e-07,-0.108985354939718,0.642,0.663,0.0039152043906415
VTI1B,1.82246781592007e-07,-0.217984877602099,0.165,0.188,0.00394290911974307
ALDH1A1,1.90798770333024e-07,-0.507609497008903,0.025,0.035,0.00412793139615497
BCL3,1.90799117546779e-07,0.354979807143644,0.118,0.099,0.00412793890812456
ZNF595,1.90803291143031e-07,0.559297986943172,0.031,0.021,0.00412802920387948
CAPNS1,1.90941935539809e-07,-0.224807323104027,0.168,0.191,0.00413102877540376
CLSTN3,1.91248309823503e-07,-0.448597805743516,0.047,0.061,0.00413765718303148
IL5RA,1.91587524204826e-07,1.08424321359458,0.01,0.005,0.00414499608617142
PF4,1.93910263599208e-07,-0.575722432058144,0.016,0.025,0.00419524855296888
RTF2,1.96720557452024e-07,-0.198816171309012,0.193,0.217,0.00425604926047454
DBN1,1.97506243038892e-07,-0.537888081619275,0.023,0.033,0.00427304756814643
PLEC,1.9765583664611e-07,-0.190969870794885,0.197,0.222,0.0042762840258386
CTLA4,1.97875747822561e-07,-0.460449562995353,0.037,0.049,0.00428104180414111
OXNAD1,2.00007267645264e-07,0.125569101892778,0.247,0.219,0.00432715723550528
PPP1CB,2.01500131934172e-07,0.213595028039538,0.236,0.211,0.00435945535439581
ZNF85,2.05846194494779e-07,-0.593569563535167,0.016,0.025,0.00445348241789455
IGHG2,2.1818742789133e-07,-1.46362082243006,0.014,0.022,0.00472048500242893
ATP2B1,2.18446926704089e-07,0.342287641065305,0.222,0.2,0.00472609925924297
NDUFA1,2.22150344941663e-07,-0.105498673234476,0.565,0.588,0.00480622271281288
PAX8-AS1,2.26877853357797e-07,-0.610936423993024,0.017,0.026,0.00490850235739595
HNRNPU,2.27928526813736e-07,-0.141813819765507,0.49,0.513,0.00493123367761518
NELFB,2.28647067650421e-07,-0.437167654913834,0.035,0.048,0.00494677930861685
GABARAPL2,2.35976218805782e-07,-0.156655121957674,0.297,0.324,0.00510534549386309
FIBP,2.3772626752853e-07,-0.209607018796049,0.162,0.185,0.00514320779797974
CX3CR1,2.38239195026068e-07,-0.366060915809179,0.048,0.061,0.00515430498438898
VNN1,2.38335892409873e-07,1.1233733351913,0.011,0.005,0.0051563970322876
JMJD6,2.3943796571709e-07,0.266673814871941,0.156,0.135,0.00518024038828925
PRR13,2.4023782520354e-07,-0.103918864243199,0.581,0.602,0.00519754534827859
GET3,2.40648485912126e-07,-0.223160778262508,0.129,0.15,0.00520642999270884
FGFR1,2.5162380722122e-07,0.827270560547984,0.015,0.008,0.00544388106923109
APOL6,2.52667254408506e-07,-0.225191706854662,0.151,0.173,0.00546645604912803
CAMK2D,2.54976028989566e-07,0.263716493597119,0.124,0.105,0.00551640638718925
OSGEP,2.61388428142794e-07,-0.231986336468728,0.113,0.133,0.00565513864286935
MN1,2.61883840509997e-07,1.19320363339215,0.01,0.004,0.00566585688943379
CXCR3,2.6205392453829e-07,0.489665175852396,0.049,0.037,0.00566953665738591
ECHS1,2.63784689818805e-07,-0.258428898089497,0.109,0.129,0.00570698176422984
SUPV3L1,2.6676116898571e-07,0.23884492755381,0.134,0.114,0.00577137789100584
CKLF,2.70439185966488e-07,-0.159560347424281,0.254,0.281,0.00585095178838496
ANTKMT,2.70488472189595e-07,-0.22111257989808,0.125,0.146,0.00585201809582188
POMC,2.70744976701856e-07,-0.379266189068565,0.04,0.052,0.00585756757094465
PCBD2,2.70813678333109e-07,-0.530968667679486,0.024,0.035,0.00585905393073682
STAU1,2.7753815058047e-07,0.194269151465329,0.196,0.172,0.00600453788780846
PGD,2.83058682297696e-07,-0.268381678515702,0.159,0.181,0.00612397459151065
USP9Y,2.83437114275488e-07,0.230916229975136,0.16,0.139,0.00613216196735018
THBD,2.86353040657817e-07,0.741187128122856,0.034,0.024,0.00619524803463186
CD81,2.88326437447041e-07,-0.336388302157491,0.069,0.085,0.00623794247416673
BUD13,2.89251212982614e-07,0.454325101806524,0.046,0.034,0.00625794999287884
CHCHD5,2.93599321063113e-07,-0.211911103844956,0.142,0.164,0.00635202131120044
ZFHX3,3.01160336908328e-07,-0.443277797556212,0.04,0.052,0.00651560388901167
PRORP,3.05406334507738e-07,0.267609695393684,0.121,0.101,0.00660746604707491
IL15RA,3.06550208880155e-07,-0.443649101632681,0.033,0.045,0.00663221376912216
MAPK8,3.06820796110301e-07,0.353955176028533,0.069,0.054,0.00663806792384637
ZFY,3.09921248237583e-07,0.333425529840316,0.071,0.056,0.00670514620562011
MSL2,3.10901248213451e-07,0.274453828566334,0.141,0.12,0.00672634850509802
TBXAS1,3.1706736021683e-07,-0.245886800379568,0.093,0.112,0.00685975233829112
CACNA2D3,3.19002364463004e-07,-0.924897440261893,0.007,0.012,0.0069016161551571
SELENOT,3.25827910541371e-07,0.148861766437772,0.284,0.256,0.00704928684456256
TCR-G,3.29315534140665e-07,-0.192765981710654,0.273,0.299,0.00712474158113329
DBR1,3.31978410595701e-07,0.698258889705534,0.022,0.014,0.00718235291323798
TMED2,3.37741226379154e-07,0.136542366479819,0.331,0.303,0.007307031432713
PLEKHG2,3.39631603393944e-07,-0.451138289531555,0.055,0.069,0.00734792973942798
RBM47,3.4008233554817e-07,-0.397374744100659,0.039,0.051,0.00735768132958466
TUBGCP5,3.40746033598576e-07,0.472215166097372,0.037,0.026,0.0073720404369052
GSTM3,3.54936921058709e-07,-0.537301871747872,0.023,0.033,0.00767906028710517
CCDC112,3.64190437965936e-07,-0.373252680827873,0.042,0.055,0.00787926012539302
MIR29B2CHG,3.68735182021227e-07,-0.424189879372064,0.031,0.043,0.00797758566302925
BCL2L11,3.69610542299363e-07,0.311653709697648,0.094,0.076,0.00799652408264672
AC116366.1,3.72480607048236e-07,-0.692738059419509,0.017,0.025,0.00805861793348858
PIP4P1,3.84210011693482e-07,0.217592647841465,0.159,0.138,0.00831238360298849
APLP2,3.86095563281171e-07,-0.187456847966242,0.191,0.215,0.00835317751158813
MED25,3.87270839713193e-07,-0.278997583964879,0.074,0.09,0.00837860461719492
VPS13C,3.95306893296319e-07,0.169095517310756,0.298,0.273,0.00855246463646586
CMPK2,4.07744576633044e-07,-0.564104703055671,0.027,0.037,0.00882155391545592
GCNT2,4.08890676872416e-07,-0.753326321510036,0.009,0.016,0.00884634979413472
TSG101,4.14857890593882e-07,0.300639278336432,0.091,0.074,0.00897545046299864
UBQLN1,4.2062306073515e-07,0.204727353717774,0.189,0.166,0.00910017991900496
MIR181A1HG,4.21038974283954e-07,-0.413662552857357,0.038,0.05,0.00910917820863335
COPE,4.21446391713149e-07,-0.13369263891993,0.37,0.396,0.00911799268471397
HMGN3,4.26680149228514e-07,-0.144611059026102,0.341,0.368,0.0092312250285589
RAB27A,4.36474479386529e-07,-0.227697036166506,0.137,0.158,0.00944312536152756
PLBD1,4.37275072848981e-07,-0.216151719743145,0.072,0.089,0.00946044620108771
CD300LB,4.37417953764361e-07,-0.46533999971011,0.026,0.036,0.00946353742969195
DLGAP1-AS1,4.42165952572148e-07,-0.440987794501816,0.034,0.046,0.00956626038389841
AC007032.1,4.56065784539356e-07,-0.56691249683822,0.02,0.029,0.00986698324850897
ESYT1,4.57406409188339e-07,-0.196153160579108,0.174,0.197,0.00989598766278971
PAG1,4.59686439755061e-07,0.217396083040562,0.219,0.196,0.00994531612410075
ASTL,4.63455520521685e-07,1.09935010598478,0.01,0.005,0.0100268601864866
LRPAP1,4.63817417228414e-07,-0.17418914706465,0.233,0.258,0.0100346898217367
ANK3,4.72302612053885e-07,0.361361528841662,0.068,0.053,0.0102182670117858
COPRS,4.73288100987751e-07,-0.851740293534269,0.008,0.014,0.01023958806487
EBPL,4.74686114998487e-07,-0.253995070887818,0.099,0.117,0.0102698340979923
SLC27A3,4.75807964798402e-07,-0.340195095531143,0.06,0.075,0.0102941053184134
PIM2,4.96491693723399e-07,0.215880262264119,0.221,0.198,0.0107415977937057
RIC8A,5.0162660743904e-07,0.246727690366892,0.147,0.126,0.0108526916519436
CENPN,5.0779861340018e-07,0.528000415016331,0.032,0.022,0.0109862230009129
WNT1,5.10513568852619e-07,0.898599978405333,0.015,0.008,0.0110449610621264
CDKN2A,5.24902269930046e-07,-0.633545823872375,0.016,0.024,0.0113562606099365
ANAPC11,5.28160506363881e-07,-0.159428308087951,0.283,0.309,0.0114267525551826
SLC25A32,5.33974579031909e-07,0.278935218477666,0.105,0.087,0.0115525400173554
AC240274.1,5.38084755191317e-07,0.949657173226935,0.013,0.007,0.0116414636785642
TST,5.42549528939025e-07,-0.62373153404542,0.015,0.023,0.0117380590585958
PILRA,5.72590049732171e-07,-0.120526717432881,0.093,0.112,0.0123879857259555
AC011445.2,5.86345122368342e-07,-0.649741262447871,0.012,0.019,0.0126855767224391
TCN2,5.88759690626104e-07,-0.66433051463669,0.013,0.02,0.0127378159066958
TNFRSF12A,5.89859379979875e-07,1.18377888714549,0.01,0.005,0.0127616076858646
CDA,5.92664070118812e-07,-0.298402263500432,0.063,0.078,0.0128222871570205
JMY,5.9605056228367e-07,0.307973621121547,0.094,0.077,0.0128955539150072
GPR146,5.98020374676101e-07,0.642618711815008,0.025,0.016,0.0129381708061175
OTUD1,6.24598108371405e-07,-0.459247690736972,0.051,0.065,0.0135131800746153
CD163,6.3034845024832e-07,-0.391220024461417,0.032,0.043,0.0136375887211224
RGS10,6.30804651316224e-07,-0.150541489947325,0.411,0.438,0.0136474586312265
CPQ,6.31236379231223e-07,0.288704041784168,0.099,0.081,0.0136567990646675
FOXN3,6.32092164141893e-07,0.140607284088173,0.301,0.274,0.0136753139712098
TAPBP,6.33224920220955e-07,-0.110358388384829,0.536,0.557,0.0136998211489804
LGALS3BP,6.35963909405831e-07,-0.36024797243473,0.06,0.075,0.0137590791799952
FAM133B,6.39641357443972e-07,0.141022136840897,0.302,0.275,0.0138386407683003
PGLS,6.62157499878517e-07,-0.169584312727735,0.302,0.327,0.0143257775098717
RNF213,6.65262918647678e-07,-0.162667243027974,0.515,0.533,0.0143929632449425
PID1,6.69507911283054e-07,-0.425597294790049,0.034,0.045,0.0144848036606089
U2AF1L5,6.79681223915922e-07,-0.969036868995466,0.006,0.011,0.014704903279421
AL356512.1,6.89754182972085e-07,-0.597458361709439,0.017,0.026,0.0149228317486011
LINC01619,6.92401798398697e-07,0.478611375938098,0.038,0.027,0.0149801129083558
OXSR1,6.93466082221038e-07,0.275170229095358,0.114,0.096,0.0150031386888521
TRADD,7.11174205357162e-07,-0.179287642902964,0.159,0.181,0.0153862539329022
KDM4B,7.19284924018826e-07,0.36791995350859,0.085,0.069,0.0155617293311473
GAPT,7.24617106781386e-07,-0.470121312993871,0.031,0.042,0.0156770911052153
TCR-B,7.28110222893326e-07,-0.140979036490114,0.788,0.767,0.0157526646722971
RPH3A,7.28222664092165e-07,0.815192408585236,0.017,0.01,0.015755097337634
ADAM10,7.29197500885002e-07,0.193715104834418,0.198,0.175,0.015776187931647
PRNP,7.51241104373599e-07,0.161616897344454,0.239,0.214,0.0162531012931228
CPPED1,7.64096025450412e-07,-0.226434419018386,0.095,0.113,0.0165312175106197
ATP6V0B,7.67400045718508e-07,-0.146393275215618,0.331,0.356,0.0166026999891199
ZFYVE19,7.6836419767631e-07,-0.421955019564827,0.032,0.043,0.016623559416727
SRGAP2,7.75146867977172e-07,-0.374263837566263,0.051,0.064,0.0167703024886861
RAMP1,7.79869339438164e-07,1.01209342783874,0.012,0.006,0.0168724731587447
OFD1,7.95407409236554e-07,0.207426525674977,0.174,0.152,0.0172086392988328
PCMT1,7.96526458464309e-07,-0.22778941554792,0.134,0.154,0.0172328499288753
YIF1A,7.97697207669842e-07,-0.263639245154893,0.093,0.11,0.017258179087937
AL021155.5,8.07865325041053e-07,-0.466051772388256,0.031,0.042,0.0174781663072632
CYP2R1,8.08728351099787e-07,0.314120404884962,0.09,0.074,0.0174968378760439
TRIM56,8.11169973618848e-07,-0.247715246430051,0.086,0.103,0.0175496623792438
SETD9,8.11626321171628e-07,0.55990707182492,0.029,0.02,0.0175595354585482
PFDN6,8.23116644937622e-07,-0.252441679700784,0.091,0.108,0.0178081286132254
CCDC88A,8.23612857252143e-07,-0.247410021095382,0.098,0.116,0.0178188641666501
ARHGEF10L,8.24224258377905e-07,-0.569816245905962,0.018,0.026,0.017832091830006
PIP4P2,8.27795832731038e-07,-0.453375889804154,0.038,0.05,0.017909362841136
IGFLR1,8.31534897505219e-07,-0.20357015485269,0.193,0.216,0.0179902575075254
AGAP9,8.68004007252875e-07,-0.951380696136146,0.005,0.01,0.018779266696916
SIK1,8.71617312483747e-07,0.704350359942486,0.019,0.012,0.0188574405555859
HIP1R,8.74165675580564e-07,0.289488328316605,0.09,0.074,0.0189125743911855
AL162231.2,8.82460962697074e-07,-0.535781276910898,0.019,0.028,0.0190920429279512
PDP1,8.89155416652771e-07,0.338013045765297,0.074,0.06,0.0192368774392827
PTPN7,8.94947944965963e-07,0.224433432600221,0.172,0.151,0.0193621987893386
USP15,8.95261308319219e-07,-0.136794345071513,0.392,0.417,0.0193689784054863
UBE2L3,8.96234642967e-07,-0.159839486453361,0.261,0.286,0.0193900365005911
MBP,9.03573139824194e-07,0.121028921762176,0.413,0.387,0.0195488048800964
IDH3G,9.07512989046109e-07,-0.182230558921038,0.179,0.202,0.0196340435180126
SRGN,9.17764355188827e-07,0.182562649318317,0.728,0.713,0.0198558318245103
PSMG4,9.2601563187233e-07,-0.254730165048583,0.105,0.123,0.0200343481955579
CCDC85B,9.33266261119668e-07,-0.135586154852272,0.381,0.406,0.020191215559324
ADCY7,9.35966753837762e-07,-0.219906807166721,0.124,0.143,0.02024964071928
SFXN1,9.41759566837232e-07,0.164280184769022,0.234,0.209,0.0203749682285235
MBD2,9.49014779991979e-07,-0.285461199962252,0.084,0.1,0.0205319347651265
MMUT,9.52233338511909e-07,0.508741042122486,0.032,0.022,0.0206015682787051
AGTRAP,9.53504299851334e-07,-0.198817836977999,0.192,0.215,0.0206290655272836
STAC3,9.55532621744577e-07,-0.519220787379191,0.022,0.031,0.0206729482714439
NOCT,9.70826930494019e-07,0.565810044886062,0.029,0.02,0.0210038406412381
QPCT,9.77108330079244e-07,-0.489306878294113,0.022,0.031,0.0211397387212644
DAD1,1.00376249759318e-06,-0.126199326467108,0.355,0.382,0.0217164016354285
TBCA,1.01781826450159e-06,-0.125111419219276,0.385,0.41,0.0220204981524919
KLHDC2,1.02288671467949e-06,0.167585216246833,0.224,0.2,0.0221301540720908
MPEG1,1.02583801834812e-06,-0.18107553264989,0.105,0.123,0.0221940055269616
CPNE3,1.04133308633816e-06,0.21872966562952,0.161,0.14,0.0225292413229261
NOL11,1.04177730340932e-06,0.242077179925122,0.123,0.105,0.0225388519592607
SNX27,1.04451830713932e-06,-0.278235714626564,0.071,0.086,0.0225981535749592
LSM2,1.05277009484402e-06,-0.179204885185388,0.159,0.181,0.0227766810019505
C1orf43,1.07603260792818e-06,0.152758768798803,0.273,0.248,0.0232799654725262
NEDD4,1.08084929028762e-06,-0.7391864713211,0.008,0.014,0.0233841743953727
ZNHIT1,1.10210219209472e-06,-0.174016368651353,0.217,0.241,0.0238439809259693
SH2D2A,1.10697169096474e-06,0.227534484693471,0.173,0.152,0.0239493325340223
VASP,1.11462636245565e-06,-0.143182601564109,0.275,0.3,0.024114941351728
ILK,1.1384854361499e-06,-0.262921046014218,0.125,0.145,0.0246311324111031
AC004854.2,1.17180239146104e-06,0.618849450122556,0.025,0.017,0.0253519447392596
NDUFA13,1.1725890552894e-06,-0.10319582438643,0.53,0.552,0.0253689642111861
ATM,1.17301722187088e-06,0.118806749333937,0.37,0.343,0.0253782275951764
ATP5MD,1.18135778593418e-06,-0.11151841609975,0.498,0.519,0.0255586756986859
GPRIN3,1.18520341390458e-06,0.221656345750178,0.129,0.11,0.0256418758598255
LINC02762,1.19320459336311e-06,-0.761051821460947,0.01,0.017,0.0258149813774109
TNFSF8,1.20411973959918e-06,0.211838775874677,0.143,0.123,0.0260511305662284
DFFA,1.20818886285806e-06,-0.367883604419488,0.051,0.064,0.0261391660479342
ATOX1,1.2190726352697e-06,-0.205702770512114,0.151,0.172,0.02637463646406
SNIP1,1.2236459591003e-06,0.267481268164728,0.105,0.087,0.0264735803251351
AC087239.1,1.23876755217828e-06,-0.318584372261244,0.065,0.08,0.0268007359913771
C17orf49,1.25249042971125e-06,-0.153566596521122,0.253,0.278,0.027097630446803
OXLD1,1.26753591253228e-06,-0.200046904277191,0.142,0.163,0.0274231394676358
WDR45B,1.30463623408895e-06,0.217412852959066,0.168,0.147,0.0282258049245144
PDZD11,1.30487952341147e-06,-0.374885196819648,0.041,0.053,0.0282310684890071
ALOX5AP,1.30763107818718e-06,-0.162408594539174,0.228,0.252,0.0282905983765795
KRTCAP2,1.31783473688544e-06,-0.118300144150912,0.458,0.482,0.0285113545325165
TPP1,1.32117159013961e-06,-0.192633158599068,0.188,0.211,0.0285835473526705
DUSP23,1.35650172851913e-06,-0.269610394428084,0.094,0.111,0.0293479148965114
RALBP1,1.36607611194314e-06,-0.271661871295773,0.096,0.114,0.0295550566818897
TMEM191C,1.41851673822347e-06,0.327625306159343,0.074,0.059,0.0306896096314648
SELENOW,1.45805961266541e-06,-0.130048984616568,0.374,0.398,0.0315451197200163
STRN4,1.47485506771365e-06,-0.379668019195881,0.046,0.058,0.0319084893899848
PLXND1,1.51430536692393e-06,-0.303150525945042,0.062,0.077,0.0327619966133991
C16orf54,1.53306366110066e-06,-0.226337758910997,0.118,0.137,0.0331678323079129
SNHG8,1.53654213766134e-06,-0.112052151049387,0.553,0.574,0.033243089148303
HNRNPUL1,1.553365095444e-06,0.108834905733981,0.417,0.389,0.033607053839931
MT-ND6,1.57052985573135e-06,0.104972828428602,0.675,0.648,0.0339784134287478
FAM192A,1.57756335558202e-06,-0.225004531932572,0.108,0.126,0.0341305831980171
HDDC2,1.57876863914525e-06,-0.194549289554004,0.133,0.153,0.0341566595079075
ME2,1.60266784251406e-06,-0.236810697238031,0.105,0.123,0.0346737187727917
SPARC,1.61244374011503e-06,-0.298386379336856,0.016,0.024,0.0348852203173886
HSD17B10,1.61716398927671e-06,-0.202340380244338,0.136,0.157,0.0349873429080016
EIF5A,1.62978706166501e-06,0.100896774630205,0.468,0.44,0.0352604430791226
ID3,1.63804636422391e-06,-0.443032605997534,0.048,0.061,0.0354391330899843
PMVK,1.63815237865536e-06,-0.277287622557351,0.075,0.091,0.0354414267122086
SLC9A3,1.64539086010348e-06,0.716734084398318,0.018,0.011,0.0355980312583388
FAM32A,1.66538095128446e-06,0.155585061199693,0.227,0.203,0.0360305168810394
AL118516.1,1.67285039876191e-06,0.194241365707208,0.16,0.139,0.0361921183772139
DUSP11,1.67399051984989e-06,0.224366749944899,0.132,0.113,0.0362167848969525
ZNF100,1.6761032586131e-06,0.388180512695915,0.053,0.041,0.0362624940000945
ZNF200,1.69431175394428e-06,0.58873494672371,0.024,0.016,0.0366564347965846
ASGR1,1.75534018973008e-06,-0.319153168874061,0.051,0.064,0.0379767850048103
EIF4E3,1.75881905838466e-06,-0.318058297756806,0.066,0.081,0.0380520503281521
CTBP2,1.76311075574484e-06,-0.345969960230102,0.041,0.054,0.0381449012005396
BCL11B,1.77667207861734e-06,0.161078092098462,0.278,0.254,0.0384383004208862
PSMD4,1.77983071821072e-06,-0.157227214078818,0.219,0.242,0.038506637588489
HIST1H2AH,1.7991374647709e-06,0.672410517649649,0.018,0.011,0.0389243390503185
THRAP3,1.81122097339417e-06,0.121060481026958,0.331,0.304,0.0391857657593828
NR1D2,1.83409993151345e-06,0.267081090302976,0.117,0.1,0.0396807520182935
BEX2,1.8408518974159e-06,0.211730579439453,0.131,0.112,0.0398268308005929
HSPE1,1.85094817048532e-06,0.145351106234388,0.338,0.313,0.0400452636684498
NDUFA8,1.8533297306105e-06,-0.268513025650906,0.073,0.089,0.0400967887217583
TMEM167B,1.85864643211107e-06,-0.228206289965594,0.108,0.126,0.0402118155587229
FMC1,1.9155788781025e-06,-0.291774773349732,0.073,0.088,0.0414435490277476
PDLIM7,1.91717782437074e-06,-0.355413671609671,0.042,0.054,0.0414781422302611
TAF1D,1.91768888122199e-06,0.134593984564598,0.363,0.337,0.0414891989452377
SERPING1,1.99692185011382e-06,-0.649111127019251,0.013,0.02,0.0432034042272125
AURKAIP1,1.99701686374814e-06,-0.132995597672039,0.289,0.315,0.043205459847191
MARCH6,2.02357063999286e-06,0.183046387487228,0.182,0.161,0.0437799507962456
ZNF738,2.02511957265262e-06,-0.462146222278474,0.024,0.034,0.0438134619543394
MAPK3,2.02823776465864e-06,-0.369969054333825,0.043,0.055,0.0438809240383897
NOG,2.05110873467274e-06,0.706093122742409,0.017,0.01,0.0443757374746448
CYP2S1,2.05500010880364e-06,-0.792846604480701,0.008,0.014,0.0444599273539667
MIER1,2.06117276934765e-06,0.161033730374624,0.244,0.22,0.0445934728648364
ARHGEF7,2.06467272342723e-06,0.228185335939175,0.127,0.109,0.0446691943713482
B4GALT3,2.08223767532886e-06,-0.252481883220867,0.1,0.117,0.0450492121057399
CCDC149,2.09890441047937e-06,-0.853344179236859,0.007,0.012,0.0454097969207211
NOP10,2.10799648089228e-06,-0.170659787434765,0.235,0.258,0.0456065038641045
CCNL1,2.15596117347083e-06,-0.139951047492202,0.548,0.563,0.0466442199880414
GCSAM,2.23147012559251e-06,-0.479407245209663,0.025,0.035,0.0482778561671939
GORASP2,2.25713520216792e-06,0.180717656836774,0.185,0.163,0.0488331200989029
BZW1,2.26578463643191e-06,0.130296120331861,0.406,0.381,0.0490202506092043
FBLN7,2.28018952507292e-06,0.553381736879492,0.026,0.018,0.0493319003749526
AGPAT2,2.30374689150484e-06,-0.28028205716286,0.075,0.09,0.0498415639977071
ZSCAN18,2.31025148255477e-06,0.389119533097773,0.053,0.041,0.0499822908250724
FHL3,2.33059082098637e-06,0.350739208055993,0.073,0.059,0.0504223324120401
CCDC170,2.33434273470306e-06,-0.889509336410015,0.006,0.01,0.0505035050653006
MRPL24,2.33540183732013e-06,-0.264791707993651,0.085,0.101,0.0505264187504209
MED8,2.34211378115457e-06,0.268348223334252,0.086,0.071,0.0506716316552791
NSMCE3,2.37071619149556e-06,0.243336076201241,0.12,0.102,0.0512904448030064
BRD3,2.37318759766946e-06,-0.271315387424021,0.088,0.104,0.0513439136755788
RNPEP,2.39727872301107e-06,-0.25432966428901,0.095,0.112,0.0518651251723445
FPR1,2.40241417682037e-06,-0.147374474661964,0.091,0.108,0.0519762307155087
TGFBR2,2.43105156983481e-06,0.181817522576186,0.286,0.263,0.0525958007133761
LINC00278,2.43497489901082e-06,-0.495580563827607,0.021,0.03,0.052680681940099
CMTM8,2.43621037810359e-06,0.549538875711578,0.029,0.02,0.0527074115302712
DNPH1,2.47191751721676e-06,-0.216151719743145,0.108,0.126,0.0534799354849845
COMT,2.47527255582682e-06,-0.175918007663077,0.165,0.186,0.0535525217453133
MZT2A,2.48191614353046e-06,-0.179373230733406,0.217,0.24,0.0536962557652815
IL18RAP,2.48823785672987e-06,0.435814294030027,0.039,0.029,0.0538330260303507
GET4,2.53035149481757e-06,0.225444845298704,0.128,0.11,0.0547441545903781
PYHIN1,2.53545337750069e-06,-0.233689020672021,0.14,0.159,0.0548545338222274
PLIN2,2.55104362341888e-06,0.213077348503073,0.155,0.135,0.0551918287926675
ACAA2,2.58999872049209e-06,0.228086336855027,0.139,0.12,0.0560346223178464
TIMP2,2.59209646754938e-06,-0.299805172596644,0.063,0.078,0.0560800070754309
SNRPN,2.60743246525347e-06,0.141096756942194,0.286,0.261,0.0564118013857588
POLR2F,2.66425080061941e-06,-0.173914494955599,0.158,0.179,0.057641066071401
PNN,2.6841645611225e-06,-0.153488532743121,0.347,0.37,0.0580719002798852
CYFIP1,2.70436742453043e-06,-0.437924160390684,0.031,0.042,0.0585089892297158
ANKRD36,2.73917884071611e-06,0.232232908272472,0.117,0.099,0.0592621342188931
FLVCR1-DT,2.79188203911257e-06,0.740455684743473,0.015,0.008,0.0604023679162004
LACTB2,2.81525138194675e-06,-0.443792219041745,0.025,0.034,0.060907963648418
FUOM,2.82243403598942e-06,-0.281799497577251,0.075,0.09,0.0610633603686311
FAM13B,2.83418398275482e-06,0.200815806634098,0.158,0.138,0.0613175704669005
DCTN5,2.85165252583603e-06,0.349007914381985,0.064,0.051,0.0616955023964625
PRKAR2A,2.85389238945913e-06,0.20326133322144,0.17,0.149,0.0617439618459483
SF3A1,2.85753443719215e-06,0.119654469258535,0.332,0.306,0.0618227575486521
MMADHC,2.86266993271065e-06,0.153999390393615,0.219,0.196,0.0619338639941949
TPPP3,2.91164462077784e-06,-0.667603080214104,0.016,0.023,0.0629934313705287
KLRG1,2.9178673668776e-06,-0.287451000385662,0.14,0.159,0.0631280604823968
AC092296.2,2.92368033943414e-06,0.948026087648007,0.01,0.005,0.0632538241436577
GBP2,2.93705314848402e-06,-0.183339849668223,0.19,0.212,0.0635431448674519
ERCC5,2.95995327775438e-06,0.175504795496965,0.208,0.186,0.0640385891642161
ACER3,2.96649360705923e-06,-0.337143971098187,0.05,0.063,0.0641800891887265
POLE4,2.99562688259881e-06,-0.170378952423017,0.199,0.221,0.0648103876050252
DUSP12,3.0549437037713e-06,0.218981894581395,0.123,0.105,0.066093707031092
UNC93B1,3.06445899449516e-06,-0.326885599898923,0.061,0.075,0.0662995703459027
SHFL,3.07487868941391e-06,-0.149402048853041,0.296,0.32,0.0665250004454699
CIAO2A,3.11763738964381e-06,-0.186355688464881,0.194,0.215,0.0674500849249438
IKBKE,3.1243970139605e-06,-0.267383184029233,0.085,0.101,0.0675963293970355
ADAM12,3.18184696172613e-06,-0.874963250351565,0.007,0.013,0.0688392590169449
AC243829.4,3.19985301877259e-06,0.934347783111518,0.012,0.007,0.069228820061145
PAM,3.21464433063866e-06,-0.371489184962412,0.045,0.058,0.0695488300933673
YIPF5,3.24420036643045e-06,0.271619047895396,0.1,0.084,0.0701882749277227
SPTLC2,3.24629060474276e-06,-0.245763375853684,0.089,0.105,0.0702334972336096
TRMT1,3.30383393265721e-06,-0.212327892208821,0.188,0.208,0.0714784471330387
CNPY3,3.31976078570854e-06,-0.165211316906502,0.349,0.369,0.0718230245988042
MTHFR,3.33639626925628e-06,-0.323080429447787,0.058,0.072,0.0721829332853596
WDR33,3.38912652881665e-06,0.154074616738053,0.229,0.206,0.0733237524509482
NDUFS5,3.41748991489694e-06,-0.115135322041951,0.465,0.486,0.0739373943087953
WDR83OS,3.41922816531537e-06,-0.127678146603718,0.398,0.422,0.0739750013565981
IP6K1,3.42542126828359e-06,0.290077258156068,0.079,0.065,0.0741089891393154
ITGA6,3.43425510041461e-06,0.282357941561109,0.082,0.067,0.07430010909747
PPWD1,3.45525523993278e-06,0.214944382518005,0.132,0.114,0.0747544471159457
LILRA5,3.46386672901852e-06,-0.195128469172727,0.081,0.097,0.0749407566823157
ZBTB1,3.48541023237779e-06,0.189827347942991,0.209,0.188,0.0754068503774934
MBOAT1,3.52685778211419e-06,-0.456386256203801,0.027,0.037,0.0763035681160405
BBX,3.54962165404049e-06,0.154835773486184,0.236,0.213,0.076796064485166
ARPC4,3.56009218241447e-06,-0.119452710208622,0.395,0.42,0.0770225943665371
TRIM25,3.58718826803125e-06,-0.35487870392268,0.054,0.067,0.0776088181788562
JHY,3.5983630280369e-06,-0.674690857658575,0.01,0.017,0.0778505841115784
TLE5,3.64796902336591e-06,-0.105042364504906,0.674,0.684,0.0789238098205214
AC027097.1,3.64962693235106e-06,-0.356004848481548,0.041,0.053,0.0789596786814153
CLK3,3.67472021325567e-06,-0.201891796875089,0.143,0.163,0.0795025718137864
TFDP2,3.69818003113054e-06,0.202090067071896,0.147,0.128,0.0800101249735092
AC016831.1,3.70796643606651e-06,0.534789893409193,0.027,0.018,0.0802218538442989
ETS1,3.71772436012782e-06,0.1289057946436,0.411,0.387,0.0804329665313654
CD63,3.72907572178492e-06,-0.127655058999703,0.251,0.276,0.0806785532408167
RTL8C,3.7316219532291e-06,-0.255329782206318,0.082,0.097,0.0807336409581116
GPR174,3.74673586000101e-06,-0.252169999880057,0.094,0.111,0.0810606303311218
PIEZO1,3.75359560092558e-06,-0.264150171576974,0.082,0.097,0.0812090408260249
AHSA1,3.77035418906949e-06,-0.249815721877919,0.092,0.108,0.0815716128805185
DNAJC13,3.80748797117415e-06,-0.348987402450238,0.043,0.055,0.0823750022563528
NUP50-DT,3.87652553032041e-06,-0.573162273785952,0.015,0.022,0.0838686298484821
PA2G4,3.89860506946991e-06,-0.128347832739138,0.339,0.363,0.0843463206779815
ZNF180,3.90297013471505e-06,0.498990869569404,0.031,0.022,0.0844407588645601
ZNF614,3.92581755060574e-06,0.518223756957354,0.027,0.018,0.0849350627073552
TP53INP1,3.97345418579912e-06,-0.321524333316344,0.046,0.059,0.0859656813097639
CCNG1,4.08220272972162e-06,0.14510504453631,0.239,0.216,0.0883184560575273
UAP1,4.14508022673116e-06,0.302524218523821,0.075,0.061,0.0896788107053287
TCIRG1,4.15668411641402e-06,-0.120597662088344,0.341,0.367,0.0899298608586173
GYPC,4.19270102852935e-06,0.108522824323003,0.507,0.485,0.0907090867522324
DIS3,4.19436971567701e-06,0.285993765838646,0.087,0.072,0.0907451887986721
NEK6,4.24118982208956e-06,-0.378516729872612,0.035,0.046,0.0917581418009076
STX3,4.24213148540827e-06,-0.453763528697032,0.025,0.035,0.0917785146868079
PHB,4.25222228796627e-06,-0.178112842809131,0.173,0.195,0.0919968292001502
PRR5,4.29584465553088e-06,-0.284903388158027,0.085,0.101,0.0929405991224106
PARP1,4.30293609145914e-06,-0.168938552899028,0.179,0.201,0.0930940223387185
BCKDK,4.41054443600478e-06,-0.283317146760257,0.07,0.084,0.0954221288729634
RALB,4.44793078262229e-06,-0.298695404250167,0.069,0.083,0.0962309824820332
HSF2,4.47372992060513e-06,0.349438199112024,0.062,0.049,0.0967891468322919
JPT1,4.5112963757621e-06,-0.181803157039409,0.166,0.186,0.097601897089613
STOML2,4.52620999927454e-06,-0.207263723169082,0.127,0.146,0.0979245533343048
IER5L,4.62659091544058e-06,-0.556143951152643,0.018,0.026,0.100096294455557
PSENEN,4.67574822594766e-06,-0.212871849476541,0.113,0.131,0.101159812868378
ATG16L2,4.73604398509647e-06,-0.202540235666033,0.186,0.207,0.102464311617562
AC087741.1,4.75417374058546e-06,-0.514945888694538,0.02,0.029,0.102856548877566
PLD3,4.76755196277185e-06,-0.186086243657946,0.192,0.213,0.103145986714569
C1orf21,4.7752494708252e-06,0.276833067703365,0.11,0.094,0.103312522301303
IL12RB2,4.78810605429666e-06,0.731979040336255,0.017,0.01,0.103590674484708
FBXO21,4.81438488775628e-06,0.214993446387331,0.124,0.106,0.104159217046607
GIMAP1,4.81754922236142e-06,-0.168437829819644,0.215,0.237,0.104227677425789
ARNTL,4.85682170885045e-06,0.233908064970425,0.122,0.104,0.105077337670979
MEGF9,4.87113739670996e-06,-0.286366819623838,0.068,0.082,0.10538705757782
KIF5C,4.88563506036199e-06,-0.73506382829724,0.009,0.015,0.105700714530932
TOX2,4.92982775112649e-06,-0.902993834483515,0.007,0.012,0.106656823395622
ZGLP1,4.96735845405234e-06,-0.804281499542983,0.007,0.012,0.107468800153422
FTX,4.96892544695525e-06,-0.283994988506139,0.063,0.077,0.107502702044877
SCARB1,4.97257544171239e-06,-0.589252466620023,0.015,0.023,0.107581669681448
RNF144B,4.98053670858373e-06,0.534970125351861,0.079,0.065,0.107753911690209
CARS2,4.9828806138883e-06,-0.294212060987472,0.07,0.084,0.107804622081473
ISOC2,4.99292241268243e-06,-0.37688093673238,0.039,0.05,0.108021876398384
SLC4A2,4.99337359072326e-06,-0.382231241234162,0.036,0.046,0.108031637635298
FADS1,5.06148759076886e-06,-0.458427565410141,0.024,0.033,0.109505284026284
AKT1,5.1492720505136e-06,-0.312048816230711,0.065,0.079,0.111404500812862
ATP5MC1,5.32989562589487e-06,-0.155486134257673,0.215,0.238,0.115312291866235
ATP5IF1,5.42506564821532e-06,-0.111758682688962,0.455,0.479,0.117371295299138
SNAP29,5.46368728746411e-06,-0.222608186284938,0.102,0.119,0.118206874464286
LINC01684,5.58159075978772e-06,-0.632161058089314,0.012,0.018,0.120757716088007
JADE1,5.61426143227411e-06,0.238382235220651,0.114,0.097,0.12146454608725
LINS1,5.61957804492659e-06,0.251432992302888,0.107,0.09,0.121579571001987
AC022167.3,5.63997334556405e-06,0.939514587792489,0.01,0.005,0.122020823331278
CCNG2,5.73698376470085e-06,-0.379566086361787,0.038,0.049,0.124119643749303
TAP1,5.82101334790154e-06,-0.166018488567193,0.279,0.301,0.12593762378185
MECP2,5.8230752890408e-06,0.171882242652066,0.221,0.2,0.125982233878398
AP1S1,5.87013556511398e-06,-0.318506534476195,0.046,0.058,0.127000382951241
DDAH2,6.05254153687609e-06,-0.259721053992014,0.077,0.092,0.130946736150314
NADK,6.09896844545441e-06,-0.226682387235314,0.089,0.105,0.131951182317406
ELP5,6.13941997421353e-06,-0.233046757882669,0.099,0.115,0.13282635114211
LEF1,6.16236566933903e-06,0.118158264558588,0.303,0.278,0.13332278125615
SAC3D1,6.20488782914008e-06,-0.661183959319826,0.01,0.017,0.134242748183446
IL17RA,6.24216767761559e-06,-0.194306517990471,0.189,0.21,0.135049297705213
TOGARAM2,6.30386912983e-06,-0.654852868343824,0.011,0.017,0.136384208623872
FHOD1,6.40794371038981e-06,-0.347677507538497,0.049,0.061,0.138635862174284
ANP32A,6.46448018473951e-06,-0.136439044770811,0.296,0.319,0.139859028796839
DCP1A,6.51770860849069e-06,0.21786007714969,0.142,0.123,0.141010625744696
PSMB6,6.59026432299102e-06,-0.122269888477375,0.295,0.32,0.142580368627911
LEPROT,6.648134449799e-06,-0.253480970199655,0.093,0.108,0.143832388821401
RAB11FIP1,6.73981503660989e-06,-0.269601858306439,0.116,0.133,0.145815898317055
CDC37L1,6.74427604743213e-06,0.25386267134607,0.103,0.087,0.145912412286194
PODXL2,6.764700993026e-06,0.650479011630065,0.019,0.013,0.146354305984117
CTPS1,6.76745698398648e-06,0.326076417519425,0.073,0.06,0.146413931848547
COASY,6.7742957734642e-06,-0.236821056678466,0.098,0.114,0.146561889058898
SNRPA,6.78204610757605e-06,-0.138025747467021,0.288,0.311,0.146729567537408
OGDH,6.81845829275165e-06,-0.201344086507308,0.148,0.167,0.147517345163682
BUB3,6.894782727665e-06,0.142186162705938,0.273,0.25,0.149168624313032
ZCCHC10,6.91936702425077e-06,0.252908567287946,0.096,0.08,0.149700505569665
DLEU2,6.97651920065681e-06,-0.38222252449127,0.032,0.043,0.15093699290621
STXBP2,6.99772224570741e-06,-0.119250207227018,0.278,0.302,0.15139572078588
PCM1,7.00605443972538e-06,0.153098333653014,0.234,0.212,0.151575987803459
INPPL1,7.01263235416933e-06,-0.307161098463119,0.061,0.075,0.151718300982454
ZNF638,7.12294479216833e-06,-0.16444767096629,0.165,0.185,0.154104910578562
CPTP,7.12875767166833e-06,-0.368350552289084,0.041,0.052,0.154230672226544
SDHAF2,7.15618475886452e-06,0.165079425287842,0.201,0.179,0.154824057258034
IGHG1,7.18310630675886e-06,-0.2132888736277,0.015,0.022,0.155406504946728
HSPA5,7.24244924351784e-06,0.110833809442484,0.422,0.4,0.156690389383509
COG4,7.31177972857851e-06,-0.295549747722983,0.067,0.081,0.158190354427796
MSRB2,7.32604703813882e-06,-0.573721118069487,0.016,0.023,0.158499027670133
GPR137B,7.36557868442992e-06,0.330983027632545,0.049,0.038,0.159354294837641
TRAF1,7.38060252043512e-06,0.309302568517407,0.07,0.057,0.159679335529614
CHD7,7.62869210353904e-06,0.294005984791863,0.079,0.065,0.165046753660067
A1BG-AS1,7.65158098205894e-06,-0.585416451701862,0.012,0.018,0.165541954546845
TSPYL1,7.67789255869598e-06,0.197023516412929,0.194,0.174,0.166111205507387
BTG2,7.67826774611835e-06,-0.209828233807794,0.559,0.573,0.16611932268727
NARS2,7.69303648168338e-06,0.412261327514713,0.036,0.026,0.16643884428122
CRY2,7.7127161181258e-06,0.278619019888455,0.085,0.07,0.166864613215652
TRANK1,7.75838215411055e-06,-0.253034092134293,0.088,0.103,0.167852597904182
STX7,7.76132991527251e-06,-0.268279174338538,0.088,0.104,0.167916372716921
DUSP7,7.87933547267563e-06,-0.567792238969593,0.015,0.022,0.170469422951337
C1orf174,7.95953635066941e-06,0.233891242794496,0.116,0.1,0.172204568946733
SPECC1,8.05231206089144e-06,-0.374598385932505,0.035,0.046,0.174211771437386
RTP5,8.18514194229167e-06,-0.664582535781691,0.011,0.017,0.17708554592148
AC092944.1,8.21729970993009e-06,-0.495580563827607,0.021,0.029,0.177781279224337
MFSD1,8.21880518539937e-06,-0.219282909340997,0.117,0.135,0.177813850186115
ERN1,8.23739099029829e-06,0.204738505781136,0.162,0.143,0.178215954075103
IVD,8.29279580517772e-06,-0.338814258495692,0.053,0.065,0.17941463724502
TXN,8.32982578198408e-06,-0.162540794689644,0.272,0.295,0.180215780793226
TOE1,8.34199151420278e-06,0.291932825428721,0.073,0.06,0.180478986409777
AC092803.1,8.37999898673428e-06,-0.672334849899346,0.01,0.016,0.181301278077996
MT-ATP8,8.41358448231039e-06,-0.116798797793074,0.963,0.956,0.182027900274785
AFG3L2,8.42574068024662e-06,0.196378923925124,0.151,0.133,0.182290899617136
SRF,8.4292549217867e-06,-0.46848623691973,0.024,0.033,0.182366930232855
MTMR6,8.42993381795019e-06,0.227149631754421,0.128,0.111,0.182381618151352
ORAI3,8.43305871681189e-06,-0.376532948514587,0.036,0.047,0.182449225338225
PABPC4,8.51690870547654e-06,0.150323974220722,0.271,0.249,0.184263319842985
PSMA3-AS1,8.52739374772465e-06,-0.170088887482072,0.193,0.214,0.184490163732023
LTB4R,8.54623160447662e-06,-0.374083663397554,0.036,0.047,0.184897720762852
IKZF3,8.56027733370063e-06,-0.191698676018606,0.173,0.193,0.185201600114613
HTATIP2,8.74575901912162e-06,-0.216532981648347,0.117,0.134,0.189214496378696
CASTOR1,8.75818948524715e-06,0.433697460126214,0.039,0.029,0.189483429513322
TOR2A,8.91651604256811e-06,-0.286589234646384,0.067,0.081,0.192908824580961
SLC35E2A,8.98455869965524e-06,0.373660180639407,0.05,0.039,0.194380927467041
SULT1A3,8.99569807489352e-06,-0.495254976610538,0.019,0.027,0.194621927850321
MRFAP1L1,9.03190207834509e-06,0.238474407931743,0.121,0.104,0.195405201464996
ANKRD12,9.04799377365593e-06,0.102604253515119,0.474,0.45,0.195753345293046
LASP1,9.12154407425826e-06,-0.145740644701996,0.169,0.19,0.197344606046577
MRPL39,9.19947910710055e-06,0.365916202788831,0.046,0.035,0.19903073048212
SEMA4B,9.25844150535951e-06,-0.478346372910105,0.026,0.036,0.200306381968453
ARIH2,9.2658698310413e-06,0.133059244456047,0.297,0.273,0.200467093794579
SYTL2,9.32501910163259e-06,0.286488793054824,0.089,0.075,0.201746788263821
TP53TG1,9.40017529743664e-06,-0.201325949356567,0.112,0.129,0.203372792560042
SNRPD3,9.41120604343665e-06,-0.287186359996931,0.066,0.079,0.203611442749752
HMG20B,9.44483905259125e-06,-0.189137478823924,0.133,0.151,0.204339092902812
IFIT2,9.56725466043695e-06,-0.3839314493539,0.032,0.042,0.206987554578553
NINJ2,9.60935233270166e-06,-0.427383695342371,0.027,0.036,0.207898337718
TMEM91,9.63881409000815e-06,-0.32134561208099,0.05,0.062,0.208535742837326
S1PR4,9.78514848835683e-06,0.193445149261285,0.155,0.136,0.2117016875456
DZIP3,9.79541673985853e-06,-0.413069644170951,0.033,0.042,0.211923841166839
NAF1,9.90800543342741e-06,0.312649378698707,0.066,0.054,0.214359697552202
THOC7,9.91216362678312e-06,-0.166628303365707,0.191,0.211,0.214449660065453
KIAA0513,1.00265658952214e-05,-0.374684524122218,0.04,0.051,0.216924753143115
RER1,1.00462127331094e-05,-0.155073617514019,0.185,0.206,0.217349812480821
FAM169A,1.011625367739e-05,0.342566224858106,0.047,0.036,0.218865148310333
BAZ1A,1.02081024139013e-05,0.145045226184401,0.274,0.252,0.220852295724756
LPIN1,1.02447904451657e-05,0.254380892127402,0.112,0.096,0.22164604128116
SNHG9,1.03094344450975e-05,-0.141653840976398,0.267,0.289,0.223044614219684
TRMO,1.0316692193914e-05,0.290033667593894,0.074,0.061,0.223201635615329
UBXN6,1.03617945774309e-05,-0.296670167123687,0.055,0.068,0.224177425682718
PSMD8,1.03735326497843e-05,-0.146261853529192,0.257,0.279,0.224431378878084
FAM210A,1.04316443247664e-05,0.387568839265371,0.046,0.035,0.225688624966321
CIR1,1.04389295706418e-05,0.139682760953348,0.265,0.243,0.225846241260836
RAD50,1.044716525514e-05,-0.224845999580917,0.087,0.102,0.226024420294954
ZNF574,1.05273497474583e-05,0.343985501943441,0.054,0.042,0.22775921178626
JMJD1C,1.06480678031177e-05,0.127513330760174,0.313,0.289,0.23037094692045
MARCKS,1.06874341120701e-05,-0.145165496915268,0.071,0.086,0.231222637014636
UQCC3,1.08210406173082e-05,-0.28642466841124,0.07,0.084,0.234113213755463
DOK3,1.08267817020696e-05,-0.308159336491534,0.054,0.067,0.234237422124276
ACPP,1.09302142676244e-05,-0.784396825519367,0.007,0.012,0.236475185680053
PPP2R5A,1.0998357244294e-05,-0.253194463186423,0.081,0.096,0.2379494589803
CORO1B,1.10065247768698e-05,-0.159024910821874,0.262,0.284,0.238126163547578
NCOA5,1.1051522074765e-05,0.379984739713972,0.048,0.037,0.239099680087541
RDH11,1.10628255373629e-05,-0.267658021663414,0.073,0.088,0.239344230500847
PROSER1,1.11327464021088e-05,-0.300715402580406,0.046,0.057,0.240856968409623
HDGFL3,1.1577524244638e-05,0.695039013299,0.018,0.011,0.250479737032744
PAQR4,1.1625183969657e-05,-0.749833715520608,0.008,0.013,0.25151085518353
QRICH1,1.17444095782658e-05,0.16802668414587,0.184,0.164,0.25409030122578
LZIC,1.19165479734637e-05,-0.224028593312869,0.092,0.107,0.257814515405888
RAB40C,1.21939159569019e-05,-0.522687764213525,0.018,0.025,0.263815371727573
TSTA3,1.22073229720445e-05,-0.232898794580298,0.103,0.119,0.264105432500182
MORN3,1.22796961561691e-05,-0.443592524247199,0.023,0.032,0.265671226338719
SCART1,1.22821248499007e-05,-0.710633474633434,0.01,0.016,0.265723771127601
SMCO4,1.24180878210156e-05,-0.312603612196394,0.044,0.055,0.268665330007673
TOP1,1.26937319860174e-05,0.175656726124043,0.214,0.194,0.274628891517486
PRKCSH,1.27499665169192e-05,-0.135887078827434,0.231,0.254,0.275845525593547
RANBP2,1.27669228113799e-05,0.167370148555267,0.243,0.222,0.276212375024205
LRCH4,1.32593298970659e-05,-0.203682367780929,0.134,0.151,0.286865602323021
CELF1,1.33105214675702e-05,-0.184128831648797,0.195,0.215,0.287973131950882
PTRH1,1.34065803416232e-05,-0.353162098712722,0.034,0.044,0.290051365691018
METTL14,1.35854035749469e-05,0.270943927787715,0.075,0.062,0.293920206343976
OBSCN,1.36083797112789e-05,0.390384192926363,0.038,0.028,0.294417295053518
PARP14,1.36805374291377e-05,-0.232991671369006,0.131,0.148,0.295978427279394
KCNE3,1.37409108563224e-05,-0.38472903772371,0.032,0.042,0.297284606376535
PCSK1N,1.38404781977731e-05,0.387410564849445,0.042,0.032,0.29943874580882
FTL,1.39938630314812e-05,-0.137847607522688,0.984,0.979,0.302757226686096
CREG1,1.41020603707732e-05,-0.277257806800206,0.08,0.094,0.305098076121678
MRPL10,1.41609242460769e-05,-0.187038367250247,0.179,0.198,0.306371596063873
FLI1,1.41825295757942e-05,-0.129214084734658,0.254,0.276,0.306839027372308
CD300LF,1.42732544022984e-05,-0.368461932942604,0.035,0.045,0.308801858993726
NUDT22,1.42751771899059e-05,-0.177399237163115,0.144,0.162,0.308843458503613
ATP2B4,1.44682667438597e-05,-0.196029471138353,0.131,0.149,0.313020951003404
SLAMF6,1.44976424864722e-05,-0.281362425462216,0.07,0.083,0.313656495194825
TCL1A,1.45629633164055e-05,0.284838702106281,0.035,0.026,0.315069711350434
HEXIM1,1.46021840490921e-05,0.255960754146216,0.073,0.06,0.315918251902107
TLR10,1.47573716554179e-05,-0.81501982248952,0.006,0.011,0.319275735764967
FOSL1,1.47641898803419e-05,0.74320629575951,0.014,0.008,0.319423248061198
TCHP,1.48768903981897e-05,-0.278012666775703,0.058,0.07,0.321861523764834
TNKS2,1.49300684661867e-05,0.192501177260726,0.147,0.129,0.323012031265948
EIF1AD,1.50296053101759e-05,0.295937109624698,0.069,0.057,0.325165510885655
CTSL,1.51131132661048e-05,0.500678770058514,0.038,0.028,0.326972205512177
LINC00847,1.51241248097895e-05,-0.439515980146918,0.024,0.032,0.327210440259797
PNP,1.52017372268794e-05,0.287346046275628,0.098,0.083,0.328889584903536
COQ7,1.53040140586075e-05,-0.243453486429458,0.097,0.113,0.331102344157974
AC124016.1,1.53176038610757e-05,-0.322911339281529,0.042,0.053,0.331396359534372
FCGR2A,1.53668508847091e-05,-0.224127515320169,0.072,0.086,0.332461818890682
PRKCQ-AS1,1.54532914183842e-05,0.17757443700327,0.212,0.192,0.334331959836742
TNFSF14,1.54821622758946e-05,0.631125368889482,0.023,0.016,0.33495658083898
SAP30,1.56302357194396e-05,-0.472713475308812,0.02,0.028,0.338160149790076
STX8,1.56551888748599e-05,-0.205631029429602,0.135,0.153,0.338700011307594
LINC00623,1.56657373580889e-05,-0.19455244106962,0.149,0.168,0.338928227742253
GATD3A,1.57107812234317e-05,-0.307785525833368,0.054,0.066,0.339902751768944
CHKA,1.59518939086221e-05,0.460134136689169,0.039,0.029,0.345119224713039
CDK2AP2,1.60411112463722e-05,-0.182939862773246,0.175,0.195,0.347049441815262
TOMM34,1.65358019221451e-05,0.473654905197925,0.033,0.024,0.357752074585609
AGO1,1.6647194605114e-05,-0.321946383765742,0.05,0.062,0.360162055281641
ZBTB32,1.66554751153584e-05,-0.654517149670057,0.012,0.018,0.36034120412078
ADAP2,1.6659024547989e-05,-0.381026614989934,0.037,0.047,0.360417996095743
SLC25A51,1.66909257662685e-05,-0.32984148760392,0.048,0.059,0.361108178953218
DVL3,1.67357425866255e-05,-0.423616437758892,0.032,0.041,0.362077790861642
ATP6V0E1,1.68760131180015e-05,-0.127165417979854,0.407,0.427,0.365112543807961
DAB2,1.71363246429879e-05,-0.578721799127853,0.011,0.017,0.370744383651043
NCR3,1.71798474425017e-05,-0.306057607362761,0.104,0.12,0.371685999418523
TUT4,1.74843044382048e-05,0.142445085191614,0.242,0.221,0.378272926520562
ABRACL,1.75395661023091e-05,-0.131888080828848,0.286,0.308,0.379468512623456
USP47,1.75694069605812e-05,0.179875221102881,0.162,0.143,0.380114119592173
DDX39A,1.79327951811695e-05,0.126534935311015,0.336,0.314,0.387976023744603
RBM34,1.80141448758389e-05,0.196505568147507,0.135,0.117,0.389736024388775
TAGAP,1.8099747154336e-05,-0.11938872186834,0.31,0.333,0.39158802968406
CAPN7,1.8132995643061e-05,0.177519124425262,0.179,0.16,0.392307360737624
CEACAM4,1.81514766795896e-05,-0.567494543704599,0.014,0.02,0.392707197962921
ATP6V0D1,1.82368642434607e-05,-0.16790663769057,0.186,0.205,0.394554557907273
AC245014.3,1.87477180474675e-05,-0.259089858111727,0.135,0.152,0.405606879956958
NDFIP1,1.91923810911029e-05,0.132990674036666,0.479,0.462,0.415227164906012
SLC16A6,1.92842257574816e-05,0.434657230673346,0.049,0.039,0.417214224263115
YJU2,1.94212425306885e-05,0.260185189609725,0.073,0.061,0.420178582151445
AF165147.1,1.96106547737056e-05,-0.597499006158481,0.013,0.019,0.42427651602912
MIR762HG,1.97218722269402e-05,-0.290302074874146,0.056,0.069,0.426682705629852
RAB10,1.98344942303777e-05,-0.16316092054311,0.141,0.16,0.429119282674222
PEPD,1.99355381926843e-05,-0.193151208789678,0.137,0.155,0.431305368798724
KIR2DL4,1.99745338177275e-05,0.875844064337628,0.01,0.006,0.432149039146535
BCAS4,2.00465161383215e-05,-0.216873428132828,0.09,0.105,0.433706376652585
KIAA1958,2.02363347892684e-05,0.622418072979999,0.016,0.01,0.437813103165822
DOCK10,2.02841779415e-05,0.140265754602313,0.242,0.22,0.438848189764352
RALGDS,2.05688051168458e-05,-0.22827188378175,0.119,0.136,0.445006098702958
HAT1,2.06693881696911e-05,0.238783103710935,0.092,0.078,0.447182213051266
CD70,2.06809447254494e-05,-0.578721799127853,0.01,0.016,0.447432239135099
ZNF518B,2.0878407527007e-05,0.339327181532603,0.052,0.041,0.451704346846796
AL359504.2,2.09014262809446e-05,-0.821578323024017,0.007,0.011,0.452202357588237
PRR7,2.09238081663981e-05,0.28612702566374,0.074,0.061,0.452686589680022
PLD4,2.09601604276882e-05,-0.394621830318466,0.033,0.042,0.453473070853035
IFI16,2.10052265423714e-05,-0.180563246181683,0.217,0.237,0.454448076244204
SPACA6,2.11453931543579e-05,-0.443634176094675,0.02,0.027,0.457480580894534
SNX20,2.12030852476788e-05,0.228237484632773,0.099,0.084,0.45872874933353
SLC9A9,2.1266754006952e-05,-0.302924229530886,0.051,0.063,0.460106222940407
PSTPIP1,2.12861229160202e-05,-0.157395240736843,0.191,0.211,0.460525269288096
FXYD2,2.13399141981026e-05,-0.578721799127853,0.017,0.025,0.461689043675949
AP002807.1,2.17120322975856e-05,-0.600860776397102,0.011,0.016,0.469739818758265
POMGNT2,2.1723702728574e-05,0.558781724622081,0.02,0.013,0.469992308532699
RCBTB2,2.17302830183358e-05,-0.284274440662598,0.07,0.083,0.470134673101695
PIN1,2.18752202909551e-05,-0.144898243852931,0.235,0.256,0.473270390994814
CCR1,2.19675045793822e-05,-0.35267544158519,0.028,0.037,0.475266961574935
MED6,2.2134503729793e-05,0.219812215315923,0.122,0.105,0.478879988194071
ZNF10,2.22811997687525e-05,0.238716373751909,0.106,0.091,0.482053756996961
ANKRD13D,2.24757598141204e-05,-0.202420100491205,0.14,0.157,0.486263063578495
CAMK1,2.26329439897066e-05,-0.334396522364463,0.048,0.059,0.489663743217303
UNC45A,2.28182756398824e-05,-0.24726447887745,0.081,0.095,0.493673393468856
SLC4A10,2.29698740982592e-05,-0.501597372997198,0.016,0.023,0.496953226115838
RBM23,2.30602990187925e-05,0.165525770805929,0.212,0.192,0.498909569271576
NFIC,2.32254613773683e-05,-0.212807084177979,0.126,0.143,0.502482856899363
SNHG15,2.33589036652388e-05,0.132680112275749,0.313,0.292,0.50536988079744
C12orf65,2.35871312273694e-05,0.240616814692073,0.101,0.086,0.510307584104137
TRMT6,2.36220918799345e-05,0.352914377355672,0.062,0.05,0.511063957822384
MTHFSD,2.36648905229034e-05,-0.572621599591436,0.013,0.02,0.511989906463014
DHX16,2.39772198761551e-05,-0.287096464404016,0.059,0.071,0.518747152020615
METTL7A,2.40183092376862e-05,-0.335220351197307,0.048,0.059,0.519636120357341
NME1,2.40985173952476e-05,-0.244223608521592,0.087,0.101,0.521371423846183
LSM3,2.41030937360791e-05,-0.140299109539269,0.218,0.239,0.521470432980071
DBNL,2.41471878058222e-05,-0.140195100366778,0.285,0.306,0.522424408178963
RNF141,2.43810597089999e-05,-0.270259125082596,0.076,0.09,0.527484226804214
USP46,2.4396713662769e-05,-0.421752452789454,0.027,0.035,0.527822900094006
GON7,2.47380789725951e-05,-0.327183032131889,0.042,0.052,0.535208338572096
ZNF433-AS1,2.48217838793503e-05,-0.246658256461505,0.074,0.088,0.537019294229744
LTK,2.48560415314692e-05,-0.571701371450081,0.011,0.016,0.537760458533337
MYCL,2.49924009867127e-05,-0.707708239847931,0.008,0.013,0.540710595347529
ORAI2,2.53205916270881e-05,0.21054930538281,0.111,0.096,0.547810999852051
RNF170,2.55149574352407e-05,-0.383217067046217,0.028,0.036,0.552016104111432
NUTF2,2.55727546799145e-05,-0.16368429984901,0.187,0.206,0.553266547499951
TOP2A,2.56696414486303e-05,-1.03649228339523,0.008,0.013,0.555362692741116
PHPT1,2.58778133500031e-05,-0.162426501128632,0.158,0.177,0.559866491827317
ALDH3B1,2.60533341183984e-05,-0.333389395027519,0.038,0.048,0.563663883651549
MRPL28,2.60852825242391e-05,-0.20338813382276,0.122,0.138,0.564355087411912
MPLKIP,2.62724327192127e-05,-0.20696839757781,0.086,0.1,0.568404081880166
NDUFA7,2.65541107426173e-05,-0.144818782726862,0.204,0.224,0.574498185916525
AL121944.1,2.68949415550861e-05,-0.286317130974014,0.056,0.068,0.581872060544288
CR381653.1,2.69097666878949e-05,0.613296973165076,0.018,0.012,0.582192802292606
FAM200B,2.69578811135911e-05,-0.195498577357323,0.156,0.174,0.583233757892543
FLOT1,2.72657857756146e-05,-0.145104841634237,0.183,0.203,0.589895275255423
FBXO2,2.73442161381195e-05,0.668545290847623,0.015,0.009,0.591592116148216
AC090152.1,2.77315040410555e-05,-0.393723135248712,0.024,0.033,0.599971089928235
CORO1C,2.77472616544609e-05,-0.350010575952286,0.044,0.054,0.600312005894262
INPP4B,2.78073464579913e-05,0.207985079847226,0.167,0.15,0.601611940618642
TMEM170B,2.83111487659653e-05,-0.307779646365359,0.058,0.07,0.612511703551659
CCDC174,2.84142144265757e-05,0.215443728045966,0.124,0.108,0.614741529118965
SLC7A7,2.84559824139367e-05,-0.135445948881597,0.093,0.108,0.61564517952552
HSD17B11,2.8685157663462e-05,0.115504934589246,0.275,0.253,0.620603386049
TMEM87A,2.8729999669123e-05,0.199108126001561,0.146,0.129,0.621573542841476
FAM107B,2.8922436238343e-05,0.111897240457213,0.311,0.288,0.62573690801655
CD79B,2.90500109478699e-05,-0.285506642949504,0.088,0.103,0.628496986857166
WNK1,2.90848898965199e-05,-0.140912992190351,0.188,0.208,0.629251592911209
SIRT1,2.96791970032061e-05,0.341902020553916,0.049,0.039,0.642109427164364
ZFYVE28,2.97109504488366e-05,0.334931299077772,0.054,0.043,0.642796412960581
PRSS21,2.98869559335976e-05,-0.65400992643209,0.009,0.014,0.646604291623384
TENT5C,2.9901946851281e-05,0.12150157425151,0.219,0.197,0.646928620127465
KLHL12,3.00016435053397e-05,0.302874267146654,0.053,0.042,0.649085557238023
TICAM2,3.00303529903229e-05,-0.665136550945326,0.009,0.014,0.649706686945636
APEH,3.00459254191817e-05,-0.167313723249701,0.128,0.145,0.650043596443995
LINC02256,3.0146571389697e-05,0.200651408248169,0.124,0.108,0.652221072016095
AC100810.1,3.01965256301366e-05,0.214648893494049,0.114,0.099,0.653301832008006
LENG8,3.04996333089383e-05,-0.145100832724764,0.328,0.348,0.659859566638881
ZEB2-AS1,3.0597877928953e-05,-0.417925587224798,0.027,0.036,0.661985088992898
WASHC1,3.09396244830862e-05,-0.105461078939483,0.368,0.39,0.669378775691571
CTSD,3.09756748369635e-05,-0.227652224339739,0.406,0.419,0.670158725097704
DNASE1,3.10065657621246e-05,-0.389687974737837,0.028,0.037,0.670827050263566
NHSL2,3.10898857824771e-05,-0.438823192345625,0.024,0.032,0.672629678903893
AC025171.2,3.11756314304437e-05,-0.334855259604268,0.036,0.045,0.67448478599765
SAMD4A,3.12965757984386e-05,-0.518779258671572,0.019,0.026,0.677101417399218
FARSB,3.15268620710452e-05,-0.308495011227112,0.052,0.064,0.682083660907064
WLS,3.1531561328109e-05,-0.678885961053285,0.008,0.013,0.682185329333639
KCNA3,3.15387774626352e-05,0.165741327615769,0.169,0.151,0.682341450404113
NUS1,3.18751369942556e-05,0.222054474773076,0.118,0.103,0.689618588870721
ZNF106,3.22996646235898e-05,-0.200290190019115,0.179,0.197,0.698803244131365
MIF4GD,3.24464036051555e-05,-0.191957038311719,0.139,0.156,0.701977941997539
ACOT4,3.24660579698364e-05,0.621474876094399,0.017,0.011,0.702403164177411
BX284668.5,3.25024523550537e-05,-0.262717379755792,0.07,0.083,0.703190556701586
TBC1D8,3.2777827686293e-05,0.370937082086399,0.043,0.033,0.709148301992949
BICDL1,3.27963020676139e-05,-0.484785398416284,0.02,0.027,0.709547995232828
USP53,3.30300858958402e-05,0.28942801371801,0.063,0.051,0.714605908356504
PTPN1,3.32644863425513e-05,0.125721083403229,0.261,0.24,0.719677162021098
RNPEPL1,3.35442806439638e-05,-0.136407188622519,0.258,0.279,0.725730511732157
MEN1,3.39689629605373e-05,-0.388390587023704,0.03,0.039,0.734918513651225
AKR1A1,3.39957031533223e-05,-0.173190880377392,0.167,0.185,0.735497037722127
MRPL41,3.4126696569338e-05,-0.147339029577564,0.233,0.253,0.738331080277627
LENG1,3.41720656329708e-05,0.194785352446078,0.127,0.111,0.739312639969323
PVT1,3.42514643326367e-05,-0.24745093657382,0.077,0.091,0.741030430836595
PIGW,3.43005084547261e-05,0.669902163781774,0.014,0.009,0.742091500418
BTN3A3,3.45642143160571e-05,-0.215317068264332,0.106,0.122,0.747796776727896
RAD51-AS1,3.4619253673315e-05,-0.276389768018892,0.056,0.068,0.748987553222169
NUP35,3.47950920282083e-05,0.441994177912245,0.028,0.02,0.752791816030287
DGKZ,3.51286307920209e-05,-0.163580631897908,0.234,0.254,0.760007927185372
TPCN1,3.51359140122827e-05,-0.317641319351892,0.056,0.068,0.760165499655735
ZNF143,3.51428747867912e-05,-0.286823218977012,0.051,0.062,0.760316096012229
ZNF845,3.51658661418729e-05,0.541088768594082,0.022,0.015,0.760813513979419
ATP13A3,3.56055956229133e-05,0.383125377912966,0.071,0.058,0.770327061301729
TBC1D10C,3.58791883063669e-05,-0.118985628117533,0.478,0.493,0.776246239008248
MTERF4,3.60066445018493e-05,0.170974641051995,0.168,0.15,0.77900375379751
RUNX3,3.64922135278216e-05,0.128201726685711,0.296,0.275,0.789509039674421
FSTL3,3.70850384110182e-05,-0.778799634576766,0.007,0.011,0.80233480602238
SLC46A2,3.72772874009541e-05,-0.856574919673193,0.006,0.011,0.806494112919642
CHRNE,3.73393172994378e-05,0.702848558143368,0.015,0.01,0.807836129773337
TTC14,3.73970397463048e-05,-0.150855134164219,0.17,0.189,0.809084954911304
KHDC1,3.78374896519633e-05,-0.717241663209281,0.007,0.012,0.818614088620226
DDX20,3.81857299988571e-05,0.298073621427601,0.052,0.041,0.826148268525273
LCK,3.84626746431018e-05,-0.140737678110581,0.48,0.491,0.832139965903508
HSPA6,3.85334269725138e-05,-0.504910560166255,0.022,0.029,0.833670692550337
KCTD5,3.87280341059172e-05,0.305152143755693,0.057,0.046,0.837881017881518
UBL7,3.87838884540929e-05,-0.194422551245018,0.119,0.135,0.839089426704299
BMF,3.88191328885279e-05,-0.464765609830767,0.022,0.03,0.839851940043301
MIAT,3.88381423878317e-05,-0.342001746843434,0.058,0.07,0.840263210560739
SASH1,3.89881452620491e-05,-0.623115918486307,0.01,0.016,0.843508522744432
MEA1,3.90175069640574e-05,-0.145596827183327,0.162,0.18,0.844143763167382
EVL,3.91572004883068e-05,-0.101293021106912,0.655,0.655,0.847166032564517
EPB41L4A-AS1,3.92179437489433e-05,0.122757216014382,0.267,0.246,0.848480213008387
CCR4,3.92504373146983e-05,0.418855538605291,0.029,0.021,0.849183211303498
ORAI1,3.97757084455426e-05,-0.182674752675144,0.133,0.15,0.860547452219315
CA2,3.98705939428074e-05,-0.422602597210571,0.012,0.018,0.862600299952638
EBP,4.02427809678855e-05,-0.238079237281974,0.093,0.107,0.870652566240202
PSMD12,4.03117579007427e-05,0.200972762882777,0.123,0.108,0.872144882182569
CYP1B1,4.06196356160974e-05,-0.496709266743274,0.045,0.056,0.878805816554267
LMO4,4.06589645788629e-05,-0.217784509325131,0.085,0.099,0.879656698663699
B3GNT7,4.06610949574952e-05,0.603481532092895,0.017,0.011,0.87970278940541
FBXO32,4.10278757799591e-05,-0.212747022376498,0.117,0.133,0.887638092499415
MARK2,4.11327492285627e-05,-0.2257558654745,0.078,0.091,0.889907029559954
SCAMP2,4.11459330440188e-05,-0.130658994569753,0.224,0.245,0.890192261407347
FAM102A,4.1208627692154e-05,0.174067649545569,0.158,0.141,0.891548660119751
BAD,4.13832380837745e-05,-0.210857420073632,0.096,0.111,0.895326355942461
FMNL1,4.15600656164e-05,-0.161411443859594,0.295,0.315,0.899152019610814
DCTPP1,4.17512604050735e-05,-0.299325209577709,0.048,0.059,0.903288518863764
TLE1,4.18132550637982e-05,0.332179510275501,0.075,0.063,0.904629773305273
FXR2,4.21411573480884e-05,-0.605815460010128,0.012,0.018,0.911723939225893
ARL11,4.23659440499194e-05,-0.511607603269317,0.015,0.021,0.916587199520006
LAGE3,4.24481944991881e-05,-0.204031043366938,0.099,0.114,0.918366687989935
SLC16A5,4.25153398254735e-05,-0.518025867440299,0.015,0.021,0.919819377124118
MAP3K7CL,4.26538963222005e-05,-0.242366633605211,0.034,0.043,0.922817046930807
PRR14,4.27455629514341e-05,-0.217448842348795,0.095,0.11,0.924800254454276
ARHGAP12,4.27709745516755e-05,0.248080885157973,0.077,0.064,0.925350034425498
PTPA,4.28466162041982e-05,-0.234645171872304,0.075,0.088,0.926986541577828
TMC6,4.29400879579337e-05,-0.119695659706516,0.337,0.357,0.929008802969895
PIGX,4.29986327403771e-05,-0.283978533566721,0.051,0.062,0.930275419338059
TRIM14,4.30717332983751e-05,-0.222749421977569,0.091,0.106,0.931856949910345
CXXC5,4.3214732430575e-05,-0.262611540815849,0.071,0.084,0.93495073613549
DMAP1,4.35160334160261e-05,-0.229861984775025,0.085,0.099,0.941469382955724
LINC00685,4.37121717748008e-05,0.582270077544452,0.017,0.011,0.945712836347815
DPYSL2,4.37254613461529e-05,-0.311814384146853,0.06,0.072,0.946000356224017
JMJD7,4.39241281721507e-05,0.275263177266694,0.074,0.062,0.950298513004481
ZCCHC24,4.4079452597813e-05,-0.8031533657379,0.006,0.01,0.953658956953685
YTHDF3,4.44116505322214e-05,0.202659051082362,0.115,0.1,0.960846059264611
CXCL16,4.54388260017482e-05,0.373668344627313,0.093,0.079,0.983069000547822
MEFV,4.55062632089294e-05,-0.398149553486032,0.024,0.032,0.984528004525188
HCFC1R1,4.65343780720397e-05,-0.20252843587917,0.112,0.127,1
PDCD6IP,4.70994404590079e-05,-0.145550371123775,0.211,0.231,1
TRPV2,4.71835019236377e-05,-0.206412843705627,0.108,0.123,1
NRM,4.76457505264048e-05,-0.344780304814386,0.036,0.045,1
RAB11FIP4,4.79662070506883e-05,0.263870302986292,0.099,0.085,1
APH1A,4.79907189162497e-05,0.104006468416006,0.363,0.34,1
VPS36,4.81139291428788e-05,-0.157437816974423,0.159,0.177,1
GK5,4.82169357360723e-05,0.260900210869625,0.087,0.074,1
RNPS1,4.8365076907273e-05,0.104455042838342,0.395,0.373,1
CDK4,4.84426358360502e-05,-0.267432224686838,0.068,0.081,1
AC020659.1,4.86386287607524e-05,-0.429803485835591,0.029,0.037,1
FAM117A,4.87536396491459e-05,-0.279973029628019,0.052,0.064,1
TTC1,4.90511756269732e-05,-0.191477259444348,0.109,0.125,1
NPL,4.9218699307221e-05,-0.443228600235152,0.028,0.036,1
OGT,4.94611216856306e-05,-0.135662763920301,0.254,0.275,1
AL441992.1,4.94740885906587e-05,-0.449188986486498,0.02,0.027,1
SRP14-AS1,4.96749689637254e-05,-0.449438782182887,0.02,0.027,1
AL136962.1,4.97068509166695e-05,-0.750202267072207,0.006,0.01,1
BCR,4.99914369342993e-05,0.2938293875807,0.049,0.039,1
BST1,4.99980102707732e-05,-0.353264851110536,0.043,0.053,1
RIOX1,5.01249319065972e-05,0.270507653457545,0.065,0.053,1
HAUS3,5.0553288311802e-05,0.209774095678435,0.134,0.119,1
TBC1D10A,5.0840445759571e-05,0.192923182307154,0.152,0.135,1
PDLIM1,5.0964742290019e-05,-0.328931381313742,0.064,0.076,1
GAS2L1,5.1143142828128e-05,-0.652976353821276,0.014,0.02,1
SNPH,5.23213699485336e-05,0.634984894342372,0.015,0.01,1
FLAD1,5.27850885885857e-05,-0.2291545088222,0.075,0.088,1
ABCC3,5.28398248779455e-05,-0.562602133764576,0.013,0.018,1
PHF5A,5.33642929978536e-05,0.150310711069621,0.172,0.154,1
TBCB,5.39325330592981e-05,-0.129661098711183,0.284,0.304,1
TNK2,5.4115419426168e-05,-0.24205923695464,0.078,0.091,1
D2HGDH,5.43892880149254e-05,0.250831145854067,0.068,0.056,1
ATG14,5.45053487440496e-05,0.218348520668231,0.103,0.089,1
DTHD1,5.51035447951411e-05,-0.523538883858544,0.022,0.03,1
IGKV3-11,5.5393808359088e-05,-0.965882645304814,0.014,0.008,1
NOP58,5.56594683322163e-05,0.118178043909034,0.332,0.311,1
HDAC7,5.58140169065641e-05,-0.177320460354398,0.148,0.165,1
LINC00665,5.5868958189858e-05,0.527431753187568,0.024,0.017,1
GOLT1B,5.58996309826223e-05,0.202618947664087,0.128,0.113,1
ZNF580,5.60113786108473e-05,-0.177828482169279,0.13,0.147,1
TMIGD2,5.61056183602778e-05,0.240616814692073,0.096,0.082,1
CASP2,5.62983153978695e-05,-0.377332028144199,0.033,0.042,1
TLR7,5.63206408866143e-05,-0.764733784737802,0.006,0.01,1
CEBPZOS,5.68185907721692e-05,-0.188631789236956,0.129,0.146,1
FSBP,5.73160708626401e-05,0.756262448584955,0.012,0.007,1
ATP1B3,5.73889695219929e-05,0.234658412519219,0.191,0.174,1
MGST2,5.75663780730528e-05,-0.41675431946446,0.025,0.033,1
JARID2,5.76173199911396e-05,0.199263794745745,0.181,0.164,1
APOL2,5.78383361518929e-05,-0.349550845160343,0.036,0.045,1
RAB34,5.82234856949673e-05,-0.327965723072496,0.038,0.048,1
YARS,5.86151273040293e-05,-0.173513299857548,0.129,0.146,1
AC244033.2,5.90893461636093e-05,-0.658338967191222,0.008,0.013,1
ZFAND5,5.92160222895465e-05,0.137900578199856,0.342,0.319,1
FASLG,6.05217097113237e-05,0.643670622208594,0.019,0.013,1
KIAA2013,6.05237810486887e-05,-0.404488758299338,0.031,0.039,1
PABPN1,6.07125846455287e-05,-0.153474101246791,0.184,0.203,1
COQ5,6.08972234651717e-05,-0.37721674426523,0.032,0.04,1
PCED1B,6.22949258997889e-05,-0.206457067432079,0.13,0.146,1
GZMA,6.23971525187593e-05,-0.323245443151871,0.279,0.291,1
YIF1B,6.24676516854364e-05,-0.19626543499629,0.104,0.119,1
ZNF397,6.28109392781336e-05,-0.394973121673853,0.027,0.035,1
NSUN2,6.30942925882106e-05,0.257366227060432,0.082,0.069,1
MTRNR2L8,6.52829365915118e-05,0.1204860745887,0.244,0.224,1
FAF2,6.63401121429345e-05,0.260354108233687,0.072,0.06,1
BTBD2,6.66570321331017e-05,-0.336471959446218,0.035,0.044,1
TFB2M,6.68586267083008e-05,0.339850601528301,0.051,0.041,1
MXI1,6.68949068428454e-05,0.223316973348596,0.091,0.078,1
HACD4,6.69588511802352e-05,-0.167468144468299,0.174,0.191,1
CYB5A,6.75965560451485e-05,-0.237616228931743,0.077,0.09,1
AC144831.1,6.78722707018162e-05,-0.819729898631648,0.006,0.01,1
PCAT1,6.91057253976034e-05,0.490951728678958,0.023,0.016,1
RENBP,6.95606275223063e-05,-0.282480347904141,0.046,0.056,1
MAP3K1,7.02049309034796e-05,-0.218738167318333,0.126,0.141,1
AP1G1,7.04280881289386e-05,0.201379337756118,0.128,0.112,1
SNHG12,7.0869095683708e-05,0.149884937095996,0.185,0.166,1
PPP1R16B,7.10247894613208e-05,0.243652236119976,0.105,0.091,1
BRAT1,7.12917035163719e-05,-0.23326354609862,0.073,0.086,1
GTPBP2,7.20652787702842e-05,-0.408796797685541,0.023,0.031,1
PRKCB,7.29517239031067e-05,-0.128168715257934,0.265,0.285,1
COMMD1,7.35918529361811e-05,-0.194523652181234,0.123,0.139,1
IL1B,7.38892555867974e-05,1.33210163410259,0.091,0.08,1
PPP6R2,7.40371883580622e-05,-0.165940273789377,0.178,0.196,1
ZNF622,7.4615949590267e-05,0.18130041388555,0.139,0.123,1
ZADH2,7.47054009517997e-05,-0.305622938454481,0.041,0.051,1
DOK1,7.4968062843399e-05,-0.331876334066866,0.046,0.057,1
KRR1,7.50997056817614e-05,0.146379973247508,0.164,0.146,1
GNG11,7.52683504666246e-05,-0.606235291689707,0.015,0.021,1
COMMD8,7.54126451455401e-05,-0.230353233199494,0.081,0.094,1
SLC20A1,7.66614801600539e-05,0.16828729984227,0.153,0.136,1
HIST3H2A,7.71129166608055e-05,0.279816663553528,0.076,0.064,1
KLRC1,7.81344619743073e-05,0.27401302643376,0.038,0.03,1
SEPHS2,7.84666220279007e-05,0.206983905970128,0.125,0.11,1
HDAC2,7.8492894832306e-05,-0.195685125200241,0.127,0.143,1
SNF8,7.85169735655299e-05,-0.223374238161383,0.088,0.101,1
DDX28,7.90965028233582e-05,-0.301963674674857,0.038,0.047,1
SLAMF1,7.91210611179396e-05,-0.262017711303502,0.043,0.053,1
TRIM34,7.9820818620993e-05,-0.349239953005085,0.03,0.039,1
SLC5A6,8.06193812019372e-05,0.311953210433806,0.051,0.041,1
SDF2L1,8.08258084424161e-05,-0.176990556312107,0.138,0.154,1
PRLR,8.13876331583863e-05,-0.623809688656391,0.007,0.011,1
GALK1,8.16780918315079e-05,-0.269683215998367,0.054,0.065,1
FCER1A,8.19376431986066e-05,-0.986146114296822,0.009,0.014,1
SIGLEC9,8.23661567770294e-05,-0.446056416254623,0.021,0.029,1
C22orf34,8.23777559587926e-05,-0.398583707880187,0.025,0.033,1
FCMR,8.26054444911813e-05,0.102308403915363,0.403,0.381,1
BAG2,8.26255001834845e-05,0.329120756291444,0.042,0.033,1
MRPL37,8.27677591585591e-05,-0.225134196947636,0.09,0.103,1
AP1S2,8.28010432036735e-05,-0.164251381041488,0.214,0.232,1
NTMT1,8.28966027016212e-05,0.221806760853116,0.109,0.095,1
OGG1,8.32361256136356e-05,-0.332932773709926,0.035,0.044,1
TTF2,8.35074596704767e-05,-0.305288104833433,0.04,0.049,1
KIZ,8.40953601672042e-05,0.228633122929751,0.09,0.077,1
SPINT1,8.41518325058581e-05,-0.477718480444377,0.015,0.022,1
LUC7L2,8.43187328471414e-05,0.116339841576455,0.25,0.229,1
SSBP4,8.46939233529416e-05,-0.181090576452625,0.167,0.184,1
NBPF26,8.47999109786636e-05,-0.262930537138367,0.053,0.064,1
ACSL6,8.51939613372007e-05,-0.356805436215422,0.028,0.036,1
RNF144A,8.6648313774967e-05,0.325700540889915,0.048,0.039,1
PITPNM1,8.70115739951708e-05,-0.238519532771599,0.063,0.075,1
DDX60,8.72643046969358e-05,-0.290721323310313,0.046,0.056,1
CCDC159,8.80271457840094e-05,-0.248315550316186,0.07,0.082,1
MIR155HG,8.83008810732209e-05,-0.47116865797305,0.018,0.025,1
EIF2A,8.85435519901773e-05,0.116385699089268,0.274,0.253,1
AP002387.2,8.85795703228276e-05,0.196561813938338,0.144,0.128,1
TBC1D15,9.02598739179085e-05,0.230130471316253,0.092,0.079,1
CCR2,9.09609119488732e-05,-0.595795312486795,0.009,0.014,1
RNF157,9.09614724324485e-05,0.434575023485605,0.03,0.022,1
SLC66A3,9.10902424854505e-05,-0.19668562535016,0.127,0.143,1
ARF3,9.12282278825004e-05,-0.160573924858626,0.146,0.163,1
IFT20,9.1970971711193e-05,-0.198205039983747,0.102,0.116,1
CRYZ,9.23382730556349e-05,-0.325955728747887,0.031,0.039,1
YDJC,9.24763967611875e-05,0.185106625284721,0.154,0.137,1
CLIC3,9.2831197256406e-05,-0.263034644214636,0.129,0.144,1
KIF13A,9.31085161469513e-05,-0.445198126290464,0.02,0.027,1
ZNF571,9.36584127708916e-05,0.433103636268936,0.027,0.02,1
PADI2,9.36761789669354e-05,-0.655173859565727,0.008,0.013,1
GNL3,9.37360999053693e-05,0.181741957687702,0.13,0.114,1
UGGT2,9.4162561502411e-05,-0.735822760212582,0.006,0.011,1
RLF,9.48556680849284e-05,0.182545005322564,0.145,0.129,1
MGAT2,9.48631321417915e-05,0.283666199732718,0.066,0.055,1
RELA,9.55218993856478e-05,0.161094267767854,0.21,0.192,1
PGM2L1,9.60592586745903e-05,0.303813526131576,0.046,0.036,1
OSBPL5,9.68808131286801e-05,0.343701307472052,0.064,0.053,1
TKFC,9.6882536010302e-05,-0.329928408870706,0.035,0.044,1
SMIM25,9.73646717662641e-05,-0.153108464152178,0.067,0.079,1
KMT5A,9.94825897908485e-05,-0.450397702152314,0.021,0.028,1
AL158071.3,0.000100171180175237,0.66094861364043,0.011,0.006,1
OSBPL11,0.000100422426718953,-0.307091369605674,0.05,0.06,1
RFC2,0.000101479393692627,-0.307351534125996,0.041,0.05,1
GRSF1,0.000101652971749117,-0.131945108781261,0.217,0.236,1
KDM5B,0.000101844156985404,0.210693386163886,0.105,0.092,1
LPXN,0.000102002825472392,-0.147038548539018,0.161,0.178,1
PXMP4,0.000102622480769256,-0.468297809434202,0.016,0.022,1
PREB,0.000103272882800874,-0.2157598427773,0.087,0.1,1
RNF7,0.000103590530792439,0.113106230204967,0.327,0.305,1
HSPA13,0.000103853156106447,0.302958233683386,0.063,0.052,1
TYK2,0.000104984597423532,-0.194698610076828,0.129,0.145,1
NDUFA5,0.000105024339291288,0.123644646830914,0.243,0.224,1
PXN,0.000106098612008246,0.122129392621834,0.299,0.279,1
FKBP15,0.00010611131951741,-0.25618381412746,0.065,0.076,1
TIMM8B,0.000107169745231585,-0.185511343178586,0.115,0.13,1
SLC25A11,0.000107455373069417,-0.21603454654179,0.097,0.111,1
MIIP,0.000108481847369513,-0.169024324604208,0.13,0.146,1
ARRDC3,0.000109181613469165,0.214691482809461,0.144,0.128,1
TCR-D,0.000109869428925161,0.516577536354452,0.062,0.052,1
LINC02723,0.000111032207725266,-0.738502243164622,0.006,0.01,1
TRPM7,0.000111310745564554,0.201483826412658,0.126,0.111,1
FRG1,0.000111474007558113,0.135962347662346,0.257,0.238,1
COMMD9,0.000111553671759946,-0.200054536946211,0.101,0.115,1
ZNF891,0.000111819297031138,0.536755418292082,0.019,0.013,1
ING4,0.00011340718707208,-0.212870069102385,0.083,0.096,1
KLRD1,0.000114321430083864,0.207319093976528,0.195,0.179,1
LINC02084,0.000115475338878307,-0.357594345027983,0.031,0.039,1
ZNF709,0.00011590967335714,0.574848589464157,0.017,0.012,1
GLMN,0.000115916984442656,0.26277437850966,0.068,0.057,1
AC022706.1,0.000116257761327787,-0.29997452800437,0.041,0.051,1
ZBTB2,0.000118664323022287,0.299419857999047,0.063,0.053,1
WRNIP1,0.00011914486642406,-0.354965127060063,0.029,0.037,1
LPGAT1,0.00011965486726639,-0.216400460268053,0.089,0.102,1
GPCPD1,0.000120087043284738,0.170899634764584,0.189,0.171,1
AC018607.1,0.000121043950317466,-0.682557610112393,0.008,0.012,1
EIF2AK3,0.000121597126605469,0.282207949322022,0.066,0.055,1
CLPB,0.000121662267846545,-0.375188405042722,0.03,0.038,1
ETFRF1,0.000122453947177054,0.244813049985185,0.088,0.076,1
ATP6V1D,0.000123010894848441,-0.252198567308672,0.056,0.067,1
CTDSP1,0.000123560223167631,-0.146101809578495,0.192,0.21,1
GART,0.000125197291118594,-0.244070852800584,0.059,0.07,1
COQ10B,0.000125642588428342,0.130452728990847,0.207,0.189,1
CCT5,0.000125700037148148,-0.145762391851747,0.159,0.176,1
ANKRD13C,0.00012720635656069,0.230782870072997,0.091,0.079,1
PDK4,0.000127436590595131,0.53747121837667,0.018,0.012,1
PARP12,0.000127567384358678,-0.204220051509454,0.108,0.123,1
AXIN1,0.000128166410892512,-0.246512752467325,0.055,0.066,1
DIABLO,0.000129601579872132,0.256647499099347,0.075,0.064,1
TFPT,0.000130009689399118,-0.28131602337456,0.049,0.059,1
ZCRB1,0.00013246516633385,-0.166849841526913,0.129,0.145,1
PHF1,0.000133492368958622,0.108439569280532,0.335,0.314,1
TMEM45B,0.000133899655538857,0.751426802564477,0.01,0.006,1
ADAP1,0.000134291108267945,-0.333069471522295,0.044,0.053,1
ARID5B,0.0001347506926763,0.12622105472453,0.231,0.212,1
RRP8,0.000135628770425203,0.267215585248802,0.068,0.057,1
MYNN,0.000135671751374486,0.239649938317819,0.079,0.067,1
PSTK,0.000135970479211372,0.412560983771038,0.028,0.021,1
ERRFI1,0.000135995868015149,0.624811594957279,0.016,0.011,1
MAST3,0.000136291351701897,-0.225716258590106,0.074,0.087,1
GPR155,0.000137803844598432,-0.287392446326051,0.052,0.062,1
SATB1-AS1,0.000139600190926722,0.469808094799806,0.022,0.016,1
DUSP22,0.000142556690208755,-0.181626470559365,0.095,0.108,1
STXBP1,0.000142706411626849,0.724827766444655,0.011,0.006,1
ZNF383,0.000142759828774192,0.371636825056775,0.037,0.028,1
RSPH3,0.000142919277803995,-0.551500330392829,0.012,0.018,1
RABL6,0.0001432572057789,-0.223241144529464,0.075,0.087,1
ZNF749,0.00014395495060724,-0.327705369226982,0.029,0.037,1
MAP4K1,0.000145164455269909,-0.169958675993816,0.18,0.197,1
BLNK,0.000147461236434472,-0.378476905327296,0.028,0.035,1
ITFG2,0.000147733731191858,0.175562814279282,0.134,0.119,1
DAGLB,0.000148643687322263,-0.3063976313768,0.043,0.052,1
AAMDC,0.000149127697784728,-0.370135177316436,0.026,0.034,1
SLIRP,0.000149246444192093,0.131536348874604,0.234,0.215,1
PRPF38A,0.000150208044393894,0.193090480346827,0.117,0.103,1
PSMB3,0.00015084311371689,-0.125448025794021,0.308,0.327,1
MAK16,0.000151309749893795,0.365047582253353,0.035,0.027,1
PPP6R1,0.000151494098574259,-0.164057909857802,0.136,0.152,1
BRCC3,0.00015156935653921,-0.241041358834869,0.058,0.069,1
ZNF677,0.000152377441002072,-0.387377814050636,0.026,0.034,1
TBC1D2,0.000153198853150438,-0.370404563003128,0.026,0.034,1
FOXO1,0.000154183563406012,0.197590139537626,0.103,0.089,1
SYNE1,0.000154817459381507,0.121539530076378,0.272,0.254,1
ANAPC15,0.000155177002648887,-0.162089280293629,0.146,0.162,1
YLPM1,0.000155651068198758,0.18810531634714,0.129,0.115,1
GAS7,0.000157007051047922,-0.205050129146493,0.085,0.098,1
TANC2,0.000157365323382202,0.520813874423061,0.016,0.011,1
IKZF5,0.000157752174133734,0.188161890803143,0.099,0.086,1
MTX1,0.000159159254949543,-0.221405972793163,0.084,0.097,1
CNPY2,0.000160217229210579,-0.137603868464583,0.189,0.207,1
PSRC1,0.000160397180891483,-0.78091064974112,0.006,0.01,1
ZNF761,0.000160408430055817,0.437149593515029,0.026,0.019,1
MID1IP1,0.000161627722849647,-0.270642253451898,0.082,0.094,1
ZC3H7A,0.000161830451068994,0.140222387400312,0.186,0.169,1
PRRT3,0.000162188766127074,0.520813874423061,0.018,0.013,1
PTPRN2,0.000163143511891106,-0.380308240725846,0.019,0.026,1
SLC35D1,0.000163149564332547,0.394805989510956,0.03,0.023,1
ANPEP,0.00016433980537099,0.65461237249052,0.074,0.063,1
STX10,0.000164412616902937,-0.148781477199955,0.194,0.211,1
AC021028.1,0.000164927115178596,-0.655537396178684,0.007,0.011,1
C4orf33,0.000165187056053318,-0.368559666576818,0.028,0.036,1
DPM3,0.000165252791331131,-0.154914090221277,0.161,0.178,1
CEP85,0.000165955549271841,-0.44039364257988,0.02,0.026,1
CDCA4,0.000166561405558123,0.345072123140353,0.04,0.032,1
CPNE2,0.000167411555498846,-0.404309406693227,0.027,0.034,1
ITM2A,0.000167478923283994,-0.160527696684804,0.236,0.253,1
SIN3B,0.000169376446448196,-0.219416845140214,0.069,0.081,1
CEP78,0.000169943774930804,-0.202121171130063,0.094,0.107,1
KCTD9,0.000169974852707358,0.374402893550527,0.041,0.033,1
TBCD,0.000170820300596148,-0.2430959887273,0.082,0.095,1
CAT,0.000173950991244028,-0.13121792104893,0.151,0.167,1
DTNBP1,0.000174144469424972,-0.244618990294388,0.066,0.077,1
PDE7A,0.000174617378469567,0.16835787280255,0.123,0.109,1
SIRPA,0.000175887286967265,-0.248364368450444,0.048,0.058,1
BBS2,0.000178955940129173,0.251074444711377,0.063,0.052,1
PSMA3,0.000179689500720653,0.152759745379629,0.193,0.176,1
CD86,0.000180114677681865,-0.161979187913272,0.066,0.077,1
EDEM2,0.000181529456441015,-0.227213689602732,0.077,0.09,1
MXD1,0.000181655999903634,-0.152217514623463,0.138,0.154,1
FAM214A,0.000183151202289581,0.200944610163814,0.091,0.078,1
HNRNPH2,0.000183791047820554,0.15321697796352,0.155,0.139,1
FXYD6,0.000186139046479273,-0.572027146553845,0.012,0.017,1
SNHG16,0.000187634318425246,0.104339668905961,0.307,0.286,1
TRAV41,0.000190000399353482,-1.08265980299563,0.013,0.018,1
DCPS,0.000190518124501832,-0.236773330359231,0.064,0.076,1
MED28,0.00019092373480379,0.156855085951808,0.149,0.134,1
PDGFD,0.000190927464133694,0.415803070805996,0.028,0.021,1
P3H1,0.000191938082140967,-0.28236055313652,0.044,0.054,1
IRF9,0.000193025609859334,-0.109029279425901,0.278,0.298,1
PRR34-AS1,0.000193129018592902,-0.325571982225903,0.036,0.044,1
AC097376.3,0.00019666695632441,0.267086125694431,0.051,0.041,1
KLF9,0.000197753314332083,-0.14342015848657,0.169,0.186,1
HINT2,0.000198838835257666,-0.179046816534954,0.123,0.138,1
RILP,0.00020031980923291,-0.501019442134609,0.015,0.021,1
YTHDC1,0.000200610050445873,0.123155964493193,0.276,0.258,1
LINC02245,0.000200754005184996,-0.325249006438585,0.042,0.052,1
KLF11,0.00020091515599123,0.277939968554224,0.079,0.067,1
UPF2,0.000201129338161471,-0.135813116928598,0.199,0.217,1
LPCAT3,0.000202495549009186,0.268340113848752,0.068,0.058,1
SRPRA,0.000202654466066338,0.114730135125955,0.258,0.239,1
AHR,0.00020391025028751,0.30070139051248,0.097,0.085,1
PPM1D,0.000204133038530733,0.218223042957035,0.087,0.075,1
SFXN5,0.000205047179300803,-0.437365949882311,0.021,0.028,1
PDCL,0.000205531459971021,0.308292572107401,0.047,0.038,1
ARL3,0.00020553673016702,-0.320318842025705,0.035,0.043,1
NUDT14,0.000206407975281732,-0.30487163637484,0.04,0.049,1
HERC5,0.000208978783809461,-0.299097978717432,0.067,0.078,1
GOSR1,0.000210154403419654,0.207894456654127,0.099,0.086,1
DUSP14,0.000211855150032365,0.418281948412226,0.027,0.02,1
NFATC2IP,0.000212231065512205,-0.176993812468325,0.111,0.125,1
UBA7,0.000212331033888382,-0.194476206234886,0.128,0.143,1
TMEM9B-AS1,0.000214154504048862,-0.63530532749422,0.007,0.011,1
RFTN1,0.000214285846114908,0.153460402509215,0.19,0.173,1
AC008035.1,0.000219116905902728,0.758719295130834,0.01,0.006,1
ZC3H11B,0.000219174719309332,0.430266984099402,0.027,0.02,1
MAP3K11,0.000219737264878709,-0.160003014256574,0.138,0.154,1
COPZ1,0.000220276803329769,-0.153143140067423,0.162,0.178,1
VAV1,0.000221537663952004,-0.208193939769478,0.097,0.11,1
PNO1,0.000222320833447111,0.242197850511554,0.073,0.061,1
TEDC1,0.000225554866772935,-0.417199238681238,0.017,0.023,1
ZNF570,0.00022681622264968,0.464346922764033,0.023,0.016,1
HGSNAT,0.000227278493512589,0.21570782086317,0.088,0.076,1
TMEM265,0.000227378930500609,-0.664695022237706,0.006,0.01,1
PLAAT4,0.000227567823629367,-0.148912350726567,0.474,0.482,1
TMOD3,0.000228766401126307,-0.137430612426571,0.185,0.203,1
MAPK6,0.00023063556315992,0.238733712898721,0.092,0.079,1
TRPM2,0.000230806338682396,-0.565665646302407,0.012,0.018,1
P2RX7,0.000231797762913224,-0.435527163300063,0.021,0.027,1
MIS18BP1,0.000231858842549397,-0.158216087209496,0.159,0.175,1
COPS6,0.000232008362928839,-0.123071486930981,0.223,0.241,1
UBR2,0.000232371856158345,-0.152111817684262,0.158,0.174,1
ARPC5L,0.000233094578534455,-0.144541495370458,0.232,0.25,1
KCNK6,0.000233313179845931,-0.275810930410864,0.043,0.053,1
PTGER2,0.000234012838097522,-0.157861637221425,0.132,0.147,1
IK,0.000234557522982079,-0.105360475954571,0.289,0.309,1
ZSCAN2,0.000235922699900636,-0.406254603123088,0.02,0.026,1
DUSP3,0.000236610938118597,-0.338551501645796,0.034,0.042,1
AC124248.1,0.000238383791436619,-0.614641373382796,0.006,0.01,1
THUMPD3-AS1,0.000239302356768562,0.139190370516575,0.161,0.145,1
ELOVL1,0.000242079218934771,0.175138413854206,0.145,0.13,1
TWISTNB,0.000242116055315341,0.2337863185534,0.096,0.084,1
PPP1R7,0.000242373508457676,-0.147503320777758,0.183,0.2,1
IMPDH1,0.000242854103387006,-0.127046467355562,0.155,0.172,1
ZNF678,0.000244334612793548,-0.454600487298666,0.015,0.021,1
SCML1,0.000248544535565604,0.268495482960197,0.059,0.049,1
ZSCAN25,0.000249121443953985,0.295184315838356,0.047,0.039,1
TOPORS,0.000249704711536074,0.191459927138532,0.119,0.106,1
HIC2,0.000249766694513604,0.362584206613123,0.033,0.025,1
SIGLEC5,0.00025070629536963,-0.598485053949283,0.008,0.012,1
ADRA2B,0.000252137950707476,0.736480432571196,0.011,0.007,1
LINC00877,0.000254294840064296,-0.352240489723527,0.027,0.035,1
NKIRAS2,0.000254995889335251,-0.23202946424715,0.069,0.081,1
ZDHHC24,0.000255580335307839,-0.17363132176835,0.101,0.115,1
ZNF410,0.000259019803203089,0.18021874802893,0.118,0.104,1
SGSM3,0.000261179873000586,-0.165515448245743,0.154,0.17,1
FHL1,0.000262118854742738,-0.332262949496242,0.035,0.043,1
FADS3,0.000263305228972731,0.374280721334977,0.033,0.025,1
ST3GAL1,0.000263756786307872,0.118326861012974,0.299,0.281,1
SCIMP,0.000266346643226948,-0.267494446268259,0.051,0.061,1
METTL3,0.00026792437872944,-0.214769000058156,0.065,0.076,1
FGFRL1,0.000268712442369371,0.682945770942035,0.012,0.007,1
ZNF517,0.000269534945635937,0.677617954131932,0.01,0.006,1
ARID4A,0.00027200376624417,0.165064402754441,0.176,0.16,1
TMEM143,0.000272898421038767,0.344110340349687,0.035,0.028,1
MCEMP1,0.000272928801520113,-0.303660309278465,0.025,0.033,1
AC103691.1,0.00027318570967346,-0.446551719680959,0.017,0.022,1
VAV3,0.000273977754298854,0.313043860892177,0.05,0.041,1
NUP98,0.000274889893491049,0.159909812277696,0.166,0.15,1
AC136475.5,0.000276240623465021,-0.372973133911278,0.026,0.033,1
CR1,0.000276468948081699,-0.280999735875109,0.038,0.047,1
RELT,0.000277546128107248,-0.216923059755312,0.103,0.116,1
POLR2C,0.000277769569453142,0.137056520577611,0.192,0.175,1
FLYWCH2,0.000278013316793843,-0.233810386239652,0.068,0.079,1
CPSF7,0.000278654171013412,0.15210248016314,0.15,0.135,1
C11orf68,0.000280349320656429,-0.487091323662285,0.015,0.02,1
LINC01089,0.000282617920575827,-0.175268228706588,0.1,0.113,1
KBTBD2,0.000284862053708629,0.195824356549482,0.114,0.101,1
HAR1B,0.000287033459467992,0.596364907430238,0.016,0.011,1
CNOT2,0.000287264578877016,0.128283774553787,0.246,0.228,1
TBL2,0.000288617534387986,0.41825684889691,0.026,0.02,1
PSMA5,0.000288689562923407,-0.1411064518738,0.201,0.217,1
PTGS1,0.000289289422570691,-0.405976278623162,0.02,0.027,1
C19orf38,0.000289719264055059,-0.168120440083266,0.093,0.106,1
C6orf62,0.000290549096801779,-0.167788698181746,0.118,0.132,1
UBTD1,0.000293786716323068,-0.467438465594109,0.013,0.018,1
NCKAP1L,0.000293884307482285,-0.118206669331186,0.231,0.249,1
CAPS,0.000294579895755664,-0.48120529321359,0.017,0.023,1
HSDL2,0.000295447956873353,-0.246085670194101,0.048,0.058,1
GPR162,0.000297162537057486,-0.644310140755429,0.007,0.011,1
AZIN2,0.000299444244293604,-0.606029145123589,0.009,0.013,1
ANKRD36C,0.000301356942199011,0.171479622195047,0.095,0.082,1
BATF3,0.000301398776139408,0.598155962956226,0.014,0.009,1
ATP9B,0.000302275736873389,0.189660060398596,0.1,0.087,1
COG7,0.000306217474325204,-0.265889160175909,0.037,0.045,1
NBL1,0.000307271928669674,-0.59484146449113,0.01,0.015,1
EAF1,0.000308662039246204,0.215616975882502,0.078,0.067,1
CENPK,0.000309887792831245,-0.157723688944664,0.109,0.123,1
ANXA4,0.000309971728391099,-0.259793921873362,0.071,0.082,1
ZNF567,0.000311412972600124,0.326120967831807,0.044,0.035,1
CGRRF1,0.000313923246963889,0.205801047615427,0.103,0.09,1
PHGDH,0.000314539227882892,-0.467893668915473,0.016,0.021,1
AL035701.1,0.000315021946691627,0.533171080943044,0.018,0.013,1
ALS2CL,0.000316674203767678,0.56100296453876,0.015,0.01,1
IFFO1,0.000318167076677507,-0.188803466431614,0.097,0.11,1
AHCTF1,0.000318305903590488,0.176474532115439,0.095,0.082,1
IMP3,0.000319296052988074,0.132811748896824,0.237,0.22,1
NCLN,0.000319299797950578,-0.207063846915186,0.09,0.103,1
GABBR1,0.000319329938256981,-0.286393086500021,0.043,0.052,1
CDKN2D,0.000319676199002982,-0.132453866602888,0.219,0.236,1
RAB11A,0.000320220205169917,-0.159769249845627,0.195,0.212,1
MINCR,0.000320314098777317,-0.307806870159813,0.043,0.052,1
THEM4,0.000320583305233448,0.147602515457175,0.176,0.16,1
SLC43A3,0.000321556124186777,-0.312288816832194,0.028,0.035,1
SULT1A1,0.000325115702828403,-0.230798495707546,0.106,0.119,1
AC093495.1,0.000326508180220438,-0.539373131652028,0.013,0.018,1
KCNK12,0.000329754149416399,-0.404089795008013,0.017,0.023,1
SRD5A1,0.000330152284341507,-0.344438256561149,0.026,0.033,1
FBXO5,0.000330253395071948,0.508213837643428,0.018,0.013,1
FUT10,0.000334465280573423,0.567721768975296,0.014,0.01,1
AL022328.4,0.000337523944199293,0.363562703015859,0.032,0.025,1
EXOC6,0.000338226133703764,-0.280313063192175,0.048,0.057,1
NMUR1,0.000338921237504143,-0.421877442613304,0.02,0.027,1
GNA12,0.000339282950780089,0.35906280442645,0.032,0.025,1
AC243960.1,0.000340043840619116,-0.118186405593514,0.212,0.229,1
ICOS,0.000341478019375378,0.261349866482352,0.071,0.061,1
NFATC1,0.000341484144782678,0.180456785509514,0.127,0.113,1
IGHV3-30,0.00034223834786454,-0.736507245166909,0.012,0.008,1
KRT73,0.000343848301898286,-0.578721799127853,0.009,0.013,1
NCAPG2,0.000345223589154941,0.524508357980802,0.021,0.015,1
TMEM35B,0.000345302040630945,-0.207091087364209,0.082,0.094,1
KAT5,0.000345460664635766,0.186727482050958,0.093,0.081,1
TOR3A,0.000347116732564326,-0.170852629417721,0.091,0.104,1
IL1RAP,0.0003474404881463,0.370558443264279,0.029,0.022,1
MAPKAPK3,0.000351549367620465,-0.129249993032235,0.141,0.157,1
MMGT1,0.00035190413973765,0.187795597999113,0.118,0.104,1
GDPD5,0.000352535683117107,-0.291840651339692,0.029,0.037,1
ARHGEF6,0.000353758211719321,-0.158246317380053,0.141,0.156,1
CFAP410,0.000355037412076818,0.207786338024146,0.109,0.097,1
FAM204A,0.00035734002718622,-0.147710663641269,0.208,0.224,1
FAM91A1,0.000357879484930126,-0.231855802490589,0.08,0.092,1
PRKACA,0.000366607336207982,-0.266867750415068,0.059,0.07,1
PRIMPOL,0.000367001916313971,-0.38559845330742,0.024,0.031,1
RCN1,0.000368148590376635,-0.305073719269208,0.043,0.052,1
VPS45,0.000369080234090319,-0.286463360171026,0.042,0.051,1
EEF1AKMT2,0.000369588882129404,0.207275782272078,0.09,0.078,1
ZEB1,0.00036998596479771,0.200349815845059,0.097,0.085,1
SLC25A45,0.000370524658190915,0.190680673716483,0.113,0.1,1
DERL2,0.000372752897277431,0.144497787669531,0.146,0.131,1
NAE1,0.000373601499613916,0.169179272719508,0.133,0.119,1
GATAD1,0.000374355503436695,-0.299612630435989,0.04,0.048,1
Z97192.3,0.000374781822744028,-0.571068226584418,0.011,0.015,1
BOLA2B,0.000375667188490042,-0.107155747699331,0.163,0.179,1
CALCOCO1,0.00037756391233468,-0.177192229158831,0.13,0.144,1
ARPIN,0.000381632206860559,-0.491636182364142,0.013,0.018,1
DNAJC25,0.00038243704292581,0.353488111330182,0.032,0.025,1
TIPIN,0.000385867885210201,0.476319564430109,0.021,0.015,1
TIPRL,0.000386563193169729,-0.151255655411827,0.119,0.133,1
PI4KA,0.000387629519180982,0.164684408596182,0.12,0.106,1
AGAP4,0.0003878770129665,0.639183231216281,0.012,0.008,1
GLT1D1,0.00038909235912338,-0.396243747342456,0.022,0.028,1
EOMES,0.000392989501432787,-0.304299509471924,0.042,0.051,1
SSR3,0.000393277957632224,-0.132498741886131,0.215,0.232,1
UBA1,0.000395709210633219,-0.144788336058737,0.146,0.161,1
FARP2,0.000396477681344107,0.366039564142662,0.04,0.032,1
SLC37A2,0.000397251595616031,-0.461152202746677,0.013,0.018,1
NOTCH2,0.000398556832964452,-0.194726721758959,0.162,0.176,1
FXYD1,0.00040120208612588,-0.357365424543929,0.037,0.045,1
NECAP2,0.000403927006129759,-0.124020082275494,0.184,0.201,1
RSPRY1,0.000404373969259981,0.277837120930521,0.056,0.047,1
PRRG4,0.000404941813815264,-0.585641213067643,0.012,0.017,1
ETS2,0.000407870114607657,0.321783647902714,0.102,0.09,1
TNK1,0.000408321189975534,0.396825157147608,0.026,0.02,1
WDR5,0.000409473385964592,-0.233512880404583,0.059,0.07,1
AC145124.1,0.000410511441568194,0.424953859015545,0.022,0.016,1
CHMP5,0.000411821396342124,-0.176302369828255,0.113,0.127,1
ARHGAP25,0.000412172429971458,-0.146930582346428,0.177,0.194,1
TSPAN5,0.000413250156973133,0.29387247116785,0.042,0.034,1
IKBKG,0.000414302462854158,-0.177077129775908,0.103,0.116,1
MAFIP,0.000419906986615286,-0.578721799127853,0.009,0.013,1
WNT7A,0.00042171122547369,0.429545816855747,0.028,0.021,1
SURF1,0.000421839521189318,0.136081737396371,0.19,0.174,1
CYTH4,0.000421939153717867,-0.143826881503823,0.194,0.211,1
SLC25A26,0.000422115257973101,0.209262436887196,0.098,0.086,1
ZNF844,0.000423120681102373,-0.300598057171119,0.028,0.035,1
ZRANB2,0.000425133516655992,-0.122132997748706,0.259,0.277,1
AC016773.1,0.000426930651560763,-0.589448205720911,0.007,0.011,1
TMEM30B,0.000431870150426459,0.577072873479571,0.014,0.009,1
CRY1,0.000433047060114131,0.169254575850819,0.131,0.117,1
PLIN5,0.000434673655086389,-0.733049945519147,0.007,0.01,1
SNCA,0.000435434082998871,-0.401617572081236,0.012,0.017,1
PIH1D1,0.000440459579140334,-0.138045809743269,0.159,0.175,1
NGRN,0.00044066837205426,0.156727031232036,0.151,0.136,1
ACSS2,0.00044236692804642,-0.328804949155879,0.035,0.043,1
ROMO1,0.000442763369031869,-0.102130299662571,0.354,0.371,1
SMIM14,0.00044433136562238,-0.222444708377665,0.087,0.099,1
HDGFL2,0.000446870129606192,-0.293319580265605,0.035,0.043,1
AC010247.1,0.000449321192924639,-0.477792890277073,0.012,0.017,1
FAM110A,0.00045068878041452,-0.222700505572083,0.064,0.074,1
ZPR1,0.000451993534730901,0.176581285651449,0.106,0.093,1
SSH2,0.000452499067407333,0.100443152371631,0.324,0.306,1
SAP30BP,0.000453047040378897,0.125346512546038,0.226,0.209,1
CNOT3,0.000453449682572972,-0.206276176573478,0.078,0.09,1
MBD6,0.000461562398912608,-0.20897580169048,0.084,0.095,1
P2RY10,0.00046637201010676,0.159443042855445,0.125,0.111,1
RRP7A,0.000467658126331217,0.15876079738787,0.149,0.134,1
MED23,0.000467933061894846,0.191390604691261,0.091,0.08,1
BLK,0.000471428333659475,-0.29244720801917,0.048,0.057,1
DDX27,0.000471663623625731,0.147766660822907,0.178,0.162,1
UQCRC2,0.000472748719403258,-0.109499639482489,0.24,0.258,1
C3orf33,0.000475197337875808,0.520095937090063,0.016,0.011,1
VMP1,0.000477991631351492,-0.157236030170467,0.175,0.19,1
SSNA1,0.000479957712755935,-0.114406829144641,0.223,0.241,1
SAP130,0.000481271326005526,0.227160233530875,0.055,0.046,1
SLC24A4,0.000482430695384504,-0.271852604722345,0.028,0.035,1
UXS1,0.000483634772094931,0.171174566988485,0.113,0.1,1
ESCO1,0.000484867688995977,0.175930295506189,0.103,0.09,1
UHMK1,0.000486011975866796,0.120344999191817,0.209,0.192,1
NOL7,0.000486568070893434,0.107789505200008,0.311,0.293,1
C15orf40,0.000487240899315955,0.152812182110039,0.13,0.116,1
RANGAP1,0.000490837640789062,0.217899461344797,0.081,0.07,1
ZNHIT3,0.000491809421888545,0.133620008069531,0.16,0.145,1
LYRM7,0.000495391378435818,-0.25639686885334,0.05,0.059,1
SCPEP1,0.000496109319668056,-0.206678967122863,0.115,0.128,1
APOBEC3F,0.000497098368523389,-0.388960382031372,0.02,0.026,1
LY6E-DT,0.000498064223483559,-0.67458181453537,0.007,0.011,1
LINC-PINT,0.000499176482011089,0.1797999384048,0.122,0.109,1
OBI1,0.000502133425616355,0.303626612217874,0.042,0.034,1
NOMO2,0.000503278873699506,0.291217660307774,0.045,0.036,1
NFIL3,0.000505629344680809,-0.211778588050055,0.058,0.069,1
NUP43,0.000506519479800243,-0.413662552857357,0.016,0.022,1
POLR2G,0.000508984684840884,-0.143439490737018,0.208,0.224,1
SCRN1,0.0005095648070607,-0.326603170773243,0.026,0.033,1
C2orf76,0.000510902126663567,-0.347144824815657,0.028,0.035,1
MAP7D3,0.000514336809986169,-0.273986908564026,0.038,0.046,1
LARP4B,0.000520067042908292,-0.259238062875874,0.057,0.067,1
CBFA2T3,0.00052080021896677,-0.373163816654665,0.027,0.034,1
NIT1,0.00052505793125436,-0.24319040244067,0.053,0.063,1
LMBRD2,0.000529517902758144,-0.364987738608583,0.025,0.032,1
NDUFAF3,0.000529533397659767,-0.130850976581215,0.169,0.184,1
CD93,0.000532369982648342,-0.134437069951776,0.057,0.067,1
HAGH,0.000534033993204266,-0.169506657296771,0.125,0.138,1
ANKRD36B,0.000534650236214919,-0.183085261605195,0.119,0.132,1
CCT7,0.000535206945097803,-0.10374119003621,0.26,0.278,1
STMN3,0.000538232290972046,-0.171163632714795,0.15,0.164,1
BCKDHA,0.000538575879745185,-0.164378070019094,0.113,0.126,1
SLC35A4,0.000539578028419074,-0.181845285131983,0.097,0.11,1
ANKHD1,0.000541197047997178,0.125138280285517,0.278,0.261,1
PSMC5,0.000544383875139496,-0.107253780342937,0.283,0.301,1
SEMA4C,0.000544765787530203,0.34753852819857,0.031,0.024,1
ZNF575,0.000547638781931648,-0.447736486951886,0.015,0.02,1
WDFY3,0.00054893682535264,-0.443604868214796,0.017,0.022,1
KLF12,0.00055535271188153,0.116654667315768,0.168,0.152,1
ZNF195,0.000558394959874638,0.235138767899547,0.07,0.06,1
CXCL8,0.000559935497313255,0.269490547588908,0.079,0.091,1
ANAPC13,0.000562384239193529,0.178343224867919,0.112,0.1,1
C19orf12,0.000565117610513531,-0.231544344372708,0.049,0.058,1
ZNF786,0.00056862104755319,0.490319845301798,0.018,0.013,1
F8,0.000570265329587635,-0.504721217684077,0.01,0.015,1
TXNRD2,0.00057053190040716,-0.277759295338388,0.049,0.058,1
ATAD3C,0.000570753864718607,-0.664695022237706,0.006,0.01,1
POLR1C,0.000571224254358129,0.248344449557496,0.053,0.044,1
ZNF432,0.000574084870914429,0.455225532795484,0.019,0.014,1
SYT11,0.000574414702354918,-0.254040843847857,0.049,0.058,1
OXCT1,0.000582370870381791,0.188327587837122,0.102,0.09,1
PGAM1,0.000583130222482191,-0.104537443195167,0.375,0.393,1
ZFP82,0.000586227683431089,0.405230259640277,0.025,0.019,1
ATAD3B,0.00058734041924174,0.273143323734715,0.053,0.044,1
PARD6A,0.000588953131181561,0.472808501512229,0.019,0.014,1
FAM50A,0.000589066163008025,-0.132502883510706,0.178,0.194,1
MTPN,0.000590315536687272,-0.114301688288835,0.302,0.32,1
CTDNEP1,0.000591360522974861,-0.131803258589581,0.141,0.155,1
IQSEC2,0.000592337068377261,-0.429578359822044,0.019,0.025,1
C1orf61,0.000593769313168666,0.578819477858627,0.011,0.007,1
NOMO3,0.000595738622434323,-0.560459592735125,0.009,0.013,1
PHTF1,0.00060026594143286,-0.301029988136735,0.03,0.038,1
SHARPIN,0.000600987543356479,-0.135899232277351,0.148,0.163,1
SAMHD1,0.000601674771292211,-0.109692902414611,0.441,0.456,1
SMARCA4,0.000601683344400296,-0.171662357272533,0.117,0.13,1
MAN2C1,0.000607215666484104,0.160883331918461,0.134,0.12,1
CRTAP,0.000608951649839118,-0.185408482094643,0.204,0.219,1
SMC4,0.000610828641183479,-0.220930442366394,0.077,0.088,1
SLF2,0.00061200157222827,-0.254579283175048,0.045,0.053,1
CCZ1B,0.000612767994328963,0.418306634340856,0.027,0.021,1
ZSWIM9,0.000613596470404784,-0.472245170998543,0.014,0.019,1
NET1,0.000615001480464792,0.350394714715637,0.03,0.023,1
MFSD6,0.000617053555336918,0.265460392394283,0.054,0.045,1
AC019205.1,0.000617860361774621,-0.517967768048758,0.011,0.015,1
PLSCR1,0.000623014732383776,-0.100566024933716,0.131,0.145,1
ZNF667-AS1,0.000623528867082682,0.479830383227259,0.019,0.014,1
FAM162A,0.000626091867504491,-0.150126194554288,0.165,0.18,1
UHRF2,0.000626194264889284,0.168461393006343,0.109,0.097,1
CTDSPL2,0.000631295404613224,0.169270817187377,0.108,0.095,1
ZNFX1,0.000632491965783206,0.139637720272786,0.166,0.151,1
FIG4,0.000633597245225891,-0.266777792813112,0.044,0.053,1
PRR12,0.000637702273840134,-0.21779170518846,0.069,0.079,1
KRTCAP3,0.00063820871651667,-0.544164577091485,0.009,0.014,1
DBP,0.000641868133479919,-0.302935485885211,0.027,0.034,1
ACSL5,0.000644362611837978,-0.207049512635893,0.079,0.09,1
MOSPD2,0.000645258362704625,-0.289427765008607,0.042,0.05,1
MCTS1,0.000648703009193924,-0.154880288015564,0.113,0.127,1
ARIH1,0.000648847767882676,0.108109336657748,0.168,0.153,1
DBF4,0.000651479962582533,0.151336803792272,0.171,0.156,1
S100Z,0.000658149624688154,-0.361395915187839,0.021,0.027,1
AL031963.3,0.000659791733050086,-0.350769852449504,0.021,0.028,1
FBH1,0.000662031589820051,-0.254397863599837,0.05,0.059,1
COQ4,0.000662215949423602,-0.17344386106655,0.099,0.111,1
SRC,0.000663562792941986,0.39737501434566,0.022,0.017,1
ETFB,0.000664300846633587,-0.135634340677009,0.184,0.2,1
ZNF26,0.000664928181149047,0.235199478923782,0.058,0.048,1
TBC1D10B,0.000665930578084126,-0.313729869193343,0.033,0.04,1
RAB3D,0.000668834327708806,-0.228046650194936,0.043,0.052,1
AC246785.3,0.000669148906222278,-0.259196194455795,0.042,0.05,1
HELZ2,0.000681086746231299,-0.227709211784306,0.064,0.074,1
SP2,0.00068114123677627,0.174441022566154,0.092,0.08,1
OSM,0.000684207824605851,-0.338312725974173,0.087,0.098,1
UBA3,0.00069159544864917,-0.156015934150614,0.113,0.126,1
MIR17HG,0.000693562768204672,0.564535251852379,0.011,0.007,1
RBM4,0.000695776196906627,-0.119407812276743,0.237,0.254,1
PRPF19,0.000696620485427698,-0.174747966346369,0.095,0.107,1
NME3,0.000697590026295725,-0.133190270727746,0.211,0.227,1
NMRAL1,0.0006987142537847,-0.15366322431196,0.117,0.13,1
PPP3CC,0.000700411962595827,-0.126093805523578,0.305,0.322,1
IGFBP3,0.000701714655109742,-0.561019797394395,0.008,0.012,1
LINC02356,0.000703853929910941,-0.653823254368572,0.007,0.011,1
ABCC1,0.00070577508421174,0.1965418390674,0.099,0.087,1
RPS6KB1,0.000709399953271258,0.210599200099489,0.087,0.075,1
PRF1,0.000710618764680126,-0.240332119596347,0.224,0.238,1
PLA2G15,0.000711031608587403,-0.452088360596836,0.013,0.018,1
NIBAN1,0.000712248703178967,-0.1623416333576,0.108,0.121,1
MOB3A,0.000712417926954167,-0.137532011993041,0.147,0.161,1
TMEM185B,0.000717293203973286,0.341238702947029,0.033,0.026,1
TET3,0.00071889747662522,-0.286058298745685,0.033,0.041,1
USP9X,0.000721424459099098,0.141952811111038,0.133,0.119,1
SPIN2B,0.000722842012672886,-0.301187823598944,0.033,0.041,1
ZNF582-AS1,0.00072667510780038,0.596596461084678,0.011,0.007,1
MITD1,0.000727118848154339,-0.15428690442655,0.127,0.141,1
ABCE1,0.000728078334441695,0.189386518609815,0.112,0.099,1
ZNF829,0.000728331270486137,0.52268023308036,0.012,0.008,1
ZNF800,0.000728411820793383,0.115246061437624,0.239,0.223,1
EPB41L4A,0.000730198556579556,0.663639038441191,0.01,0.007,1
FDXACB1,0.000733496667344838,0.399418766908407,0.029,0.022,1
CAMKK2,0.000736328388649191,-0.256436203299276,0.054,0.063,1
LIN7B,0.00073927573149819,-0.29469031199902,0.029,0.036,1
AC245407.2,0.000740307765827796,0.143807309146605,0.12,0.107,1
GATD3B,0.000741296354925941,0.4415126846122,0.02,0.015,1
TTLL12,0.000741319691818314,-0.328923220450753,0.024,0.031,1
TMEM160,0.000748348317548512,-0.111947803364999,0.238,0.255,1
SRSF8,0.000756157659849199,0.127364482154381,0.211,0.195,1
CXorf21,0.00075884625099668,-0.446551719680959,0.016,0.022,1
APBB1,0.000764219569616822,0.187986347089064,0.11,0.098,1
FAM50B,0.000765432485944395,0.438765627600988,0.019,0.013,1
DOCK9,0.000768933714657158,0.292908763930832,0.037,0.03,1
HECTD1,0.000772848709764966,0.105052130630569,0.255,0.238,1
AC020915.2,0.000774810800955822,-0.329414376405571,0.03,0.037,1
GPS1,0.000778003040157338,-0.149434040910855,0.15,0.164,1
GAR1,0.000787851621173004,0.233860841683048,0.066,0.056,1
RHBDD2,0.000790572787994509,0.128184114742147,0.206,0.19,1
ZNF74,0.00079416664616911,-0.569733015900598,0.009,0.013,1
RGS9,0.000796830910956466,0.344949155061167,0.036,0.028,1
ZNF780B,0.000797803198851069,0.324082665775749,0.035,0.028,1
ANKRD9,0.000804427531670981,0.513988574686921,0.013,0.009,1
BORCS8,0.00080932832282394,-0.175283636119574,0.093,0.105,1
ZNF493,0.000810450029007639,-0.194423754485062,0.078,0.089,1
GEMIN7,0.000813665800597122,-0.217918213218272,0.064,0.074,1
LIMK2,0.000814484336077238,0.287092853477749,0.046,0.038,1
ARRB1,0.000821006428266453,-0.219101414168541,0.073,0.084,1
XPR1,0.000821264540741948,0.270572495141229,0.05,0.041,1
CLEC4A,0.000821398693970355,-0.207479417728694,0.058,0.068,1
PRMT9,0.000834312557051434,0.180465840469241,0.117,0.105,1
C1orf112,0.000838823710685285,-0.489912532169997,0.011,0.016,1
ASGR2,0.000839830596928031,-0.249355640756278,0.031,0.038,1
TMED3,0.000844990384848075,-0.169233133769637,0.113,0.125,1
AC005332.1,0.000848569014288657,-0.511607603269317,0.01,0.014,1
FLT3LG,0.00084921715234523,-0.143558343449114,0.317,0.331,1
TAGLN,0.000853105962376896,-0.367217693934141,0.017,0.022,1
GAREM2,0.000853232434388802,0.544259700704184,0.014,0.01,1
ME1,0.00085455321571651,-0.678257472678768,0.006,0.01,1
SDHB,0.000854562071806045,-0.107552570721781,0.178,0.194,1
ZNF429,0.00086289757505937,-0.232852739313756,0.052,0.062,1
NELFCD,0.000865894724947862,-0.145002878782934,0.151,0.165,1
CARM1,0.000867618961562504,-0.311136301062873,0.028,0.035,1
SLC35B2,0.00087096142722933,-0.216324466560197,0.066,0.076,1
MRPL47,0.000872327701690637,0.158860199679599,0.128,0.115,1
RBBP4,0.000872405563595603,-0.117151058306204,0.257,0.274,1
GRHPR,0.000878474074562106,-0.176672402626525,0.115,0.127,1
SELENON,0.000886719683778505,-0.337118773825571,0.025,0.031,1
AC016065.1,0.00089493869850817,-0.419523204278599,0.015,0.02,1
RASSF2,0.000896072919301551,-0.143620743884257,0.097,0.109,1
ARRDC4,0.000896889957982503,-0.339875445735046,0.026,0.033,1
RPL7L1,0.000897732642277023,0.149338241816461,0.155,0.141,1
CMTM7,0.000902062499820271,-0.14491252226379,0.18,0.195,1
MEF2B,0.000903138436021951,-0.375579856691003,0.019,0.025,1
PNRC2,0.000908494995574851,-0.109900191864129,0.283,0.299,1
LRRC8D,0.000908605395138018,-0.219756324915961,0.06,0.07,1
THOC6,0.000909736320077414,-0.229336741517449,0.065,0.075,1
AKR7A2,0.000910400049237611,-0.146428190586048,0.129,0.143,1
POLM,0.000914646898629348,0.180560493076602,0.103,0.091,1
PDXK,0.000921273708657817,-0.258297294830879,0.052,0.061,1
TSR3,0.000927065833633751,-0.286723910305538,0.036,0.044,1
SBNO2,0.000931046387986395,0.240860825612192,0.059,0.05,1
MED30,0.000937021391187015,0.118587787832637,0.207,0.191,1
CSTF3,0.000939287849429772,-0.275589324686501,0.033,0.04,1
TBC1D9,0.000940597936228812,-0.298121520551161,0.034,0.041,1
TGS1,0.000949619106331285,0.15541775095959,0.135,0.121,1
REPIN1,0.000960382264697867,-0.238395643547105,0.052,0.061,1
LINC00641,0.000962706607579828,0.520813874423061,0.016,0.012,1
MFSD9,0.000966098697234013,0.456515380928688,0.021,0.015,1
MRPL14,0.000970607420120315,-0.159860989740973,0.131,0.144,1
RCN2,0.000971401757449825,0.138377341742201,0.187,0.172,1
RUFY3,0.000972459856361826,-0.252040174269856,0.041,0.049,1
ZNF831,0.000973224845269242,-0.226339907698777,0.081,0.092,1
FANCL,0.000975890699249447,-0.492307047310381,0.009,0.014,1
DDX58,0.000976383894944584,-0.250825980980853,0.053,0.062,1
SSH3,0.000978681245498194,-0.34207889218546,0.022,0.028,1
SYNE3,0.00098522878965807,-0.199515291840032,0.067,0.078,1
SPINK2,0.000987480705787606,-0.420719965061361,0.012,0.017,1
MAPRE2,0.000989650000830695,0.102242957545259,0.331,0.314,1
HVCN1,0.000991972501206531,-0.132819773622001,0.095,0.107,1
AP001269.4,0.000993610835470976,0.579426034538105,0.01,0.007,1
PIK3R5,0.000999306427205173,0.114983734281347,0.222,0.206,1
AC084198.2,0.00100178529860786,-0.514181546933143,0.009,0.013,1
SPAG9,0.00100543850933204,0.160177820731657,0.14,0.127,1
CTDSP2,0.00100845661842039,-0.162023165479089,0.095,0.106,1
CCDC22,0.00101198901472521,-0.211069025281615,0.066,0.076,1
NIPAL2,0.0010172479738679,-0.397481484457706,0.016,0.021,1
SNX18,0.00102603477767452,0.24678046964001,0.07,0.06,1
RABGAP1L,0.00102792937573669,-0.128706180210042,0.219,0.235,1
RGL2,0.00103000195297529,-0.182793122796714,0.088,0.099,1
NTPCR,0.00103070682080022,-0.227142897702234,0.052,0.061,1
BAG1,0.00103791252640897,-0.11651237079131,0.2,0.216,1
C2orf88,0.00103839939428927,-0.607480792109277,0.008,0.011,1
TNRC18,0.00104271844597953,-0.222445524210221,0.071,0.081,1
HBP1,0.00104354097020001,0.110926944014461,0.216,0.2,1
CCDC107,0.00104526230446917,-0.128298365341556,0.166,0.181,1
PLCXD1,0.00104723056907673,-0.424393652736559,0.015,0.02,1
MRPS11,0.00104956461537224,-0.205070941614946,0.076,0.087,1
MRPL51,0.00105374687917206,-0.138837571193924,0.146,0.16,1
PLCB3,0.00105430066531698,-0.536657739561309,0.01,0.014,1
DCBLD1,0.00105440541950855,-0.483564566087513,0.01,0.015,1
ATXN7L2,0.00105528754225379,0.414880429673996,0.025,0.019,1
SECISBP2L,0.00106160478528049,0.13751765097835,0.165,0.15,1
VEGFA,0.00106493437475533,0.321742527321232,0.033,0.027,1
AL121787.1,0.00108045123163685,0.689050525712604,0.01,0.006,1
ING3,0.00109339315607421,0.185900137941218,0.102,0.09,1
USP30,0.00109794531823854,0.345578474740295,0.033,0.026,1
KYNU,0.00109840412598901,0.294745794943215,0.06,0.052,1
RIOK2,0.00110372715339644,0.244622853810614,0.056,0.047,1
SNHG10,0.00110923513501913,-0.25244644839672,0.05,0.059,1
ARSD,0.00111022052847802,-0.381575328950516,0.018,0.023,1
PACSIN2,0.00111204939146706,0.227828870354307,0.073,0.063,1
TSPYL4,0.00111306964142112,0.185465263773377,0.092,0.081,1
SGMS2,0.00111612584614295,-0.590309773403065,0.007,0.01,1
RNF5,0.00111883451298613,-0.177405139322997,0.098,0.109,1
PFKFB4,0.00112253654230565,-0.324206625649508,0.023,0.03,1
AC233976.1,0.00112605790082477,0.526460437564203,0.014,0.01,1
ATXN7L3B,0.00112635256243216,0.123652850710259,0.184,0.169,1
HS3ST3B1,0.00113373895076498,0.381594499399664,0.028,0.022,1
MRPL22,0.00113378915389756,0.153820608004168,0.109,0.097,1
PPTC7,0.00113403129295573,-0.190269085439971,0.064,0.073,1
RNF41,0.00113506303406186,0.186275730680456,0.087,0.076,1
CHMP1B,0.00113851936397568,0.116814362320632,0.162,0.148,1
OLIG1,0.00114339077879985,-0.503269570698389,0.008,0.012,1
ZNF267,0.00114509345525292,0.187308317474519,0.109,0.097,1
PROCA1,0.00114577959932243,-0.589862356733053,0.007,0.011,1
CTSK,0.0011460635014576,-0.541963249117735,0.009,0.013,1
NGDN,0.00114864387135711,0.113870523723496,0.22,0.204,1
CYSLTR2,0.00114898939216756,-0.557348148335286,0.008,0.011,1
NKIRAS1,0.00115351556894612,0.550913481288742,0.014,0.01,1
SUCLG1,0.001155689910824,-0.137231900420624,0.144,0.158,1
CFL2,0.00117566827390914,-0.256793704240491,0.046,0.054,1
HPRT1,0.0011822967775932,-0.156282051486405,0.107,0.119,1
ZNF566,0.00118335634105768,0.357662101576175,0.027,0.021,1
OASL,0.00118479834260645,-0.267303063030271,0.062,0.071,1
PPP1R11,0.00119058926521907,-0.129922478431916,0.152,0.166,1
ATG9A,0.00119349965218876,0.1960973949866,0.077,0.067,1
CHTF8,0.00120984927796166,-0.19850385392372,0.07,0.08,1
HEXB,0.00121074564909616,-0.118475788687452,0.138,0.152,1
TMEM167A,0.00121489413471257,-0.160164098734731,0.129,0.142,1
DESI1,0.00121915250472492,-0.199163607064435,0.076,0.087,1
EPN1,0.00122350394110419,-0.113896921720337,0.189,0.204,1
BANF1,0.00122795782869491,-0.116363067131534,0.212,0.227,1
NEK1,0.00123192662059377,0.162518450138679,0.09,0.079,1
DUSP18,0.00123247569471373,-0.345682133591897,0.026,0.033,1
DUSP5,0.00123502256466673,0.191059577395205,0.076,0.066,1
FAM120B,0.00123604517942893,0.197839969384148,0.086,0.075,1
RAB30,0.00123721011241375,0.281962625335877,0.084,0.074,1
COG1,0.00123997802561803,0.178193384382598,0.101,0.09,1
ZNF593,0.00124186321521299,0.187644711478912,0.094,0.083,1
TREX1,0.00124344442777959,-0.28202381906272,0.032,0.039,1
GGT7,0.00124785131909146,0.218461317872459,0.064,0.055,1
FAM219B,0.00124926838157284,-0.219227251122335,0.063,0.073,1
RNF115,0.00126259022253011,0.14334919142675,0.176,0.162,1
RNF145,0.00126443075881674,0.100721064252698,0.248,0.232,1
BRAF,0.00126456890103694,0.179426420033846,0.113,0.101,1
GNB5,0.00126642737902332,0.213389086777892,0.087,0.077,1
PLCB1,0.00126904842931565,0.278569999483058,0.035,0.029,1
SEMA4A,0.00127193986461425,-0.271148997217561,0.046,0.054,1
C2CD2L,0.00128468311689287,-0.329550046675806,0.024,0.03,1
KIAA1328,0.00128542556825479,0.24960807397102,0.051,0.043,1
AC105446.1,0.00128979135393923,-0.454393664125651,0.012,0.016,1
BRMS1,0.00129436969854059,-0.133852109509252,0.153,0.167,1
SMUG1,0.00129584668149941,-0.359354531009068,0.022,0.028,1
LRWD1,0.00129688413977448,-0.296555533115863,0.028,0.034,1
ZNF512,0.00129866255775038,-0.213382630522797,0.049,0.058,1
DLD,0.00130326189303633,0.157550024868268,0.114,0.102,1
BHLHE40,0.00130397667762578,0.180330800844862,0.212,0.199,1
TXNDC11,0.0013061476713698,0.146907248376747,0.149,0.135,1
MRPL21,0.00131509735290936,-0.138447008349986,0.131,0.144,1
NMNAT1,0.001315183838877,-0.502994472964608,0.01,0.014,1
ENGASE,0.0013167441160082,-0.290522089387844,0.034,0.041,1
RPS10-NUDT3,0.00131685561310869,-0.315687393294059,0.029,0.036,1
NEIL1,0.00132117550172042,0.431227861279751,0.028,0.022,1
CBR4,0.00133465577799651,-0.299844323541379,0.032,0.039,1
AC078785.1,0.00133508932074546,-0.566547085181751,0.007,0.01,1
CRAMP1,0.00133700541368135,0.374628107573325,0.024,0.018,1
TAF4B,0.00133995294377143,0.297058263940635,0.039,0.032,1
SLC19A2,0.00134493578284544,0.375055184111501,0.024,0.018,1
MRM2,0.00134687968763583,0.298595681097318,0.046,0.039,1
GBA2,0.0013490978862601,-0.304960986701001,0.027,0.034,1
EZR,0.00135420369731321,0.13417624403631,0.498,0.481,1
AC017083.1,0.00136080664460707,-0.637138485353176,0.007,0.01,1
ZNF140,0.00137246320972383,0.359877656208003,0.026,0.02,1
CHPF,0.00137494673829363,0.320192075757832,0.027,0.021,1
HDGF,0.00137635302967986,-0.170053824724736,0.097,0.108,1
SS18L2,0.00138380582752798,0.11288741720724,0.215,0.2,1
FAM207A,0.00138649381748197,-0.210310459720365,0.061,0.07,1
KLHL28,0.00139349309450818,0.159700327257869,0.108,0.096,1
RASGRF2,0.00139788380812828,0.322242681613255,0.032,0.025,1
TRIP11,0.00139938284418848,-0.158056375073163,0.116,0.129,1
RANGRF,0.00140356503655292,-0.16233912955026,0.117,0.13,1
THAP1,0.00140497999110899,0.223338823260238,0.063,0.054,1
AP5B1,0.00140682052236558,-0.263015755827088,0.057,0.066,1
TCTEX1D2,0.00141535808614775,-0.225766808619866,0.052,0.06,1
BAZ1B,0.00141915681797785,-0.161506646543639,0.116,0.129,1
DDOST,0.00142180162121313,-0.100226000736954,0.33,0.346,1
TLR6,0.00142375006659647,-0.549962806146429,0.008,0.012,1
SMIM20,0.00142776147953014,-0.172157874828405,0.09,0.101,1
DIDO1,0.00142999971094166,-0.126970680527735,0.142,0.155,1
ABCB1,0.00143973035747706,0.370652127802178,0.036,0.029,1
NAA50,0.00144007643398177,0.15427340337811,0.139,0.126,1
USP14,0.00144522646837073,0.14832275994101,0.128,0.115,1
UGP2,0.00145249574702018,-0.135059390244711,0.165,0.179,1
MRPL53,0.0014630129391351,-0.207251161254697,0.057,0.066,1
ASTE1,0.00146881234618116,0.16673934713058,0.069,0.059,1
SEMA6B,0.00146971815546906,0.520813874423061,0.026,0.02,1
ADM,0.00148079059546284,0.662804789165309,0.012,0.008,1
VPS51,0.00148552939629438,0.103349400401907,0.346,0.33,1
ATP6V0A1,0.00148589311223229,-0.260518163357218,0.035,0.043,1
ZNF45,0.00148671491092434,0.35452938301756,0.02,0.015,1
USP16,0.00149182985549627,0.130526683959575,0.209,0.194,1
SLC12A9,0.00149643325736175,-0.206157591224659,0.071,0.081,1
GTPBP4,0.00150139446140067,0.179012660132925,0.109,0.098,1
AC215522.2,0.00150793994757233,0.495625542332228,0.012,0.008,1
NUDT15,0.00151590219979078,0.21269157906073,0.057,0.049,1
MDH1,0.00152099695870044,-0.143633523607144,0.18,0.194,1
WDR20,0.00152161688891396,0.215379732419823,0.067,0.058,1
REEP5,0.00152669479816989,-0.108495865080268,0.24,0.256,1
MSL1,0.00153371221211599,-0.177044191295081,0.079,0.09,1
PRPF6,0.00153924079159044,0.12142036408986,0.187,0.173,1
IGSF8,0.00154067611828071,-0.187400368822817,0.099,0.111,1
IRF2,0.00154230267431013,-0.155577583983156,0.131,0.144,1
AP005482.1,0.00154352522803528,-0.469908311988928,0.013,0.017,1
PLSCR3,0.00156252084463112,-0.100762326052682,0.254,0.27,1
IST1,0.00156409181790329,0.103992366659926,0.169,0.154,1
TRIM59,0.00156573110257932,-0.248776236636602,0.044,0.052,1
TMEM164,0.00157062928211377,-0.31078859388122,0.026,0.033,1
DHODH,0.00157108412801355,-0.388143126467198,0.017,0.022,1
IMMP2L,0.00157366276380337,0.221389450603127,0.058,0.049,1
TOLLIP,0.00157877943510045,-0.175586388905301,0.093,0.104,1
PARP6,0.00158176309537228,0.15511090555339,0.124,0.112,1
NT5C,0.00158321575776244,-0.11373627912918,0.225,0.24,1
TMOD2,0.00158344528252798,-0.354439796590188,0.021,0.027,1
ARF4,0.00158499400976207,0.122438090973844,0.216,0.202,1
CPNE8,0.00159187488854997,-0.317572037639002,0.025,0.031,1
MATN1-AS1,0.001595558221699,0.30762141907658,0.037,0.03,1
KLC1,0.00160090861228888,-0.129591101180601,0.125,0.138,1
ZNF557,0.00160127472719439,0.286925814248784,0.035,0.028,1
UBOX5,0.00160877401659308,0.337213936083673,0.028,0.022,1
AP002381.2,0.00161280382631415,-0.307898045188496,0.029,0.036,1
ZC3H12D,0.00161596028198845,-0.306220529493366,0.031,0.038,1
TMTC4,0.00162026942547742,-0.382231241234162,0.018,0.023,1
FNIP2,0.00162958643397603,0.315078797040222,0.032,0.025,1
MED15,0.00162992727992077,-0.118093287326399,0.226,0.241,1
PIGBOS1,0.00163788590832506,-0.200553089564496,0.069,0.079,1
SSRP1,0.00164070111900224,-0.109014100804087,0.16,0.174,1
SKA2,0.00164136807474266,-0.242294134545376,0.056,0.064,1
RILPL2,0.00164239023247228,0.165839165239318,0.217,0.203,1
RCOR1,0.00165747865780756,0.175458886027317,0.09,0.079,1
CLEC10A,0.00165896921440656,-0.533680834904362,0.014,0.019,1
WASHC3,0.00165996818086676,-0.175706828098222,0.105,0.117,1
DIMT1,0.00166314430839289,0.188444032814052,0.087,0.077,1
AC055839.2,0.0016657301655137,-0.47285316402103,0.012,0.016,1
STX5,0.00166871954227907,0.154355954124137,0.127,0.115,1
MTRNR2L1,0.00167738590473166,0.57560634726344,0.012,0.008,1
PRPF3,0.00168159025056049,0.146495740838797,0.122,0.11,1
ARCN1,0.00168792832938621,0.17519386396829,0.119,0.107,1
SIPA1,0.00170004944953537,-0.131307145265773,0.153,0.167,1
LYL1,0.00170282686881733,-0.335649124951731,0.024,0.03,1
ZNF185,0.00170323979957389,-0.442033127159473,0.017,0.022,1
STUB1,0.00171083888095499,-0.116359999507578,0.183,0.197,1
LINC00963,0.00171435121760017,-0.191781553803543,0.071,0.08,1
ERAP2,0.00171625660206447,0.170417511576645,0.202,0.189,1
CENPC,0.00171775453098891,0.112774439018832,0.245,0.23,1
PEX11G,0.0017207414045393,0.528193404788659,0.013,0.009,1
WBP1L,0.00172471428788076,-0.233323338915655,0.057,0.066,1
SIRT5,0.00173085157703706,-0.326885599898923,0.026,0.032,1
MINDY2,0.00173209832247823,0.184215835749085,0.099,0.088,1
COG5,0.00173248247581093,0.172206448076401,0.087,0.076,1
ACRBP,0.00173261027654177,-0.586485199247536,0.015,0.019,1
MCRIP2,0.0017342730139994,-0.176389890867773,0.085,0.095,1
C5orf22,0.00173613307686068,0.267732942618691,0.042,0.035,1
HS1BP3,0.00173860954404287,-0.21708399443852,0.049,0.057,1
TMEM251,0.00174165712816023,-0.331755761921713,0.021,0.027,1
ZKSCAN5,0.00174653913124906,0.353891361142272,0.027,0.021,1
AATBC,0.00174868119993728,-0.609748694748478,0.008,0.011,1
TACO1,0.00175732379917737,0.217680514131602,0.065,0.056,1
KAT6B,0.00176102524594229,0.142872769538493,0.182,0.168,1
FBLN2,0.0017664164322495,0.496942470804219,0.015,0.01,1
EPS15L1,0.00177157385240165,-0.194536579446752,0.096,0.107,1
C5orf24,0.00177226639589716,-0.156132702569154,0.113,0.125,1
VARS,0.00177583991598495,-0.265453090773923,0.044,0.052,1
LINC01215,0.00177763084337176,0.237354555854911,0.056,0.047,1
NHP2,0.0017815154054106,-0.111562514678669,0.262,0.277,1
IGHG3,0.00178251612392041,-1.15173997936237,0.01,0.014,1
CYTH3,0.00179366288148522,0.349939419151884,0.024,0.018,1
PDRG1,0.00180754013566121,0.251865429167468,0.052,0.044,1
DDX43,0.00181032416692769,0.461692469318055,0.019,0.015,1
WDR46,0.00181133417309952,-0.186806857880756,0.087,0.098,1
MRPS5,0.00181149538067065,-0.149482433954198,0.128,0.14,1
AC018521.5,0.00181329426108106,0.259867654171399,0.036,0.029,1
HSPD1,0.00181525239432561,0.112815134882374,0.256,0.241,1
FAHD1,0.00182081054099788,-0.308833722252997,0.023,0.029,1
RSAD1,0.00182393318610152,-0.136697598207899,0.149,0.162,1
MFSD10,0.00182586112505057,-0.125723525309044,0.226,0.241,1
MARVELD1,0.00182770483509219,-0.529534249500322,0.01,0.014,1
AC027290.1,0.00183267894418304,0.482917266664533,0.015,0.01,1
MRPS18C,0.00183764456219009,0.157146271181018,0.119,0.107,1
CLIP2,0.00184028245987273,-0.465659134641217,0.011,0.015,1
ARPC1A,0.00184028369833806,-0.125992009777059,0.133,0.146,1
AC022098.1,0.00184263679377217,-0.310525688178281,0.031,0.038,1
DAPK1,0.00184272157760929,-0.256336504096944,0.041,0.049,1
LENG8-AS1,0.00184702318698251,-0.412182612524923,0.015,0.02,1
DPP4,0.00185770030037386,0.206773688966011,0.063,0.054,1
FADS2,0.00185994458067662,-0.633583734162371,0.007,0.01,1
IRAK2,0.00186484512437629,0.428067366534785,0.023,0.017,1
CASC4,0.00186935088917935,0.15845091513646,0.124,0.112,1
PPP1R21,0.00187672683348036,-0.177978635168519,0.077,0.087,1
ECRG4,0.00187680515678324,-0.416870919726456,0.013,0.018,1
IRF2BPL,0.00188101166483039,0.18061629555831,0.086,0.076,1
DDX41,0.00188136804797445,-0.179071408815973,0.079,0.089,1
EVI2A,0.00188278365424926,0.153564274098483,0.13,0.118,1
ADNP2,0.00188435533470685,0.221437621525546,0.058,0.049,1
CUEDC2,0.00189123945719125,-0.130292181814419,0.132,0.145,1
MYCBP,0.00189511143007484,-0.19486107643844,0.072,0.081,1
SH3BP5,0.00189923120903351,-0.123626797552319,0.185,0.199,1
DECR1,0.00189994222840445,-0.138051403434221,0.169,0.182,1
EIF4A3,0.00191453899961835,0.150424290579053,0.124,0.113,1
TLR2,0.00191631351050516,-0.119957446142749,0.059,0.068,1
FEZ2,0.00192617812675442,-0.203540288663123,0.051,0.06,1
RIOK1,0.00194186243836634,0.164869271853393,0.079,0.069,1
HGH1,0.001955234662313,-0.415460527966552,0.014,0.018,1
MOSPD1,0.00195576602771354,0.33499685899012,0.028,0.022,1
ZNF461,0.00195643462430563,0.416762719749654,0.018,0.013,1
RANBP6,0.00195829338311782,0.220929799708141,0.059,0.051,1
IGKC,0.00196104433426225,-0.397416569834605,0.059,0.068,1
MRPL36,0.00196461177765876,-0.170516802260294,0.089,0.1,1
NT5C3B,0.00196654880133993,-0.204836406515311,0.064,0.073,1
CENPP,0.00196704930498169,-0.49028383446027,0.01,0.014,1
CLCF1,0.0019740599760111,0.314706536674103,0.033,0.026,1
GRAMD1C,0.00197486029673641,-0.469097307953355,0.008,0.011,1
CTNNB1,0.00198362099085238,0.116648202307179,0.196,0.181,1
PLCB2,0.00198627347255817,-0.160904004055227,0.134,0.146,1
HDAC5,0.00199079091326157,-0.166705651824246,0.103,0.115,1
SCAMP1-AS1,0.0019929109033512,-0.242961431060921,0.036,0.043,1
TMEM268,0.00200867905946593,-0.332081831544728,0.023,0.029,1
BTBD9,0.00201778153699491,0.23795534421429,0.057,0.049,1
AKIRIN1,0.00201898297031369,0.107033322134715,0.214,0.199,1
MPND,0.00202697407924105,-0.375904916128166,0.013,0.018,1
BTAF1,0.00202700467720941,0.13984626276588,0.152,0.139,1
VENTX,0.00202777898352708,-0.449641849962924,0.012,0.016,1
PELO,0.00203516186141345,0.318950266451287,0.032,0.026,1
HDHD2,0.00204033179957039,-0.238415174925636,0.044,0.052,1
HEMK1,0.00205419927890796,-0.213412357855106,0.054,0.062,1
POGZ,0.00205734707517099,0.142604205496569,0.147,0.134,1
HDAC10,0.0020587032706866,-0.129033329319037,0.147,0.161,1
ERCC1,0.00206050427240839,-0.138442408645409,0.133,0.145,1
AC015871.1,0.00206237180372838,-0.321727995451359,0.024,0.03,1
MSC-AS1,0.00207235654704819,-0.459422870755509,0.01,0.014,1
COA3,0.0020747632190569,-0.180647196407253,0.076,0.086,1
PIGH,0.00207565881039866,0.174516574138054,0.092,0.082,1
CFAP298,0.00208704355065774,-0.150376067164879,0.085,0.096,1
RCL1,0.00210081493274133,0.263680070028951,0.048,0.041,1
MRPL43,0.00211213447471512,-0.101450586838858,0.206,0.221,1
TNFSF13,0.00211278591516852,-0.146477253072637,0.077,0.087,1
SOCS3,0.00211993660045239,0.119025273775152,0.218,0.204,1
G3BP1,0.00212301656182511,0.112496908116558,0.192,0.178,1
CD40LG,0.00212619303328033,0.157371812515048,0.081,0.071,1
WSB2,0.00212969684964074,-0.304196573471282,0.026,0.033,1
ARMC10,0.00213398346107211,-0.196142250220053,0.065,0.074,1
RPH3AL,0.00213766741135261,-0.541727591645651,0.009,0.013,1
ARL8A,0.00214929947999565,-0.205561204208523,0.066,0.076,1
RASAL3,0.00215131139044232,-0.126895705271882,0.294,0.307,1
FBXO38,0.00215567714735107,0.225781006598759,0.062,0.054,1
IQCE,0.00215968092005606,-0.421815744155404,0.015,0.019,1
PPP2CB,0.00216338742237567,-0.366177163747753,0.016,0.021,1
JMJD4,0.00216396573913105,0.24099562394747,0.049,0.042,1
PNPO,0.00216720054167066,-0.349398883882788,0.017,0.022,1
TNF,0.00218336656816423,0.353965149735433,0.049,0.041,1
STK40,0.00218365090274259,0.218870153989854,0.066,0.057,1
AC009065.4,0.00218535261899792,-0.475217223373993,0.007,0.01,1
SETD7,0.0021858775894571,-0.230313257166881,0.044,0.052,1
RTN1,0.00218665719295197,-0.399956310191664,0.015,0.019,1
ST6GALNAC3,0.00218809752661459,0.548767935994062,0.011,0.008,1
TGIF1,0.00219115763617988,0.162853048290942,0.12,0.108,1
MOB4,0.00219766171070964,0.128225304660162,0.187,0.173,1
TMEM250,0.00219771440055355,-0.385396365105463,0.017,0.022,1
TSTD2,0.00220152705296324,0.247005943586064,0.045,0.037,1
RCC2,0.00220820977181455,-0.218918154034522,0.057,0.065,1
HERC4,0.0022231938707999,-0.166814923227684,0.075,0.085,1
GTF2IRD2B,0.00223187180773041,0.161437365885061,0.099,0.088,1
WAKMAR2,0.00223717607349324,0.177144000381632,0.073,0.064,1
STK32C,0.00224543419531639,-0.251514472747645,0.034,0.041,1
MDM2,0.00226840142863749,0.158243795038353,0.106,0.095,1
ADPRM,0.00226930717033364,0.207468512931709,0.076,0.067,1
ADHFE1,0.00228201002940573,-0.241374303446399,0.04,0.047,1
GTF3C2,0.00228985905338754,0.175598360607883,0.087,0.077,1
MICAL2,0.00231170300366263,-0.260385690903522,0.038,0.045,1
MPP1,0.00231404264832029,-0.265047805453148,0.066,0.075,1
TMEM245,0.00233660955803799,0.176729365883531,0.079,0.069,1
FIP1L1,0.0023367051946118,0.120688084548146,0.182,0.168,1
DUSP4,0.00233727493781492,-0.312112744444235,0.035,0.042,1
AC092620.1,0.00233949859486672,-0.535329203614473,0.008,0.011,1
NFATC2,0.00234152759895902,0.120118971079356,0.194,0.179,1
FMNL3,0.00234461548857121,0.315925200725918,0.029,0.023,1
JAK2,0.00234508966266051,-0.205585455310764,0.083,0.093,1
CDK11B,0.00234590006176674,0.163690917551914,0.145,0.133,1
CLOCK,0.00234825622506941,-0.253579380502619,0.037,0.044,1
DDX56,0.00235646021029012,0.141004863455199,0.112,0.101,1
DCTN4,0.00236081447734824,0.148621368339747,0.154,0.141,1
SPG21,0.00236171186644961,-0.116811018155618,0.211,0.226,1
NRBP1,0.00236377373072175,0.115900115610033,0.199,0.185,1
PCDH9,0.00236664588599361,0.543268725250757,0.012,0.008,1
SOGA1,0.00237026725944759,-0.457258286642186,0.009,0.013,1
CENPV,0.00237802035030376,0.302508410609857,0.034,0.027,1
RBM5,0.00238321038468288,-0.107436521780423,0.166,0.18,1
BOP1,0.00238518245881764,-0.187679780917988,0.071,0.08,1
POFUT2,0.00239440042567838,0.210755632199494,0.066,0.057,1
RPS6KA3,0.00239828607523211,-0.155695532670415,0.141,0.153,1
SPG7,0.0023986873514623,-0.122748075185613,0.21,0.224,1
CTNS,0.0024016080912424,-0.412182612524923,0.015,0.02,1
GEMIN4,0.00241128005797453,0.35416400501361,0.03,0.024,1
TBC1D24,0.00241381275889193,-0.516565323065284,0.009,0.013,1
GNB1,0.00242567566200637,-0.120566066313043,0.18,0.194,1
BIRC2,0.00242587852109713,0.115111042061771,0.204,0.19,1
IAH1,0.00242774814064295,-0.117551784038637,0.14,0.153,1
RIC8B,0.00242933818062781,-0.313579730332068,0.023,0.028,1
CA5B,0.00243414395766674,-0.148285027642043,0.152,0.165,1
PSMD5,0.00244123145105079,0.188617444081872,0.071,0.061,1
ITGB3BP,0.00244972043233741,0.229014032513716,0.052,0.044,1
C9orf64,0.00245513111720192,-0.536901623433226,0.008,0.011,1
BCL11A,0.00245810890860223,-0.275262339109263,0.042,0.05,1
THAP5,0.00246642787368878,0.226225286419416,0.049,0.042,1
DCAF16,0.00247468791049093,0.150340143663559,0.092,0.081,1
GSKIP,0.00247733547729709,0.253448617432028,0.039,0.032,1
TRMU,0.00248099370966219,0.167840838384683,0.081,0.071,1
NEURL1,0.00248291542806151,0.312406136647628,0.022,0.017,1
APOOL,0.00249079605650781,-0.355703072141939,0.021,0.027,1
IQCG,0.00249158187416987,-0.334414601362965,0.022,0.028,1
HSD11B1L,0.0025012371588977,0.585103002778041,0.01,0.007,1
SLC43A2,0.00250817365219369,0.293539934666544,0.111,0.101,1
CASP3,0.00251525117789505,-0.180286267186139,0.061,0.07,1
AC073332.1,0.00252034496716384,-0.275839459931038,0.033,0.04,1
PPP4R3A,0.00253054137582109,0.134874236223744,0.179,0.166,1
GRIPAP1,0.00253411080683828,-0.157637459845867,0.1,0.111,1
LINC01506,0.00253481758933839,-0.421678088982273,0.012,0.016,1
GPR65,0.00254014823005497,0.121033461714554,0.212,0.198,1
XRCC1,0.00255337643078841,-0.166095393948754,0.076,0.086,1
KIAA1586,0.00255532361224143,0.236108243491898,0.043,0.036,1
FLII,0.00256027216732229,-0.112814084959973,0.175,0.189,1
HYI,0.00256060160403596,0.268031940576465,0.038,0.031,1
PRKRA,0.00256827754918483,0.161229553571463,0.114,0.103,1
HIST1H1B,0.00257565002005137,-0.377902789739757,0.016,0.021,1
IRS1,0.00260466138529207,0.542840180753061,0.011,0.007,1
SULF2,0.00261058795595757,-0.172670648725185,0.06,0.069,1
INTS5,0.00261781193712394,0.282042403500975,0.038,0.031,1
FBRSL1,0.0026255505604199,-0.263219973399924,0.034,0.041,1
PPP2R5D,0.0026268369752768,-0.213898628428421,0.056,0.064,1
ERBIN,0.00263150987406904,-0.129970539490973,0.149,0.162,1
CC2D1A,0.00263646420585603,-0.193959883090846,0.067,0.076,1
ZSCAN12,0.00264442496202534,0.521680097829984,0.013,0.009,1
ELMOD3,0.00265030499607022,-0.195627192351764,0.059,0.068,1
MCM6,0.00265949986975032,0.18239765674713,0.056,0.048,1
CCL5,0.0026641107105866,-0.155983673111283,0.363,0.374,1
BTBD11,0.00266612443562551,0.337446610068676,0.026,0.021,1
PPP4C,0.00266850149907692,-0.106478255587859,0.27,0.285,1
SMARCD2,0.00267271599360224,-0.257858816906728,0.038,0.045,1
WDR89,0.0026779583699047,0.325329606826561,0.038,0.031,1
SLC14A1,0.00267888865486847,-0.410268184902209,0.014,0.018,1
KMO,0.00267933073723423,0.485054111305462,0.019,0.014,1
MXRA8,0.00269329462613997,0.454961327128436,0.013,0.009,1
GRAMD4,0.00269977682663251,-0.347213898848004,0.019,0.024,1
AKT3,0.00270429555862086,0.204017823675503,0.057,0.049,1
TMCO4,0.00270853206024245,-0.306950379212649,0.03,0.036,1
GM2A,0.00271346495817449,-0.247578273418619,0.041,0.048,1
CHD4,0.00271359723555012,-0.14833854167538,0.177,0.19,1
RBM7,0.00271633587019617,-0.131477285519728,0.133,0.145,1
PLEKHM1,0.00272034815056671,0.123054366576053,0.163,0.15,1
QSOX2,0.00273263894268869,0.425030335733255,0.021,0.016,1
CHRM3-AS2,0.0027392424730584,0.118882787158485,0.105,0.094,1
USP1,0.00275024412765652,0.130381927084672,0.134,0.122,1
CHCHD3,0.00278085009089768,-0.131481304728645,0.13,0.142,1
AC060780.1,0.00278531437609584,-0.339755153255889,0.018,0.023,1
USP20,0.00278786241186212,0.200150746772276,0.088,0.078,1
ZNF253,0.0027900078092585,0.340959036360409,0.029,0.023,1
FFAR2,0.00279668727843717,-0.562107085276957,0.014,0.018,1
PSMC3,0.00280441306281575,-0.116062299949024,0.174,0.187,1
MED26,0.00281851710906373,0.261534575778069,0.035,0.029,1
MIR4435-2HG,0.0028201581022196,-0.176519103286282,0.097,0.108,1
SOS1,0.00282702790978478,-0.219991740750963,0.044,0.052,1
RRP1B,0.00283129548006207,0.11040529449378,0.165,0.152,1
DPH6,0.00283830811429791,-0.256224705991786,0.035,0.042,1
TINF2,0.00284454710031918,0.131111424635321,0.164,0.151,1
APOLD1,0.00287377837809397,-0.291439847047382,0.028,0.034,1
RTF1,0.00287875485598647,-0.107758041582781,0.229,0.243,1
LILRB4,0.00289990465218562,-0.165729225834034,0.046,0.053,1
AC078883.1,0.00290114699329466,-0.234205991155418,0.037,0.044,1
SUV39H1,0.00290167357054957,0.349518575229268,0.025,0.02,1
SNHG25,0.00290416051905238,-0.345744627150239,0.026,0.032,1
PIK3R6,0.00293004866959,-0.5343276797694,0.007,0.011,1
CNDP2,0.00294472432603666,-0.127331295957028,0.141,0.154,1
AFG1L,0.00294609538442329,-0.420356203459264,0.011,0.015,1
PRR5L,0.00294816159030905,-0.260981501203925,0.032,0.038,1
SESN2,0.00295235585560927,0.23606332840524,0.04,0.034,1
SURF2,0.00295831675799727,-0.158759926893069,0.091,0.101,1
AL109955.1,0.0029583840180308,0.277498542821774,0.031,0.025,1
RBM10,0.00296260004937407,-0.150410238781091,0.085,0.095,1
SFMBT1,0.0029639026143663,0.206773688966011,0.064,0.056,1
C11orf1,0.00298021485676717,0.209150111901139,0.079,0.07,1
KLHL22,0.00298353129361882,-0.239976086180217,0.042,0.05,1
RCBTB1,0.00299059032654883,0.256340052099593,0.036,0.03,1
COMMD4,0.00299096551835515,-0.183107070652492,0.079,0.089,1
TMEM216,0.00299509133698034,0.245849258506285,0.047,0.04,1
DNAL1,0.00301118928022994,-0.533774393073879,0.009,0.013,1
DLG4,0.00301727133728994,-0.346061042337579,0.018,0.023,1
GIMAP2,0.00302421833309518,-0.137025735913414,0.122,0.134,1
BCL2L1,0.00302753096513179,-0.271987377889765,0.053,0.061,1
PRPSAP1,0.00302777803069228,-0.16724691148089,0.081,0.091,1
STOM,0.00303259274803104,-0.192332446968258,0.129,0.14,1
FIGNL1,0.00303345640155674,0.416461184574371,0.017,0.012,1
KLHDC10,0.00303816406764055,-0.350244615330428,0.022,0.028,1
NUP54,0.00305331860055729,0.164647026967294,0.107,0.096,1
RCE1,0.00305693991496624,0.152775268349579,0.106,0.095,1
APBA3,0.0030635890923505,-0.19466555746089,0.062,0.071,1
STAM,0.00306769617525579,0.195511052755042,0.067,0.059,1
OAF,0.00307333802830982,-0.430491868784859,0.017,0.021,1
DTNB,0.00307427722905169,0.204466811798998,0.058,0.049,1
ACAT2,0.00307875345491762,0.202802464729564,0.075,0.066,1
CTSF,0.00308333698176425,0.209350624698176,0.052,0.044,1
ZNF611,0.00308359007299872,0.253155442063821,0.04,0.033,1
SIPA1L1,0.00309198999985035,0.169592001957308,0.102,0.092,1
ZNF606,0.0030954431745754,0.344994615609298,0.025,0.019,1
AC008555.4,0.00309566347325957,-0.160835937539979,0.109,0.12,1
ARFRP1,0.00309588659648779,-0.177536087850953,0.093,0.103,1
NUDT9,0.00309935906772014,-0.275652731491807,0.032,0.038,1
PITRM1,0.0031180312741225,0.190529227180071,0.067,0.058,1
ANAPC7,0.00312388608843765,-0.221879178019025,0.046,0.054,1
GARS-DT,0.0031288880041898,-0.214859561089018,0.061,0.07,1
API5,0.00315135923281837,0.112208011230716,0.162,0.149,1
STK38L,0.00316159027424943,0.256647499099348,0.05,0.042,1
TTF1,0.00316345865537663,0.20326319811904,0.065,0.057,1
IDH2,0.00316542229907248,-0.143640978844265,0.238,0.251,1
LAP3,0.00317712420692865,-0.193043219490471,0.138,0.15,1
EHBP1L1,0.00317726926147114,-0.20045662891818,0.09,0.1,1
C2orf27A,0.00317735905415246,-0.405270286418768,0.014,0.019,1
PTCH2,0.00317778837552327,-0.343933831018869,0.029,0.035,1
PSMB7,0.0031932577619061,-0.121242369086787,0.174,0.187,1
NUDC,0.00319419282745806,-0.101811319940822,0.203,0.217,1
DUSP6,0.00320156368980912,-0.339059886025467,0.076,0.085,1
MAP7D1,0.00320242795093842,-0.137623705966697,0.157,0.169,1
TMEM62,0.00320264652342592,0.203466018336632,0.071,0.062,1
PSMD1,0.00320590744627331,-0.133936956454957,0.095,0.105,1
SPATA2L,0.00320819308554613,0.23248430580929,0.047,0.04,1
FKBP3,0.0032322104147018,-0.152595121187203,0.107,0.117,1
RRAGA,0.00323296788440847,0.158507759002292,0.099,0.089,1
MIATNB,0.0032513619653999,-0.214681831647691,0.054,0.062,1
GSK3A,0.00327441536402604,-0.263018324781119,0.036,0.042,1
DCAF12,0.00327527450880693,-0.269807031874742,0.034,0.04,1
ASCL2,0.00327852565674895,-0.174785293082259,0.055,0.064,1
MAP3K2,0.00328298058925071,0.138713328871078,0.16,0.147,1
CSTF2,0.00328809218034867,0.27312101451207,0.034,0.028,1
NPIPB5,0.00329227040574074,-0.170637060490777,0.086,0.096,1
BABAM1,0.00331308044859285,-0.125076597682034,0.161,0.174,1
ZNF101,0.00331775338895827,0.148036638039946,0.095,0.085,1
SH2D3C,0.00332765994853819,-0.172433235338601,0.058,0.067,1
LINC00910,0.00332851878705469,-0.435921198728829,0.011,0.014,1
HERC3,0.00332995048568988,0.205778745543082,0.058,0.05,1
GNPAT,0.00333795177381499,0.151935364609129,0.127,0.115,1
CYP27A1,0.00334349422427721,-0.325602862159142,0.025,0.031,1
GAB3,0.00334597203110431,-0.210990014627366,0.063,0.072,1
TAF9B,0.00334966201776898,0.306006130276714,0.03,0.025,1
VCL,0.0033663412348332,-0.187717256071579,0.117,0.128,1
LAMTOR1,0.00337314196545287,-0.107072334799666,0.346,0.36,1
SARS2,0.00341809836250085,-0.224382485749326,0.044,0.051,1
METTL16,0.00341955331734892,0.169556710167384,0.086,0.076,1
GSN,0.00342770846759601,-0.189143132796778,0.057,0.066,1
MZF1,0.00344911224438573,0.196657678643581,0.071,0.062,1
GRK3,0.00345094811606856,-0.245491055174989,0.048,0.056,1
AC004951.1,0.00345252682553479,-0.375051351412171,0.018,0.023,1
ZNF181,0.00345304501748485,0.36016668656876,0.023,0.018,1
OTULINL,0.0034681471829618,0.15971840497709,0.121,0.11,1
MASTL,0.00350089546836864,0.348399320955051,0.021,0.017,1
KIF21B,0.00350159015044847,0.220438556645697,0.063,0.055,1
AC104162.2,0.0035195756269847,-0.5343276797694,0.007,0.011,1
MRPS33,0.00352360805711575,-0.14010865199811,0.101,0.112,1
P3H4,0.00353046806474793,0.442494686781843,0.015,0.011,1
MAP2K2,0.00353275036126645,-0.154291164891699,0.122,0.133,1
TNFRSF1A,0.00353736619318669,-0.160220444545438,0.09,0.1,1
ICMT,0.00354549054127178,-0.254391214025186,0.034,0.04,1
LINC01237,0.00355023239573835,0.478064226963724,0.016,0.012,1
KIF19,0.00355049949425846,-0.40990273491171,0.018,0.022,1
TMEM109,0.00355113428287272,-0.119243423995247,0.196,0.21,1
NAP1L5,0.00356495089186271,0.237315366029552,0.042,0.035,1
FAM120A,0.00356990409146058,-0.12792453673141,0.128,0.14,1
PHLDB3,0.00357869035313561,0.211824835243197,0.059,0.051,1
SIRT7,0.00358476147592888,-0.130279089922464,0.136,0.148,1
RASSF3,0.00358616190559076,0.169338526772899,0.101,0.091,1
FAM120C,0.00360064759766279,0.298219804467808,0.032,0.026,1
LPAR2,0.00360593345500799,-0.185643552425149,0.071,0.08,1
UQCRHL,0.00360630287487937,-0.430968178684162,0.013,0.017,1
PIK3CA,0.00360697635066498,0.188369252716023,0.061,0.053,1
FEN1,0.0036167830896979,0.2608135286789,0.036,0.029,1
CDC42EP2,0.00362130939068589,0.552522734150399,0.012,0.009,1
DIS3L,0.00362572870551225,0.171565897141174,0.068,0.059,1
GTF3C1,0.00364195924288425,0.136180059372367,0.14,0.128,1
LINC01943,0.0036537017473962,-0.445455268264389,0.012,0.016,1
TTC24,0.00366075256809111,-0.285445891634896,0.028,0.034,1
SH2D1B,0.00366099639872811,0.295067603797674,0.042,0.035,1
TBRG4,0.00366124476047678,0.176269051654227,0.095,0.085,1
LIPA,0.00366514886136921,-0.104759568740144,0.133,0.146,1
MLYCD,0.00366630415218883,-0.326803425488233,0.02,0.025,1
TNFRSF18,0.00367250926415217,0.29199518392718,0.03,0.025,1
LINC02193,0.00368032347798955,-0.51643752087351,0.008,0.011,1
ITGA2B,0.00368336897520213,-0.396723965384966,0.007,0.01,1
DPP3,0.00368445743320167,-0.230033099625671,0.048,0.055,1
ERICH6-AS1,0.00370458560405049,0.305800983452211,0.031,0.025,1
EML2,0.00371417601787552,-0.179114340418615,0.064,0.073,1
SGK1,0.0037180696140823,-0.28676578399155,0.122,0.133,1
NPLOC4,0.00371846735086636,-0.200349425431772,0.057,0.065,1
SYNC,0.00371850550092222,-0.124690168233146,0.098,0.108,1
PHF11,0.00372032324540126,-0.112974280343807,0.21,0.223,1
TTLL3,0.00372153591751676,-0.204447168760594,0.049,0.056,1
OLA1,0.00372885079810678,0.113208427309005,0.219,0.206,1
USP32,0.00373819550100793,-0.192465149693635,0.063,0.072,1
SAMD12,0.00373999912483571,-0.403083146491148,0.014,0.019,1
FAM120AOS,0.00374061246407969,0.14570243660013,0.115,0.104,1
VTI1A,0.00374313681932216,0.137954429425279,0.142,0.13,1
RUVBL2,0.00374396087959847,-0.177567013089916,0.072,0.082,1
RGS3,0.00377615305682467,-0.292948468999021,0.039,0.046,1
DONSON,0.00380519188990011,0.458476818826397,0.015,0.011,1
BX664615.2,0.00380792404606549,0.479642363386136,0.013,0.009,1
AARSD1,0.0038129389367371,0.136360677139903,0.101,0.09,1
GMDS-DT,0.00381627573242025,-0.185379370948329,0.053,0.061,1
IMPA2,0.00385116782396201,-0.31856990182718,0.022,0.027,1
DHX40,0.00385754546254446,0.170166962414172,0.088,0.079,1
NECTIN2,0.00386751103808684,0.412560983771038,0.018,0.013,1
TUBB1,0.00387810189669911,-0.35022056820876,0.019,0.024,1
MCTP2,0.00388959441604187,0.164614401698315,0.097,0.087,1
RINT1,0.0038915381545799,0.249097225489466,0.043,0.037,1
GTF2I,0.00398590690408581,-0.119871795108749,0.174,0.187,1
COA7,0.00399704463863015,-0.529812198646907,0.007,0.01,1
KDM3A,0.00399793927817217,0.159859355163381,0.096,0.086,1
HOMER3,0.00400528466038863,-0.376873872368243,0.019,0.023,1
DDX50,0.00400606491534413,0.111026200302485,0.194,0.181,1
DRAM2,0.00401121836902972,-0.113503410081179,0.139,0.151,1
FPR2,0.00401943259123167,0.526247760473689,0.013,0.009,1
SP140L,0.00402392986725887,0.12040610694106,0.159,0.146,1
C16orf70,0.00404086063771282,-0.281805592248564,0.035,0.042,1
PAIP2B,0.00404226911787571,0.475725984894523,0.012,0.009,1
ADARB1,0.00405646678900425,0.307545124354814,0.032,0.026,1
TXNDC17,0.00407268832403714,-0.124594335772096,0.142,0.154,1
GBP3,0.00407578641154836,-0.217760972604802,0.041,0.049,1
SLC11A2,0.00408067397344683,0.242053638692072,0.042,0.036,1
VPS13B-DT,0.00409159299950307,0.216307769959351,0.047,0.04,1
SLAMF7,0.00410558773985325,-0.195101381834249,0.055,0.063,1
RRN3,0.0041077248264631,0.129728791237121,0.13,0.119,1
PPFIBP2,0.00410886454488424,-0.246837985538172,0.034,0.041,1
POR,0.0041353393547529,0.177489883982997,0.089,0.08,1
ZNF486,0.00413884437406037,-0.432706775522401,0.01,0.014,1
BICD2,0.00415098206994118,-0.185829940728966,0.06,0.068,1
TRAPPC3,0.00416162291260849,-0.136728970092306,0.126,0.138,1
MEST,0.00416788869719288,0.388111336936948,0.017,0.012,1
HMGXB3,0.00417310721942497,0.172211534403139,0.097,0.087,1
FBP1,0.00417853167046192,-0.161265699046366,0.05,0.058,1
DLEU1,0.00417966886219162,-0.254124517464507,0.03,0.036,1
AGFG2,0.00420579058570531,-0.361783807883513,0.017,0.022,1
IGHMBP2,0.00421243138041668,0.279504239743983,0.04,0.034,1
PHKG2,0.0042210189868643,-0.124517212437921,0.136,0.148,1
TARS2,0.00425284454013734,-0.246451760019032,0.039,0.046,1
LATS2,0.00425374552578828,0.225795963626221,0.049,0.042,1
SLC16A11,0.00425845406029817,0.448346444070317,0.015,0.011,1
CUL1,0.00426041452055901,0.11363125808113,0.151,0.139,1
CEBPG,0.0042704123569574,-0.147329686998707,0.09,0.1,1
ACSF2,0.00428305749360024,-0.378784228619101,0.014,0.019,1
CNBD2,0.00428593477760403,0.140900210160832,0.085,0.076,1
PPP2R5C,0.00429497545467025,-0.107130668490049,0.379,0.393,1
ZDBF2,0.0043190663937726,0.257181336308357,0.037,0.031,1
EPHX1,0.00433601447627198,-0.480419725516049,0.009,0.013,1
WDR81,0.00434298411010301,-0.239336507163945,0.033,0.039,1
LINC00893,0.00436217725510474,-0.376818753324361,0.015,0.019,1
KMT2B,0.00439049807283602,-0.192749649829137,0.051,0.059,1
RAD9A,0.00439109898485927,-0.160156926353684,0.059,0.068,1
PEAK1,0.00440300672350517,0.311779835941632,0.03,0.025,1
HSH2D,0.00441454610164418,-0.123467199772608,0.177,0.19,1
CHAF1A,0.00441615787096843,-0.336935126998099,0.019,0.023,1
RAB33B,0.00442076389532989,0.277975722839598,0.035,0.029,1
TYW1B,0.00442636914777174,0.31537612553722,0.023,0.018,1
KRT18,0.00443034647073345,0.50374036106412,0.012,0.008,1
PNMA1,0.00443571754745561,0.148221172429726,0.067,0.059,1
LINC02422,0.00443675772868761,-0.371396825880347,0.014,0.018,1
COPB2,0.00443778216596843,0.129782002198745,0.115,0.104,1
SARM1,0.00444267478327035,-0.310154519625232,0.024,0.029,1
ITPK1,0.00444712588531835,-0.189702377629406,0.081,0.09,1
RIN2,0.00445227559495638,-0.325302482170781,0.018,0.023,1
SUCO,0.00445440395320707,0.144817602156978,0.125,0.114,1
INAFM1,0.00445646546569758,-0.307972428166054,0.025,0.03,1
PSMD9,0.0044658575791352,-0.117646729220395,0.171,0.184,1
LTV1,0.00448236539559683,0.157697733320672,0.096,0.086,1
METTL17,0.00448624683399735,0.114023527223238,0.131,0.12,1
TMEM120B,0.00448856936650288,-0.246565811565863,0.035,0.042,1
ECHDC1,0.00451844274182273,-0.14377181706321,0.113,0.124,1
RAB20,0.00453328047266484,0.248774655328058,0.054,0.047,1
CDK5R1,0.00454167522682496,-0.366351297126466,0.015,0.019,1
TOR1B,0.00456299357845259,0.217891258420567,0.057,0.049,1
TENM1,0.00458793756078546,-0.486799309686814,0.009,0.013,1
MAN1A2,0.00459812589320458,0.115932990180389,0.162,0.149,1
KIF9-AS1,0.00460073302229081,0.311095283121724,0.028,0.023,1
TBC1D17,0.00460233069868774,-0.156084483990849,0.094,0.104,1
SH2D1A,0.00461395556636538,0.126660804461754,0.135,0.124,1
FAM241B,0.00462170798980695,0.426177000284986,0.017,0.012,1
SMC1A,0.00463157316107856,-0.148057185980265,0.111,0.122,1
LINC02361,0.0046391352380954,0.233610799084136,0.048,0.041,1
NOTCH2NLC,0.00464259653933814,0.223410376641078,0.057,0.05,1
RAB11FIP5,0.00464422833816289,0.306185036440207,0.032,0.026,1
NT5C2,0.00465003055945788,0.156951636384226,0.101,0.091,1
RHOT1,0.00465684926811988,-0.179349618815142,0.079,0.088,1
ARL5B,0.00467452730374483,0.215019311566676,0.054,0.047,1
CASP9,0.00467585610072867,0.299468484227357,0.035,0.029,1
MEF2A,0.00468792872914879,-0.165030725556526,0.131,0.142,1
C5orf30,0.00469094121079933,-0.522138270761486,0.008,0.012,1
ARMC5,0.00470787911281857,0.236614858591225,0.041,0.034,1
POLR2H,0.00472700335794166,-0.162517542777014,0.068,0.077,1
ASB6,0.00476764386998276,0.202403990041425,0.073,0.065,1
AHCYL1,0.00477593049746031,-0.229944745781721,0.051,0.058,1
SLC8B1,0.00478092258121928,0.153827056278748,0.083,0.074,1
LUC7L,0.00478913298951698,0.123848351590714,0.168,0.156,1
KIAA0040,0.00479924621287054,-0.175514427310829,0.068,0.077,1
ZDHHC16,0.00480095378333048,-0.27017273404169,0.027,0.033,1
TNRC6C,0.00482321889367467,0.163929300094715,0.09,0.08,1
DENND11,0.00482408627264953,0.277267898180628,0.04,0.033,1
CIAO1,0.00483867918263398,0.103842154370185,0.198,0.185,1
UTP18,0.00485097770828872,-0.146610786490068,0.102,0.112,1
MYSM1,0.00491218297367796,0.135728777886335,0.096,0.086,1
KDM6A,0.00491510552116519,0.14578211044012,0.121,0.11,1
RBM15B,0.00492093891658305,0.195590567935792,0.066,0.057,1
BIK,0.00492799503969399,0.57719634432058,0.011,0.008,1
MBD3,0.00494590681350121,-0.236547173208566,0.033,0.039,1
MMP23B,0.0049488677972274,0.235486793970813,0.033,0.027,1
COMMD3,0.00497460596606514,-0.136729744466866,0.118,0.129,1
KDM1A,0.0050276949746411,-0.207325027976191,0.05,0.057,1
PSME4,0.00503783033260074,0.147517388445295,0.113,0.103,1
GFI1,0.00506424653726782,-0.297745222583703,0.019,0.024,1
SLC25A1,0.00507407601760082,-0.120829967813481,0.114,0.125,1
IPMK,0.00507472027049979,-0.187312588554654,0.064,0.072,1
BORCS5,0.00508068851940544,0.126703563099283,0.143,0.131,1
KLHL26,0.0050891352970531,0.352456168127709,0.017,0.013,1
KLHL24,0.00510747486120078,0.117601810541007,0.18,0.168,1
METTL6,0.00511232484084726,-0.345434736688111,0.016,0.021,1
HMGXB4,0.00514567919059479,0.154632541485974,0.087,0.078,1
USP10,0.00516023532761556,0.143009281343192,0.161,0.149,1
EPB41L3,0.00516597915407307,0.331451380469967,0.041,0.035,1
RNF214,0.00517615112699804,-0.176068024304842,0.076,0.085,1
PRDM4,0.00519009152925989,0.255202843333653,0.051,0.044,1
NID1,0.00520007330131301,0.510713284454091,0.01,0.007,1
NSUN5,0.00523163493645744,-0.133779517153128,0.123,0.134,1
ZNF16,0.00526878141853024,0.293464572994167,0.024,0.019,1
CABP4,0.00528620619117963,0.49928071287342,0.011,0.007,1
ZNF121,0.00529998906391038,0.180885304404461,0.069,0.061,1
ZNF250,0.00530305671125043,0.238414143722336,0.04,0.034,1
MARCH3,0.0053038335589803,0.250837859170421,0.049,0.042,1
AC004889.1,0.00530613658951515,-0.393981919270804,0.011,0.015,1
SDHAF3,0.00532077690945453,0.18851409546326,0.066,0.058,1
GLB1,0.00538253965755417,-0.170256953772496,0.068,0.077,1
PFKL,0.00538848499345379,-0.108319062669553,0.204,0.218,1
HMGN5,0.00539388423227253,0.483562479126489,0.011,0.008,1
PLIN3,0.00542224941100195,-0.181831646559269,0.085,0.095,1
GPR183,0.00542463561678172,0.126425011501225,0.231,0.218,1
USP28,0.00544530167180505,-0.186916606086726,0.065,0.073,1
AQP3,0.00544582609677097,-0.220783168474791,0.178,0.189,1
MGME1,0.00544932012884466,-0.307013059728225,0.021,0.026,1
MYLIP,0.0054589674653797,0.129908037617116,0.19,0.178,1
ING5,0.00546687757327743,0.153251311087613,0.098,0.088,1
FBXL8,0.00547063324168719,-0.344764626158483,0.018,0.023,1
LINC02432,0.00548234195128507,-0.290424482121771,0.013,0.017,1
RNF4,0.00550358329178074,0.117886057422212,0.171,0.158,1
YPEL3,0.00550979960692639,-0.121790519142204,0.177,0.189,1
PTPRJ,0.00551935899873575,-0.175096377850604,0.083,0.092,1
VRK3,0.0055366216234008,-0.145120694947633,0.099,0.109,1
HHAT,0.00554110586516256,-0.463244581707918,0.009,0.013,1
TMEM14A,0.00554324017418355,-0.233349117438678,0.046,0.053,1
FBXL14,0.0055471953842963,-0.392067159027841,0.011,0.015,1
AL109811.2,0.0055548719035952,-0.448953924157523,0.01,0.014,1
ZCWPW2,0.00557995326598611,-0.279161517268945,0.027,0.033,1
MEGF6,0.00558799737079009,0.270302302230824,0.031,0.025,1
NUTM2A-AS1,0.00561610681135639,-0.122556985633777,0.165,0.177,1
FAAH,0.00564850868739014,-0.495305790940216,0.01,0.014,1
ZNF287,0.00566598617470399,0.321963646953956,0.024,0.02,1
RHPN1,0.00566815385168495,0.320751324918183,0.027,0.022,1
FBXO25,0.00567859523002796,0.168870400857223,0.093,0.084,1
SNX1,0.0057185443279531,-0.135826203270194,0.128,0.139,1
HSPB11,0.00572101771884725,-0.139476129004316,0.133,0.144,1
TRIM33,0.005723689313914,0.144451194375592,0.094,0.085,1
CDKAL1,0.00572458334152766,0.202100805536226,0.06,0.053,1
ETNK1,0.00573598990461082,-0.124286786421238,0.131,0.143,1
NMT1,0.00575675730114042,-0.147808170706885,0.098,0.108,1
RRAS2,0.00575792168385326,0.223370631160781,0.062,0.054,1
NACC2,0.00577207663520774,-0.229312967818384,0.043,0.049,1
NFRKB,0.00577680090746266,0.182054756309422,0.062,0.054,1
CMTR2,0.00578974057315106,0.267472864793111,0.035,0.029,1
CSGALNACT1,0.0058001217214759,0.195926404055155,0.075,0.067,1
SIL1,0.0058072784791979,-0.18978401742187,0.055,0.062,1
CGAS,0.00582747573480518,-0.222028286079815,0.04,0.046,1
ELP2,0.00583459442009397,0.116784699320805,0.142,0.131,1
SEC31B,0.00587892521463003,-0.310949474287396,0.02,0.025,1
CASS4,0.00588555500973717,0.194603661037082,0.045,0.038,1
GLI4,0.00588755158144153,-0.21643596662435,0.04,0.047,1
HAUS6,0.00589015845122511,0.229422559360332,0.05,0.043,1
LSR,0.00591528507267076,0.201771170579274,0.061,0.053,1
SEC22B,0.00592279300479813,-0.155971809328685,0.086,0.095,1
PRIM1,0.00595646189196354,-0.209212639706381,0.036,0.042,1
BPNT1,0.00595898917635118,-0.315687393294059,0.021,0.026,1
AC083799.1,0.00601633177465048,-0.488779673815055,0.01,0.014,1
GLRX3,0.00602259903768178,-0.131870827380588,0.106,0.116,1
CCNQ,0.00607351183029795,-0.274715612237753,0.034,0.04,1
ARSA,0.00608717511538252,-0.114418263523365,0.127,0.138,1
INTS11,0.0060916379224431,-0.109534009392156,0.18,0.192,1
HAUS2,0.0061211272320066,0.169639769267605,0.094,0.085,1
URI1,0.00614010625427969,0.160867900032623,0.135,0.124,1
ZNF227,0.00614501979788473,0.259329920152667,0.037,0.031,1
EIF6,0.00614995406540284,-0.113058226779041,0.179,0.191,1
SUMF1,0.00616594531515178,-0.178232608418165,0.066,0.074,1
RTL8A,0.00617824332660089,-0.166173851874707,0.064,0.072,1
ELP3,0.00620727913754969,-0.216892893682329,0.046,0.053,1
SLC22A18,0.00620830110489404,-0.248851683111686,0.032,0.039,1
CYP51A1,0.00622146078883496,0.160626446349347,0.095,0.085,1
RNASEH1,0.00623992255975717,0.138094884440819,0.135,0.124,1
SPTSSA,0.00626643879056207,-0.191353271992961,0.053,0.061,1
TCAF2,0.00626701341978634,0.178840699645466,0.082,0.073,1
GPR68,0.00626764331222293,-0.567494543704599,0.007,0.01,1
SPATC1L,0.00627799367569189,-0.208832665789322,0.04,0.047,1
SIKE1,0.00629210138757536,0.165460893835366,0.09,0.081,1
AL355075.4,0.00631813744565504,0.330735109118629,0.028,0.023,1
CLK2,0.00632315154127986,-0.226736470384311,0.037,0.044,1
AP2A2,0.00632342143009236,-0.156183528866983,0.089,0.098,1
ADAMTS10,0.00634292979220295,0.318669124043364,0.038,0.032,1
APOA1,0.00636355351497331,-0.424809115674172,0.009,0.013,1
SBK1,0.00636396138262053,-0.358673318259704,0.023,0.028,1
SETD1B,0.00637924085002329,0.155605229925152,0.107,0.097,1
COX20,0.00642449036332024,-0.108863123384332,0.127,0.138,1
GAS6,0.00642478423849441,-0.377734741394677,0.011,0.015,1
ZRSR2,0.00642905451535728,-0.140854469096992,0.11,0.12,1
MSH6,0.00644307366092106,0.238781078305833,0.041,0.035,1
TRAPPC4,0.00644408679962351,-0.13610154056828,0.098,0.108,1
STIP1,0.00644993081185003,-0.157708943348627,0.076,0.084,1
GSAP,0.00646361566680242,-0.189394418954905,0.088,0.097,1
ZNF516,0.00647600722118198,-0.238316464991563,0.033,0.039,1
CDKN2C,0.00648852319493928,-0.318031333762359,0.02,0.025,1
CSRP1,0.00649097688487728,-0.158048765179577,0.113,0.123,1
ATG7,0.00649958348712517,-0.219318998821828,0.054,0.062,1
TRMT10C,0.00650173865909335,0.134090656738631,0.135,0.125,1
ZNF816,0.00651022419099628,0.433556530650583,0.013,0.01,1
CCDC9,0.00653621672938925,0.287168333899505,0.028,0.023,1
ZDHHC3,0.00654001069427901,-0.133689559551172,0.115,0.126,1
CCT6B,0.00655873747947742,0.491667528763545,0.012,0.008,1
MATK,0.00656131111390896,0.100639325409281,0.191,0.179,1
TAPT1,0.0065613743489298,0.250457949608435,0.039,0.033,1
GNA15,0.0065812977061103,0.222612614158073,0.068,0.06,1
MCOLN2,0.00658522283898678,-0.25679370424049,0.041,0.047,1
USP11,0.00659113716806562,0.117713680409564,0.176,0.164,1
FAH,0.00661128915021848,-0.373008118938036,0.016,0.021,1
NAA10,0.00665136593346688,-0.112164037757594,0.142,0.154,1
AC012368.1,0.0066757314405709,0.229162843898027,0.037,0.031,1
RNF111,0.00667720709297938,-0.184717999721206,0.083,0.092,1
TMEM39A,0.00669125406679309,0.185256060392333,0.067,0.059,1
SMAD5,0.00669657414426222,-0.219640705823025,0.048,0.055,1
AC016831.7,0.00671381946487348,0.437219744741168,0.01,0.007,1
AXIN2,0.00672264411581013,0.42694695095884,0.014,0.011,1
NAPB,0.00673406552145835,-0.261986373460813,0.023,0.028,1
CRTC3,0.00673560694486101,0.13704957276923,0.148,0.137,1
RCCD1,0.00678234096984472,-0.338771006407101,0.014,0.018,1
TMED1,0.00688315775769038,-0.212247265287229,0.041,0.047,1
FBXO28,0.00689364778282789,0.163832792909461,0.09,0.081,1
SUPT3H,0.00691464563275234,0.103719075486901,0.145,0.133,1
RUSC2,0.00692174727682813,-0.519828110074284,0.007,0.01,1
RXRB,0.00692703678549412,-0.158901503478912,0.076,0.085,1
SPATA20,0.00694011559121817,-0.142281823116785,0.082,0.091,1
PPP1R3B,0.00697402540051016,0.305800983452211,0.018,0.013,1
COLGALT1,0.00700504259962879,-0.191698676018606,0.07,0.079,1
MKRN2,0.00701125207256021,0.190544286941662,0.06,0.053,1
ZNF92,0.00701768321471515,0.136785119676616,0.102,0.093,1
SCRN2,0.00702077687524618,0.134999812907093,0.121,0.11,1
DPM2,0.00702963356416193,-0.15116483065833,0.08,0.089,1
FOXJ3,0.00704089955591134,0.114188614960417,0.116,0.106,1
MSL3,0.00706960779106462,-0.123994821692592,0.155,0.167,1
ERVK3-1,0.0070824234105786,0.142871406028091,0.128,0.118,1
PIGP,0.00709677090842251,0.180115975515859,0.078,0.07,1
MAP3K20,0.00710605121916092,-0.242707947936953,0.036,0.042,1
SORT1,0.00712233676023697,-0.258943237850294,0.027,0.032,1
ZNF701,0.00712931222705242,0.323333150460187,0.027,0.022,1
MTURN,0.00716639261006178,-0.283265915601682,0.018,0.023,1
MYEF2,0.00716999006574383,0.292829835405993,0.027,0.022,1
GORASP1,0.0071743792985483,-0.260751717809175,0.03,0.036,1
STX1A,0.00719734375610862,0.451651849915665,0.01,0.007,1
EXOSC1,0.00724438967771605,-0.12221214651267,0.098,0.108,1
METTL22,0.00725617447006554,-0.215914258621567,0.048,0.055,1
PLA2G7,0.00726074633421183,0.303052119411521,0.02,0.015,1
LMO7,0.00727301808889701,0.247248801097098,0.03,0.025,1
SEMA4F,0.00728132710359952,0.416116495756368,0.016,0.012,1
DENND4A,0.00729910982750754,0.123024742904119,0.125,0.114,1
PROK2,0.00731431132772393,0.236246307039626,0.047,0.041,1
LRRC45,0.00732346952168712,-0.252136626050217,0.03,0.036,1
DNAJC27,0.00733533037139391,0.195789866242734,0.058,0.051,1
B3GLCT,0.00734037908672622,0.266806851836347,0.033,0.027,1
ST14,0.00734382699995309,-0.256793704240491,0.019,0.024,1
NIPA2,0.00736415460334085,0.15895959512294,0.108,0.098,1
LY6G5C,0.00737390564627556,-0.458427565410141,0.011,0.015,1
POLR3E,0.00738278539371519,0.163803320380254,0.071,0.063,1
BAK1,0.0073979569402039,-0.125021991927149,0.092,0.102,1
SLC2A6,0.00740242209480885,0.250837859170421,0.073,0.066,1
BTLA,0.00740889778920688,0.335886709641501,0.026,0.021,1
BCL7B,0.00743559898704498,0.112327959982994,0.201,0.189,1
PTPN23,0.00744143921038721,-0.205303389050749,0.045,0.052,1
SYS1,0.00746477009041572,0.142072504367207,0.113,0.103,1
KPNA4,0.00746897881539182,0.136808178132861,0.099,0.09,1
AAMP,0.0074744167079922,-0.100929643369216,0.153,0.165,1
TRAPPC12,0.00747964916883625,-0.177303909138137,0.055,0.062,1
KLF16,0.00749223138221265,-0.23808144397832,0.027,0.032,1
NUP153,0.00749421342902079,0.121812686644954,0.104,0.094,1
RFLNB,0.0075150549878014,-0.219123286274436,0.052,0.059,1
G6PD,0.00752725643667023,-0.113954867603981,0.165,0.177,1
OGFOD2,0.0075300804530523,-0.207680203675693,0.041,0.047,1
LIN7A,0.00753545545284125,-0.447077793317383,0.009,0.013,1
CFH,0.00754301679880077,-0.442945020097386,0.009,0.012,1
RAVER1,0.00754517413075237,-0.181033941320387,0.088,0.097,1
ID1,0.00755441890855644,-0.285556303378024,0.056,0.063,1
PPP1R12C,0.00756826523772553,-0.179350896277458,0.056,0.064,1
KIAA0753,0.00759181432715409,-0.38232458632435,0.012,0.016,1
SNED1,0.00761911195335794,0.248279174935126,0.031,0.026,1
N4BP2L1,0.00764139200017507,-0.10447652787053,0.185,0.197,1
NPRL3,0.00764176545159586,0.14050500581373,0.105,0.095,1
TENT4B,0.00764847824216323,0.164695208990266,0.094,0.085,1
EOGT,0.00765172303588438,0.343936112338982,0.019,0.015,1
SLC9A1,0.00765574698578799,0.188052604254407,0.045,0.039,1
PPM1B,0.00766522860871266,0.106747559994686,0.158,0.147,1
GNL3L,0.00772325841776792,-0.167683670259996,0.086,0.095,1
LPCAT4,0.00772385067848833,-0.147110075313494,0.086,0.095,1
AC022364.1,0.00774773367823644,0.47677331346385,0.011,0.008,1
UBAP1,0.00777755961495458,0.102848578239577,0.147,0.136,1
AC092755.2,0.00778094729141708,0.514937308086392,0.01,0.007,1
BIN1,0.00778135597155302,-0.10942317581407,0.332,0.343,1
AC005670.3,0.00778846587011151,0.231857023804037,0.044,0.037,1
VAMP4,0.00781408092051143,0.133738831529705,0.103,0.093,1
WDR47,0.00784797843753795,0.266950054480852,0.035,0.029,1
CYBRD1,0.00785388354879849,-0.325535179250407,0.016,0.02,1
NIPSNAP3A,0.0078691580297393,-0.225840775911579,0.041,0.048,1
PRKD3,0.00789306654928973,0.16835787280255,0.09,0.081,1
DGAT2,0.00789498128912264,0.487166136528604,0.012,0.009,1
ZNF527,0.00789511633279424,0.359438947054285,0.015,0.012,1
HAAO,0.00792085727775643,-0.494890208324382,0.007,0.01,1
FBXO44,0.00792121705255761,0.155575842283773,0.115,0.106,1
RPUSD2,0.00792666853908485,-0.165260154774549,0.05,0.057,1
PIK3C2A,0.00793332839115846,0.172911844827188,0.076,0.068,1
TMEM107,0.00795061347858121,-0.136983136518555,0.098,0.107,1
WDR6,0.0079531945966893,-0.159559364827655,0.101,0.111,1
MICAL1,0.00798740076555265,0.113190991785845,0.164,0.152,1
LUCAT1,0.00800525657645626,0.304511135319006,0.032,0.027,1
UPRT,0.00803066106759316,0.232072206896522,0.041,0.035,1
NOL12,0.00803348760041268,-0.122117807123365,0.097,0.107,1
HPF1,0.00803961464730505,-0.172687106229962,0.047,0.054,1
ZGPAT,0.00804552541100888,-0.102283755184866,0.133,0.145,1
AL590764.1,0.00804627057672713,-0.357206662732326,0.015,0.02,1
SAP30L,0.00806161150552573,-0.352163348211852,0.016,0.02,1
ZMYM3,0.00807869197341066,-0.265104617744867,0.027,0.032,1
MRPS22,0.00809373818552484,0.157953776936886,0.091,0.082,1
H1F0,0.00812741985030813,-0.279513780740575,0.041,0.047,1
OAZ2,0.00812918422768131,-0.155337657038167,0.072,0.08,1
GIT1,0.00814733255929517,-0.255488688284577,0.03,0.036,1
PERP,0.00815343485430309,0.250621424095408,0.044,0.038,1
SLC31A1,0.00818997966020238,-0.311058067623006,0.025,0.03,1
TENT2,0.0082039059271493,0.101666448533581,0.159,0.147,1
ZNF768,0.00823784564168371,-0.475217223373993,0.007,0.01,1
NUDT5,0.00830318913122714,-0.151774554577742,0.098,0.107,1
AKAP7,0.00831313239032693,-0.17119950473776,0.059,0.066,1
C14orf119,0.00832731196463769,0.242308059826827,0.038,0.033,1
NDUFV3,0.00836232837502097,-0.143916581305568,0.121,0.131,1
CES1,0.00840220749699508,-0.352599290991491,0.035,0.041,1
CHAMP1,0.00840816448261304,0.225703791891079,0.048,0.041,1
TBC1D31,0.00846728527791395,-0.296058586545127,0.025,0.03,1
ZNF597,0.00846772225813729,0.421278200872147,0.015,0.011,1
NOP16,0.0084700125078013,0.183534714336092,0.058,0.051,1
RASSF7,0.00847462235086799,-0.145078488050891,0.104,0.114,1
MTF2,0.00847925928403657,0.11226599387007,0.12,0.109,1
AL121933.2,0.00847941301480214,-0.409702728667201,0.011,0.015,1
C1orf216,0.00848740966551162,-0.325955728747887,0.015,0.019,1
PRR3,0.00849272642823372,0.210355827557643,0.05,0.043,1
NR3C2,0.00852889832777392,0.269275107427097,0.033,0.028,1
CDIPT,0.00854064683291541,-0.137664414887789,0.117,0.127,1
SMC2,0.00854813746120492,-0.308439309791192,0.024,0.029,1
MTRES1,0.00855592399775275,0.206427328548318,0.046,0.039,1
IGF1R,0.00858854153183171,0.25165173953248,0.03,0.025,1
OSBPL10,0.00859201070630396,0.290384134021195,0.029,0.024,1
SMIM4,0.0085944632293187,-0.132616285404894,0.111,0.12,1
HAGHL,0.00860203137348896,-0.169700358456607,0.055,0.063,1
EPC2,0.00861488604805371,0.174349253585832,0.063,0.055,1
TMEM41B,0.00864298823987641,0.131385887901335,0.11,0.1,1
BRICD5,0.00865087128923906,-0.407676257791625,0.009,0.012,1
ZNF669,0.00865117880806791,0.178007049859783,0.062,0.054,1
NECAP1,0.0086546190504176,0.107408950675047,0.14,0.13,1
IL3RA,0.00866035322300376,0.345870798214124,0.018,0.014,1
PWP1,0.00867141810814095,0.134278210047476,0.156,0.145,1
CHST12,0.00868519945144421,-0.130069001362166,0.163,0.175,1
TMEM147,0.00868571757124009,-0.123873286358148,0.163,0.174,1
NLRP12,0.00869632083802811,-0.292060334365402,0.021,0.026,1
IFNLR1,0.00870605052167166,-0.405775445710304,0.013,0.017,1
GGA3,0.00871125867803677,-0.139564771264325,0.083,0.092,1
SNHG14,0.00872264313657815,0.194355372411945,0.09,0.081,1
LCNL1,0.00872953309352968,-0.615920417082102,0.014,0.018,1
PACRGL,0.00874816025455017,-0.377087937958202,0.013,0.017,1
INSIG1,0.00875935791986009,0.150135491650877,0.184,0.173,1
AC083798.2,0.00877053884870909,0.227811776456733,0.048,0.042,1
TEX264,0.00881044231334414,-0.102717322443092,0.177,0.189,1
IGFBP7,0.00881270859088017,-0.159265628582004,0.048,0.055,1
GPATCH3,0.00881903986305681,0.166084548255536,0.068,0.061,1
MBNL2,0.0088235168029695,0.125662141207025,0.124,0.114,1
ZNF773,0.00883247401192766,0.327009539655824,0.018,0.014,1
N6AMT1,0.00885679511894513,0.327752374182814,0.024,0.02,1
TMEM120A,0.00885683963492657,-0.143060627723158,0.084,0.093,1
SDHAF1,0.00888031345245364,0.210962096602696,0.055,0.048,1
TLR5,0.00888873236888698,-0.394542814005299,0.015,0.019,1
ZBTB6,0.00889605763123324,0.37397248609379,0.017,0.013,1
SNAPC3,0.00891454169276037,-0.283843062883408,0.032,0.037,1
POLR2K,0.00891869442599243,0.102456016852606,0.168,0.157,1
ITGAE,0.00892244014743397,-0.123203531343587,0.123,0.133,1
NPC2,0.00892373086401919,-0.127662053344684,0.296,0.305,1
CDK2AP1,0.00902662685220824,-0.197850903000202,0.033,0.039,1
WHRN,0.0090348682221899,0.343403310175826,0.029,0.024,1
ZNF43,0.00906078794815597,0.141460942512648,0.064,0.057,1
MED14,0.00906785672170794,0.222191550801456,0.047,0.04,1
MRE11,0.00909236017242658,-0.185240443215457,0.059,0.067,1
NEK3,0.00911204470243512,-0.269579859196334,0.018,0.023,1
ACCS,0.00911479916046556,0.211671130851032,0.042,0.036,1
MIER3,0.00911935586953539,0.257779468589267,0.024,0.019,1
ABCD1,0.00913084596566461,-0.254949218533178,0.033,0.039,1
C9orf85,0.0091411950607476,-0.191444993049623,0.048,0.055,1
CCDC7,0.00917716918526928,-0.185300301112772,0.045,0.051,1
ADIPOR2,0.00919817449309611,0.158806688155478,0.092,0.083,1
LGALS8,0.00925707134324637,-0.130956354807441,0.115,0.125,1
SLC30A5,0.00930232353268448,0.132315330047827,0.105,0.096,1
COA6-AS1,0.00930897833216691,0.164700516542161,0.07,0.062,1
GASK1B,0.00934996363625679,-0.201516373374749,0.028,0.033,1
CCDC157,0.00936133205724109,0.338182585108685,0.014,0.011,1
CCDC57,0.00936709925130238,0.137872162556762,0.153,0.142,1
DNM2,0.00936711534585514,-0.137467351073383,0.144,0.155,1
ACOT8,0.00938499846040033,-0.14945966012917,0.073,0.081,1
MTHFS,0.00939716059591495,-0.129891783917487,0.088,0.098,1
SMIM3,0.00939864418945547,-0.228904908123714,0.043,0.049,1
OAT,0.00941192431491106,0.1493656436919,0.088,0.08,1
ZDHHC7,0.00944986013666593,-0.139449097041865,0.105,0.115,1
FAM86C1,0.00945412441009261,0.363175246308579,0.016,0.013,1
ADGRL1,0.00947742475967923,0.388541414460147,0.017,0.013,1
RORC,0.00947935066496624,-0.453190917043994,0.011,0.014,1
ASCC3,0.00948250909946609,0.12541240257098,0.106,0.097,1
B3GAT3,0.00948485798134437,-0.131871682702022,0.129,0.14,1
SLC29A1,0.00949505498669149,-0.369856368727127,0.013,0.017,1
ALG14,0.00950857318509013,-0.31785522997677,0.015,0.019,1
CDC5L,0.00951152630197732,0.131150134156078,0.124,0.114,1
ZNF830,0.00953154599707376,0.164869271853393,0.079,0.071,1
SLC22A4,0.0095466655741865,0.409873437599898,0.014,0.011,1
DSEL,0.00956603502123737,0.417789214792267,0.022,0.017,1
HIVEP1,0.00960049647291881,0.199622036270683,0.061,0.053,1
NUSAP1,0.00962171455088704,-0.671287917863926,0.007,0.01,1
NBPF11,0.00964300334805125,0.184465539654183,0.073,0.065,1
MAN2A2,0.00964612714188723,-0.18877528081184,0.052,0.059,1
RUNX1,0.00965476029728115,0.131639244545676,0.153,0.142,1
FADD,0.00968220078962545,0.226305068461539,0.043,0.037,1
AP2A1,0.00968719552433563,-0.113735046352949,0.131,0.142,1
GNA13,0.00969221413014648,0.101767459844367,0.159,0.148,1
TBC1D5,0.00970102525860346,-0.124950515042019,0.125,0.135,1
MBTPS1,0.00971220948379119,0.109100616472076,0.163,0.152,1
C7orf50,0.00976111073657881,0.127566659088182,0.196,0.185,1
YES1,0.00977378248113311,0.183166567141398,0.066,0.059,1
RUNX2,0.00977515486963217,0.141953487408523,0.074,0.066,1
HIST2H2BE,0.00977642537128215,-0.345330378842148,0.021,0.026,1
TAF1,0.00982395511213067,-0.142496860577781,0.073,0.081,1
GLYCTK,0.00988569176298948,0.179098607157908,0.068,0.06,1
RBM18,0.00991143508353841,0.187813622036755,0.071,0.064,1
LINC01934,0.00991468045265072,-0.221288276425073,0.04,0.047,1
RBM11,0.00995960690019257,0.428131871913209,0.012,0.009,1
RBX1,0.00996256256192897,-0.113033834680828,0.279,0.291,1
SRPK1,0.00997625704437307,-0.146202842180581,0.106,0.116,1
FKBP2,0.00998354543013133,-0.150955540344803,0.079,0.087,1
SLC15A4,0.00998557834759197,0.258095930047975,0.049,0.042,1
SLC25A24,0.0100073742312267,-0.105115631001383,0.091,0.101,1
ZNF721,0.0100227012843326,0.117221269357751,0.151,0.14,1
PHLDB2,0.0100388797271009,0.390904551828628,0.013,0.01,1
CYB5B,0.0100603601106378,0.126992861053913,0.097,0.088,1
JOSD2,0.01007955701712,-0.108372626554778,0.11,0.12,1
PI4K2B,0.0100909848341164,0.219968261802624,0.033,0.027,1
LZTFL1,0.0100983959300573,0.355453564912556,0.022,0.018,1
INTS2,0.0101132678845974,0.288938435018319,0.026,0.021,1
SMC6,0.010135355441323,-0.190924573386475,0.075,0.083,1
CCPG1,0.0101843714236746,0.101169229937636,0.117,0.107,1
RPF1,0.010275756670741,0.104740598873523,0.146,0.135,1
DHRS1,0.0103037471597341,-0.175981658652394,0.07,0.077,1
YPEL2,0.0103257655696939,-0.132691154638738,0.129,0.139,1
FASN,0.0103673578063942,0.246626368481897,0.051,0.044,1
ATPAF1,0.0103999030844817,-0.185130575612187,0.043,0.049,1
TARDBP,0.0104102518552231,-0.117068940573878,0.121,0.131,1
STAT5A,0.0104148878751456,-0.138101958162197,0.119,0.129,1
DEF8,0.0104845923770543,-0.158600697180987,0.087,0.096,1
SCMH1,0.0104914047055269,0.260671607962552,0.03,0.025,1
NFAT5,0.0105279561200763,0.124296463115015,0.108,0.099,1
TMEM219,0.0105477544299936,-0.102427945384465,0.333,0.344,1
DRG1,0.0105556182357181,-0.139751557772957,0.102,0.112,1
THYN1,0.0105573354721128,-0.117469744866187,0.13,0.14,1
LXN,0.0105622441025281,-0.430199274417765,0.01,0.014,1
EPHA4,0.0105773814912015,0.291995183927179,0.04,0.034,1
VAT1,0.0105976609962271,0.146271153372277,0.077,0.069,1
LYAR,0.0106103119186892,-0.123739350014057,0.24,0.251,1
ZNF141,0.0106366439243087,0.185069809837211,0.063,0.056,1
CHERP,0.0106679036251204,0.143947550696388,0.097,0.089,1
PCBP1-AS1,0.0107086812624783,-0.12917695897489,0.088,0.097,1
TM2D2,0.0107372226715222,0.165840472245547,0.059,0.052,1
BRAP,0.0107597308875303,0.143130815956512,0.09,0.082,1
IL18,0.0107612064535965,-0.262049429691986,0.022,0.027,1
LLGL2,0.0107736178892401,0.16670537378655,0.049,0.042,1
ZNF274,0.0107868023962378,0.132095057902932,0.088,0.079,1
CNTROB,0.0107888717837893,-0.314126879306442,0.021,0.025,1
RP2,0.0108166775865142,0.21374947872187,0.049,0.042,1
RPP30,0.0108326224061295,0.158243795038353,0.078,0.07,1
SLCO3A1,0.0108362924582034,-0.156126948670928,0.068,0.076,1
ARHGAP5,0.0108414913040281,0.164641566236504,0.062,0.054,1
SIRPB1,0.0108607773747307,-0.184943419220813,0.039,0.045,1
MPV17,0.0108833991681252,-0.152944204213382,0.087,0.095,1
ZBTB48,0.0109008896760757,-0.202800430115395,0.053,0.06,1
SMG7,0.0109074301968097,-0.11986806755652,0.101,0.11,1
RPP21,0.010910698551006,0.119671313542391,0.178,0.167,1
RHOQ,0.0109224640641247,-0.225084844513153,0.06,0.067,1
UMPS,0.0109266985326512,0.212765962038286,0.042,0.036,1
TWF1,0.0109338561183955,0.114881961597127,0.125,0.115,1
ABI3,0.0109838769256758,-0.112721561462564,0.116,0.126,1
SIGMAR1,0.0110019874444141,-0.150069169066857,0.08,0.088,1
YIPF1,0.0110085237443187,-0.184629927425689,0.037,0.043,1
USP38,0.0110086740658075,0.140390130225554,0.095,0.086,1
GTF2H4,0.0110219108096894,-0.268381678515703,0.025,0.03,1
IDH1,0.0110381747134984,-0.299228970560888,0.019,0.023,1
RAPH1,0.0110424343159778,0.442973271971466,0.011,0.008,1
RFX5,0.0110574660268858,-0.167101660406745,0.07,0.077,1
EXOSC9,0.0110612899512487,-0.157773519445775,0.085,0.094,1
ST8SIA4,0.0110774064881409,-0.142828526310598,0.088,0.097,1
AC073389.1,0.0110828727911582,-0.376762970045828,0.012,0.016,1
BCDIN3D,0.0110881026022955,0.313362861705259,0.023,0.018,1
GPRASP1,0.0111207450932731,0.279445506459187,0.027,0.022,1
KATNBL1,0.0111480481098247,0.143470717541527,0.101,0.092,1
IGHA2,0.0111603387786897,0.646990980500207,0.013,0.01,1
RLN1,0.0111650452126922,-0.437365949882311,0.008,0.011,1
LRRC59,0.0111740082052438,0.102136128815622,0.135,0.125,1
GGA1,0.0112581376822862,-0.134558528994517,0.127,0.137,1
WDR60,0.0112893582478672,-0.212593900329956,0.044,0.051,1
PPOX,0.0113441478005745,-0.209002572106202,0.048,0.055,1
VMA21,0.0114285349863193,-0.109468181028398,0.128,0.138,1
RABEPK,0.0114667651590935,-0.171186631060841,0.053,0.06,1
TRAFD1,0.0114839275495102,-0.181129434308419,0.075,0.083,1
CENPB,0.0115159877516214,-0.250851121245567,0.037,0.043,1
ITCH,0.011530776532921,0.110149506837308,0.141,0.131,1
ANXA2R,0.0115329888283216,0.117154653076565,0.164,0.153,1
TREML1,0.0115332963117997,-0.21051343199652,0.007,0.01,1
NBR2,0.0115339521815045,0.371997298100928,0.015,0.011,1
CRYBG3,0.0115361193744209,-0.295106515871607,0.019,0.024,1
HAUS1,0.0115392289949737,-0.172519526745937,0.057,0.064,1
FRMD4B,0.0116083114931981,-0.299461078879476,0.031,0.037,1
PIK3R2,0.0116402546663185,-0.277612175748045,0.024,0.029,1
C12orf29,0.0116618443276959,0.214720816074497,0.049,0.043,1
FAM168B,0.011669411333951,0.195339926152913,0.061,0.054,1
ZUP1,0.0116904754826932,0.246980067736744,0.04,0.035,1
MTSS1,0.0117492159222197,0.16232497185017,0.132,0.123,1
TMEM263,0.0117629452413756,0.130083891879057,0.112,0.102,1
MED9,0.0117641207561665,-0.16839642719833,0.05,0.057,1
RUBCNL,0.0117728479128244,0.277146099800862,0.046,0.04,1
TCTE3,0.0117767469688204,0.414823178734847,0.012,0.009,1
TAF6L,0.0118102754918717,-0.231183060561452,0.038,0.044,1
TBK1,0.0118345956330323,0.168262550863344,0.079,0.071,1
GPD1L,0.0118403856147808,0.276751717954166,0.028,0.023,1
PLCH2,0.0118439477127507,0.298633287025895,0.023,0.018,1
GIGYF1,0.0118570247750566,-0.167164868583972,0.06,0.067,1
GBGT1,0.0118835578887422,-0.31568739329406,0.016,0.019,1
ITPRIPL2,0.0118868478704304,-0.401078884524704,0.009,0.012,1
RBL1,0.0119129642065318,0.129159302582168,0.084,0.076,1
MTUS1,0.0119431811492317,-0.393308290416533,0.011,0.014,1
AIMP2,0.011968809542345,-0.197554500865815,0.049,0.055,1
AC073896.2,0.0119788955004818,-0.248783845727464,0.033,0.038,1
UBALD2,0.0119958418891248,-0.133716263021523,0.143,0.153,1
ACSF3,0.0120107499419291,-0.157491684433854,0.073,0.081,1
KRCC1,0.0120650566412848,-0.114650012012997,0.085,0.094,1
TMTC2,0.0121015893352411,-0.380782421515945,0.015,0.019,1
KDM7A,0.0121147762353942,-0.14587780283864,0.1,0.109,1
GLMP,0.0121534988823903,0.182873461547068,0.07,0.063,1
STN1,0.0121865789445077,-0.105013438047547,0.115,0.125,1
HECA,0.0122399325815949,0.111651100734581,0.123,0.113,1
CCDC88B,0.012245900975208,-0.113000615763903,0.124,0.134,1
ZNF506,0.0122668705844918,0.116755861484358,0.111,0.102,1
BISPR,0.0123207644939945,-0.18041393850671,0.06,0.067,1
EVA1B,0.0123402398039641,-0.42966598973314,0.009,0.012,1
ECI1,0.0123612625059001,-0.300420636640749,0.019,0.024,1
MED19,0.0123636444412623,0.144437995513322,0.074,0.066,1
ZNF581,0.0123660407672481,-0.110541531782546,0.124,0.134,1
ZNF208,0.0124011061273077,-0.401528797221501,0.011,0.014,1
IL2RB,0.0124302451516146,0.184483562697334,0.178,0.168,1
TRPT1,0.0124395688897082,-0.134495832321462,0.102,0.111,1
LSG1,0.012553449519789,0.155273757878462,0.071,0.063,1
ZFP90,0.0125671388036974,0.129742761741225,0.104,0.095,1
SYMPK,0.0125909744066679,-0.140327226333517,0.092,0.101,1
MEAK7,0.0126034452028167,-0.437249373174973,0.01,0.013,1
MSI2,0.0126369235042534,0.111540646851564,0.101,0.092,1
AC007114.1,0.0126570344299188,-0.421180522141373,0.011,0.015,1
ZNF784,0.0126633473458683,0.393479748528575,0.014,0.011,1
ZMYND8,0.0126765955650815,-0.116974829261951,0.083,0.092,1
TOLLIP-AS1,0.0127514426964673,0.329589471180292,0.021,0.017,1
ZNF169,0.0127661881746152,-0.275257767144088,0.024,0.029,1
ELOF1,0.0127864722522317,-0.109384674495917,0.122,0.132,1
ZNF529-AS1,0.0128087504109665,-0.304428275879376,0.015,0.019,1
RARA-AS1,0.0128233380344005,0.351489870715285,0.019,0.015,1
PEX2,0.0128463484967593,0.164838656157542,0.092,0.083,1
POLB,0.0128472531225536,0.173350687428561,0.071,0.064,1
ZBTB45,0.0128891404539482,-0.266414622253388,0.023,0.028,1
FRMD8,0.0129074095121903,-0.133119333853935,0.095,0.104,1
SNAPC2,0.0129082228438363,-0.148027704636038,0.058,0.065,1
PACS2,0.0129202367123148,-0.260257559544062,0.029,0.034,1
ALDH3A2,0.0129423762837836,-0.198264531559154,0.041,0.047,1
TIMM17B,0.0129438999698588,-0.106252657387812,0.157,0.168,1
DGLUCY,0.0129773197024219,-0.116292723142885,0.101,0.11,1
AGER,0.0130186712030125,-0.229445757642297,0.038,0.044,1
STX4,0.01302412930072,-0.124473373746529,0.118,0.128,1
TRAV38-1,0.0130717805754353,0.392627996115401,0.011,0.008,1
RAB30-DT,0.0131174447199071,-0.246318260581929,0.035,0.04,1
RNF139,0.0131340634403438,0.132315894206497,0.117,0.107,1
PDE6D,0.0131926748208811,-0.140894584480689,0.078,0.087,1
ZNF263,0.0131994500761769,0.176922348063127,0.066,0.059,1
ZNF548,0.0132041788246378,0.21870628302446,0.048,0.042,1
APOBEC3D,0.0132106651583437,-0.312076139741681,0.018,0.022,1
AL132709.8,0.0132164245817894,-0.289215181932868,0.019,0.024,1
ZBTB44,0.0132205016470386,0.133677186811865,0.111,0.102,1
ZC2HC1A,0.013223865612786,-0.27549830317836,0.02,0.024,1
GMPR2,0.013240315361744,-0.122453986672728,0.099,0.108,1
KIF3A,0.0132871718829435,0.221049951510687,0.041,0.035,1
FGD6,0.013307772813835,-0.349052212092479,0.014,0.018,1
PRNCR1,0.0133098938850921,0.38984569303549,0.013,0.01,1
FAM43A,0.0133336125714102,0.319953490910271,0.03,0.025,1
AGBL3,0.0133350606993932,-0.366847249705405,0.011,0.015,1
C19orf25,0.0133374828574811,-0.119467666501838,0.11,0.119,1
LRRK1,0.0133620826141375,-0.21718962988927,0.021,0.026,1
CASP10,0.0133705208699188,-0.233518851713233,0.032,0.037,1
MBD1,0.0133965031741214,0.136749757687275,0.099,0.091,1
ABHD14A,0.0134474363812139,-0.111415502525696,0.1,0.11,1
MPP7,0.0134605266910695,0.173019147718751,0.085,0.077,1
CIDEB,0.0134780829165358,-0.173959283682399,0.056,0.063,1
PLD6,0.0134861423917115,0.401240447635602,0.015,0.012,1
PRXL2C,0.0135025187545959,0.174248500041324,0.07,0.062,1
ACTR10,0.0135069404465174,-0.124077007137534,0.111,0.12,1
BACH1,0.0135550115614892,0.153625736857202,0.154,0.144,1
KMT5B,0.0135979942403755,0.170804904094792,0.065,0.058,1
SPRTN,0.0136420154748091,0.144131058712197,0.082,0.074,1
FCHO2,0.0136824905237527,0.259932923731283,0.024,0.02,1
PRDX4,0.0136996428256648,-0.139703184957285,0.063,0.071,1
TOB1-AS1,0.013713315233907,-0.392308674896972,0.011,0.014,1
METTL8,0.0137135523063173,-0.187324169201982,0.037,0.043,1
DBNDD2,0.0137516411779778,0.185337455920628,0.058,0.052,1
PLEKHM3,0.0137890147784156,0.240415352944947,0.032,0.027,1
TTL,0.0137989975936747,-0.269701188019879,0.017,0.021,1
ZNF17,0.0138004832145649,0.356927789462089,0.016,0.012,1
ZNF641,0.0138019481515214,-0.241686811850283,0.025,0.03,1
KLHL8,0.0138053499278684,0.205110400076327,0.04,0.035,1
MAFF,0.0138885787760745,-0.140446832087119,0.111,0.121,1
TMEM117,0.0139016569777807,0.284956729659367,0.03,0.026,1
PMM1,0.0139632615523175,-0.133411288735209,0.085,0.093,1
MDS2,0.0139658776456721,0.20376249981045,0.04,0.034,1
TOX,0.0139727370902578,-0.206962548288484,0.062,0.069,1
DIPK2A,0.0139793640406581,0.194858566786657,0.052,0.045,1
CDC37L1-DT,0.0140434137999617,-0.36406502657101,0.012,0.015,1
AC007728.2,0.0140573044276114,-0.409844887118408,0.01,0.013,1
PDCD10,0.0140746170190241,-0.104668612144919,0.14,0.15,1
EIF4G3,0.0141364646230749,-0.16614833980049,0.063,0.07,1
ZNF202,0.0141528200550656,0.290179210599403,0.024,0.02,1
HEXA,0.0141723428630519,-0.10984951564078,0.171,0.182,1
KAT2B,0.0141979918411589,-0.177604938942098,0.054,0.061,1
WDR41,0.0142320664812469,-0.214334723229808,0.038,0.044,1
COMMD5,0.0142341709085166,0.16199592989946,0.101,0.093,1
LARP1,0.0142399098986527,-0.122506893174099,0.099,0.108,1
CNR2,0.0142475848854307,-0.414835714166881,0.008,0.011,1
PRPF40B,0.0142559161160894,-0.371126379719486,0.011,0.014,1
NUP214,0.0142627573956341,-0.131985253338923,0.16,0.171,1
ZNF540,0.0143650172825109,0.269275107427096,0.03,0.025,1
MT1F,0.0143776149258444,-0.19681573544682,0.066,0.073,1
GSE1,0.0144352374837504,-0.158517973680283,0.081,0.089,1
SNHG7,0.0144605086253158,0.106194487026839,0.218,0.207,1
ATP13A1,0.0144672662365157,-0.140272379634842,0.101,0.109,1
WDR92,0.0144762323093012,-0.390112234420614,0.012,0.015,1
FAM24B,0.0144864234161166,0.214077286974576,0.036,0.031,1
IPO4,0.0145045187275021,-0.199980429072,0.035,0.04,1
PRDM15,0.0145187858772445,-0.28443645930962,0.019,0.023,1
SLC52A2,0.0145615658700037,-0.137719471838117,0.079,0.087,1
LETMD1,0.0145740083804193,0.104088024991448,0.187,0.176,1
FLYWCH1,0.0145790837191396,-0.184131341309975,0.044,0.05,1
POLR3F,0.014616475864168,0.217557565379757,0.045,0.039,1
FASTK,0.0146481260582298,-0.113425418188733,0.142,0.152,1
ARHGAP18,0.0146913045625841,-0.23170272327766,0.035,0.04,1
PHACTR2,0.0147336890709781,-0.129887025136513,0.08,0.088,1
NHEJ1,0.0147344784599054,0.201867955820673,0.042,0.037,1
ZNF438,0.014770695943035,-0.305873103467104,0.02,0.024,1
BX890604.2,0.0148395904219188,0.207620589513307,0.047,0.041,1
GNAO1,0.0148398044128318,0.350195102810664,0.016,0.013,1
STK11,0.0148403450411765,-0.239066111691146,0.039,0.044,1
EXOSC7,0.0148653162193217,0.144975193882841,0.078,0.071,1
AC092747.4,0.0148740933509816,-0.31675172018917,0.015,0.019,1
ZNF264,0.0148893510061049,0.203629116799856,0.055,0.049,1
TAF1B,0.01489795034422,0.190980581450352,0.052,0.045,1
TADA3,0.0149008733083055,-0.110844907530256,0.18,0.191,1
ATP1B1,0.0149256576617512,0.390904551828628,0.013,0.01,1
HLA-DQA2,0.014929779814391,0.153851322167345,0.063,0.056,1
MRPS26,0.0149396749184806,-0.118768579906079,0.094,0.103,1
KDM8,0.0149434642026827,0.348111788310175,0.019,0.015,1
ZBTB10,0.0149503515988401,-0.119070508614854,0.086,0.094,1
GTPBP8,0.0149541259788368,0.16315370916216,0.049,0.043,1
MAP3K3,0.0149716360278546,-0.18588637158934,0.091,0.099,1
UNC13D,0.0150090515564097,-0.116939255723713,0.142,0.152,1
C3orf62,0.0150130537230135,-0.315687393294059,0.013,0.016,1
HIST1H2BC,0.0150177001384544,0.15081162661766,0.043,0.037,1
CORO2A,0.0150734133521256,0.227105653183157,0.039,0.033,1
PPP1R16A,0.0151365956072537,-0.287382024073914,0.019,0.024,1
ERC1,0.0151761659980472,0.182304693372112,0.071,0.064,1
HDDC3,0.0152200380043845,-0.174049105707583,0.067,0.074,1
GNE,0.0152712444205434,0.22196939264874,0.03,0.026,1
LAMP2,0.0152796649981759,-0.145442468346525,0.097,0.106,1
ASB13,0.015291660348941,-0.290216705777941,0.018,0.022,1
USP8,0.0152927078024568,0.110394374334213,0.166,0.156,1
U2AF1L4,0.0153183803151918,-0.106715487719933,0.159,0.17,1
PRMT6,0.0153285374789951,0.304633282019876,0.021,0.017,1
GCC1,0.015358611981645,0.215187591864799,0.044,0.038,1
MRPL48,0.015380138410225,-0.148087444797991,0.079,0.087,1
LIMK1,0.0154076573505289,-0.212064762219902,0.033,0.039,1
GNB1L,0.0154115638280274,-0.261132639964829,0.023,0.028,1
MIEF1,0.0154155712864874,0.159980935574411,0.061,0.054,1
FN3K,0.0154329904730847,-0.366060915809179,0.011,0.014,1
GCNT1,0.0154427695651716,-0.359235108966816,0.014,0.017,1
RTCA-AS1,0.0154572052750668,-0.400576290880572,0.011,0.014,1
KIAA0586,0.0154632781436873,0.142329305674979,0.064,0.057,1
SLC25A20,0.0154854032581874,0.204599430730092,0.042,0.037,1
VEZT,0.015503268014931,0.164188464962246,0.071,0.064,1
MFN1,0.0155153714374542,-0.204728485363984,0.044,0.05,1
GTF3C5,0.0155213225510767,0.131181584674608,0.097,0.089,1
MORN2,0.0155618520749441,-0.314564236335122,0.014,0.018,1
CRIP2,0.0155703515006445,-0.247646610993338,0.064,0.071,1
MPP5,0.0155849327884697,0.254781140442049,0.029,0.024,1
PRKN,0.0156111718088309,0.319832937312601,0.017,0.013,1
AIDA,0.0156147931364553,-0.147949046827682,0.098,0.107,1
GNAI3,0.0156209832375977,0.112254753010237,0.174,0.163,1
TRIP4,0.0156368356343361,-0.196906712945446,0.044,0.05,1
DDX47,0.0156680816678315,0.190127856058139,0.051,0.045,1
TBC1D25,0.015693562634568,0.177655101484574,0.07,0.063,1
TTC19,0.0157135939602457,0.121717919013239,0.105,0.096,1
MLXIP,0.0157157828916351,-0.148296019316074,0.113,0.122,1
AC064805.1,0.0157399185035076,0.45549391621006,0.014,0.01,1
TEX30,0.0157593777415019,0.271102460478104,0.026,0.022,1
AP001189.1,0.0157718776694093,-0.404692399352804,0.007,0.01,1
RRAS,0.0158196070482406,-0.298320261323972,0.02,0.024,1
PHKB,0.0158209681950821,-0.165502441287989,0.086,0.094,1
LINC01001,0.0159265807801203,-0.218897096481962,0.035,0.04,1
OSGEPL1,0.0160101993953632,-0.306404152459723,0.019,0.023,1
F8A1,0.0160719026217884,-0.363597378255444,0.013,0.016,1
TMED7,0.016115471576106,0.128927530641123,0.108,0.099,1
SLC29A3,0.0161282686718576,-0.287774647573653,0.018,0.022,1
BCAT1,0.0161322794477729,0.421278200872147,0.014,0.011,1
TRMT2B,0.0162150339603012,0.152730743033576,0.076,0.068,1
AC036176.1,0.0162195836201397,-0.424393652736559,0.008,0.01,1
SKAP2,0.0162684523523397,-0.135325744695294,0.111,0.12,1
PPP2R5B,0.0163640269533973,-0.190366342501514,0.041,0.047,1
CCDC86,0.0163819210462074,0.225694244258367,0.035,0.029,1
UBN1,0.0163992045568658,-0.14055021020251,0.099,0.108,1
MRPS17,0.0164093529679971,0.165001161213662,0.06,0.053,1
HOOK1,0.0164134868837796,0.272610819990353,0.024,0.02,1
DENND4B,0.0164332785153994,-0.135556560566766,0.098,0.106,1
TMEM184B,0.0164731165197848,0.194120831366949,0.052,0.046,1
ZNRD1,0.0164979228697624,0.114626542783837,0.167,0.157,1
RNF187,0.0165129361238874,-0.108844319265596,0.18,0.191,1
GZF1,0.0165147866327942,-0.200631134406767,0.055,0.062,1
WDYHV1,0.0165164444181459,-0.255087382290088,0.024,0.028,1
PLEKHA3,0.0165218912150372,0.164641566236504,0.062,0.055,1
TANGO2,0.0165305919052746,-0.15048480209415,0.07,0.078,1
DNTTIP1,0.0165355480911405,0.16331067463037,0.068,0.061,1
RNASEL,0.0165701422702467,0.295747318788288,0.023,0.019,1
SLC2A9,0.0165790869900142,-0.395009845955466,0.01,0.013,1
DPH3,0.0165869826168567,-0.145127502627266,0.087,0.095,1
ABCG1,0.016642226599597,0.17523881894277,0.062,0.055,1
PPP1R3D,0.0166498658347257,-0.350829199414316,0.012,0.016,1
LIMD1,0.0166857277746233,-0.215486730083578,0.034,0.04,1
LINC02520,0.016755238760115,-0.367666921725687,0.009,0.012,1
GGT1.1,0.0167790146382977,-0.416247102170749,0.01,0.013,1
CHKB,0.0167911054508483,-0.132090516210859,0.143,0.153,1
FYTTD1,0.0168516772565163,0.113287634421602,0.175,0.164,1
CCDC28B,0.0168644103008595,-0.26713564846195,0.023,0.028,1
CAVIN2,0.0168978769947995,-0.306658275180165,0.023,0.027,1
PCYOX1,0.0170363033330593,0.202268418930351,0.033,0.028,1
PYCARD-AS1,0.0170831890480076,-0.42966598973314,0.009,0.012,1
TTC16,0.0171136582046571,0.234790601508147,0.031,0.026,1
SLC38A5,0.0171195239344543,-0.232830460889775,0.029,0.034,1
FUT4,0.017190251334916,-0.307175893438542,0.011,0.014,1
POLR3C,0.0172051684673864,0.12250958330514,0.088,0.08,1
KIF3B,0.0172689656862426,-0.200814530434755,0.039,0.045,1
CD160,0.0172710518388943,-0.274715612237753,0.039,0.045,1
RBMX2,0.0173122928777151,-0.126669092102744,0.082,0.09,1
HMOX2,0.017330842342247,-0.102383686728588,0.196,0.207,1
RIF1,0.0173309084128709,0.113648489037353,0.108,0.099,1
MTHFD1,0.0173559744413438,-0.206316634852847,0.044,0.05,1
SWAP70,0.0173671631613097,-0.141892845390095,0.071,0.079,1
TRIM23,0.0173920511084573,-0.21109849201686,0.047,0.054,1
ARFGAP2,0.0174050250190863,0.102026806550183,0.167,0.157,1
CDC7,0.0174627176729345,0.298421453086613,0.02,0.016,1
ZNF658,0.0175154590030672,0.326732564365146,0.014,0.011,1
GALK2,0.0175328413968544,-0.206244762077055,0.038,0.043,1
AKAP1,0.0175706254352902,0.300091854352089,0.022,0.018,1
ZNF131,0.0175743187187763,0.132812864877825,0.121,0.112,1
MED13L,0.0176270701157564,-0.10968941020828,0.138,0.148,1
KIAA0319L,0.01765081759272,-0.112707003128388,0.084,0.092,1
ZNF330,0.0176618322208074,0.135665095596389,0.095,0.087,1
SPOP,0.0176727488978193,-0.113568031032161,0.11,0.119,1
MRPL46,0.0176865169506567,0.173858112854118,0.05,0.044,1
ALMS1,0.0177083535566955,0.197116686682643,0.045,0.039,1
BBS7,0.0177661593007148,-0.267169457004711,0.021,0.026,1
PHF19,0.0178399894156493,0.168706393609808,0.057,0.051,1
WEE1,0.0178673866096991,-0.375558849271458,0.013,0.016,1
IATPR,0.0178692593967735,-0.359887197204595,0.014,0.018,1
NUDT1,0.0178705005612967,-0.131059782955552,0.106,0.115,1
AKTIP,0.0179558118498103,0.165817014743153,0.062,0.055,1
UNK,0.0179562005759842,0.155764936969929,0.064,0.057,1
TRIP6,0.0179562834805402,-0.345887631069759,0.012,0.015,1
BBS9,0.0180270981311559,0.247946597986584,0.036,0.031,1
NCKAP5L,0.0180561517047181,-0.265018471502222,0.027,0.032,1
NEPRO,0.0180918206987004,0.156096927021808,0.074,0.067,1
HAUS4,0.0180961793423626,-0.123262725563824,0.082,0.09,1
CLPTM1,0.018121290040866,-0.108437902442891,0.136,0.146,1
LRATD2,0.0181414863257666,0.25900677197327,0.023,0.019,1
HOPX,0.0181422889702818,-0.222075900563255,0.175,0.184,1
PALM2-AKAP2,0.0182150819247976,-0.159120774706766,0.055,0.062,1
EDAR,0.0182395944093096,0.393797464450039,0.011,0.009,1
ATG16L1,0.0182428997757633,0.142003154031141,0.073,0.065,1
NUFIP1,0.0182475028679793,0.241606654520321,0.041,0.035,1
FAS,0.0183159924580294,-0.144236537620787,0.076,0.083,1
CUL2,0.0183267771058883,0.149427382354713,0.086,0.078,1
IKBKB,0.0183585584696196,-0.122748342364894,0.098,0.107,1
PCNT,0.018367400446209,0.141958711450864,0.084,0.076,1
PML,0.0184085223656964,-0.103168968955462,0.139,0.149,1
AL353807.5,0.0184290960280286,-0.218235034243635,0.039,0.044,1
MSTO1,0.0184385273321799,0.201293616046034,0.043,0.037,1
AC022182.1,0.0184747275785883,-0.265699257462383,0.017,0.021,1
ZNF496,0.0184939215935996,-0.196493193972676,0.047,0.054,1
FNTB,0.0185447048441376,-0.490185124526196,0.013,0.017,1
ZFAND1,0.0185538802279678,0.10696329009466,0.145,0.135,1
BACE2,0.0185897500068694,-0.441218275377918,0.01,0.013,1
RBSN,0.0186550596858243,0.151214816257736,0.075,0.068,1
ZMAT5,0.0186698787205891,-0.15360314506893,0.061,0.068,1
GSR,0.0186887510361267,-0.142212322592552,0.067,0.074,1
NFAM1,0.0187232393156008,-0.16913186468868,0.041,0.047,1
DANCR,0.0187244702158844,0.114343308902679,0.22,0.21,1
PIK3AP1,0.018754248220051,-0.124690168233146,0.091,0.099,1
HARBI1,0.018776725007586,0.421278200872147,0.011,0.008,1
NAGPA,0.0188304269027638,0.155696550870307,0.082,0.075,1
TLN1,0.0188424774884199,-0.136030300629072,0.284,0.296,1
AOPEP,0.0188465292602964,-0.338288822231192,0.013,0.016,1
HDAC8,0.018860577120713,-0.194434631672968,0.048,0.054,1
MGAT5,0.0188628274425224,0.218563264312166,0.05,0.044,1
ENO2,0.0188842841581513,0.134341492513201,0.07,0.063,1
CEBPB,0.0188996189158254,-0.25879935634654,0.207,0.214,1
TDRD7,0.0189135839205327,-0.30531164052984,0.017,0.021,1
SLC25A25,0.018950445458155,-0.164035534188149,0.075,0.083,1
USP30-AS1,0.0189708792213,-0.20291946313211,0.029,0.034,1
DOLK,0.0189772920301582,0.458367519607367,0.011,0.008,1
WDR18,0.018994460437024,-0.134419705343815,0.069,0.077,1
RIPK3,0.0190018738985347,-0.186130698070573,0.037,0.042,1
AC090204.1,0.0190151776534816,-0.264340513293839,0.024,0.028,1
APOBEC3H,0.0190367734277558,-0.371847284881318,0.014,0.018,1
APMAP,0.0190799025047497,0.10613299238516,0.223,0.213,1
SPNS3,0.0190818783404906,-0.180172422637578,0.051,0.057,1
RUVBL1,0.0191661920820583,-0.149670858550321,0.059,0.065,1
WDFY4,0.0191890869968004,-0.132891146303407,0.039,0.045,1
FAAH2,0.0191927042482497,0.254018441349665,0.033,0.028,1
HELLS,0.0192292582298409,-0.262908678751852,0.022,0.026,1
EML3,0.0192580950602487,-0.125174736742413,0.1,0.108,1
AL080276.2,0.0193242512327978,-0.245427449290546,0.025,0.03,1
FGD2,0.0193319478997601,-0.189679508381954,0.05,0.056,1
NF2,0.0193705761209487,0.204940465674973,0.051,0.045,1
CSTF1,0.0194538513386418,0.135672519017066,0.051,0.045,1
COPS7B,0.0194657575380997,-0.148249797710842,0.064,0.071,1
KXD1,0.0194738005957178,-0.101931577704565,0.215,0.226,1
THG1L,0.0195039956775704,-0.173956936212661,0.044,0.05,1
ATXN2,0.019566208063007,-0.151834581971265,0.071,0.078,1
ZNF236-DT,0.0195725076187094,-0.326237312634969,0.012,0.016,1
SAV1,0.0196098494316635,0.284093822138642,0.022,0.018,1
RGMB,0.0196173724127495,0.210711214932489,0.023,0.019,1
ZCCHC2,0.0196263488116331,-0.188828829984717,0.051,0.057,1
MAP3K4,0.0196400834061641,0.118644149691549,0.089,0.081,1
SPIB,0.0196804356417352,-0.205782389770964,0.042,0.048,1
NR1H3,0.0197207641820435,-0.412711847688924,0.008,0.01,1
ABCD3,0.0197482716873328,0.169282716189398,0.063,0.056,1
ZNF350,0.0197912622102098,0.118098153848814,0.091,0.083,1
FRS2,0.0198019467811504,0.177421270347102,0.052,0.046,1
B4GALT4,0.019813523558301,-0.181766658832468,0.061,0.067,1
AC092279.1,0.0198183479909135,0.253899881540181,0.029,0.024,1
FAM49A,0.0198290423344966,0.228633122929751,0.107,0.099,1
SECTM1,0.0198956888511901,-0.217065396177033,0.024,0.029,1
DYNC2H1,0.0199015796065467,0.47401966294412,0.01,0.008,1
TM7SF2,0.0199324484026228,0.209774095678435,0.03,0.026,1
BCAT2,0.0199336951767321,-0.203650707166654,0.04,0.045,1
MPV17L2,0.0199687258920791,-0.25529945756016,0.027,0.032,1
MFSD14C,0.0200302383750694,-0.150241716600039,0.068,0.075,1
HABP4,0.020052428232858,0.258762789114138,0.035,0.03,1
EFNA4,0.02012776945886,-0.317136609931128,0.011,0.014,1
MANBAL,0.0201293029891137,0.273721012458289,0.026,0.022,1
DNAJC30,0.0201775462322698,0.161980139090837,0.057,0.051,1
SREBF1,0.0201976064071421,-0.16368429984901,0.057,0.063,1
LINC01891,0.0202002222624189,0.266831931498768,0.019,0.016,1
PEX26,0.020244114352259,-0.146067756450387,0.065,0.072,1
IFIH1,0.0202495559742172,-0.162530605232639,0.045,0.051,1
METTL5,0.0202723989285275,-0.11101674191739,0.136,0.146,1
SUDS3,0.0202799839518258,-0.151334955152753,0.079,0.087,1
MAP4,0.0203032137508078,-0.138543141555032,0.125,0.134,1
PIGS,0.0203165304449046,0.12097291768458,0.093,0.085,1
AP3D1,0.0203212586306008,-0.140849800932172,0.1,0.109,1
NOC3L,0.0203840753757571,-0.249085609105228,0.031,0.036,1
RHOBTB2,0.0204382387030342,-0.311935258432952,0.013,0.016,1
CHST14,0.0204403593032528,-0.390276709714743,0.008,0.011,1
PPP6R3,0.0205469140574464,0.10846326483528,0.142,0.132,1
FCRLA,0.02055534082735,-0.280126208071115,0.03,0.035,1
PPRC1,0.0205721769065486,0.225579798952197,0.045,0.039,1
CARNS1,0.0206056153754755,0.328712082136074,0.018,0.014,1
AP000787.1,0.0206667560005756,0.278885101600919,0.026,0.022,1
REV1,0.0207629205152604,0.115109220215272,0.104,0.096,1
DCTN2,0.0207821734391294,-0.10545461667778,0.179,0.189,1
ATF7,0.0207995412345495,-0.169715282227645,0.062,0.069,1
CUL9,0.0208070050775279,-0.218972238805524,0.037,0.042,1
RAB22A,0.0208234981208123,0.155531961456258,0.058,0.052,1
NACC1,0.0208283614938943,-0.214381541556778,0.026,0.03,1
DPH5,0.0208360134456155,0.171405043113592,0.068,0.061,1
XIAP,0.0208453293773374,-0.148135472996504,0.071,0.078,1
TLE2,0.0208473645810768,0.363562703015859,0.011,0.008,1
AARS,0.0208733480168936,-0.193696868915449,0.031,0.036,1
DNAAF2,0.0209094930635182,0.128777818251574,0.121,0.112,1
WDR36,0.0209204203354032,0.13493192457049,0.075,0.068,1
ELMO2,0.0209273946400588,0.157158653925975,0.073,0.066,1
PFKM,0.0209718942588929,-0.356329377791406,0.011,0.015,1
ZC3H4,0.0209975848974334,-0.173318359295389,0.043,0.049,1
GBE1,0.0210208114855981,-0.244043002217037,0.027,0.031,1
LRRC8C,0.0210788945113769,0.137342776957161,0.112,0.104,1
POLR3K,0.0211003717591336,-0.190674813727322,0.042,0.048,1
TMEM99,0.0211252717658042,-0.421538466577124,0.009,0.012,1
ZNF790-AS1,0.0211720676044449,0.355390265215689,0.018,0.014,1
KCTD15,0.0211801760934932,-0.441218275377918,0.008,0.011,1
AC093010.2,0.0212022362681512,-0.262317750712128,0.021,0.026,1
FAM210B,0.0212049512846515,-0.158473443601301,0.056,0.062,1
SMPD4,0.0212844212170151,0.11119854335128,0.125,0.116,1
ZCWPW1,0.0213259337290512,0.27310188696761,0.025,0.021,1
POLD2,0.0213405770377251,-0.135261979369926,0.087,0.095,1
ABHD17B,0.0213439257933487,0.1827844098314,0.041,0.036,1
ARHGAP32,0.0214329354078295,0.407731669034199,0.012,0.009,1
RNF14,0.0214980913969695,-0.20002614691273,0.044,0.05,1
CNPY4,0.0215093111340646,-0.184900785758706,0.03,0.035,1
AC096667.1,0.0215173436388007,-0.352552687045921,0.014,0.018,1
EIF4ENIF1,0.0215266457856907,-0.291253174983863,0.022,0.026,1
AC010442.1,0.0215436058987866,0.28971849663887,0.022,0.019,1
CRAT,0.0215591964634462,-0.214044056781154,0.038,0.043,1
SYCE1L,0.021650410145717,-0.218319556425855,0.031,0.036,1
SLC16A7,0.0216597249619776,0.120854403184712,0.101,0.093,1
HERC6,0.0216910371303924,-0.220195150195116,0.028,0.033,1
METTL2A,0.0217116394156719,-0.243588165441224,0.025,0.029,1
SLC35C2,0.0217313672918619,-0.106153301646518,0.121,0.13,1
THBS3,0.0217391506943167,-0.245227169555531,0.022,0.027,1
YTHDF3-AS1,0.0217404360206497,-0.329694251287939,0.014,0.017,1
ANKH,0.0217414487321642,0.135390601982816,0.083,0.075,1
GALC,0.0217961975159357,0.180189039700068,0.073,0.066,1
MNAT1,0.0218114017261683,0.140018735756183,0.085,0.077,1
CD226,0.0218200009876912,-0.131707343818102,0.075,0.083,1
RAB33A,0.0218980780650107,0.242572313887624,0.03,0.026,1
MUL1,0.0219200456169663,0.17442053919497,0.063,0.057,1
SLC9A8,0.0220810665061134,0.151867231990689,0.082,0.075,1
BORCS7,0.0220817439150785,-0.102807183721202,0.17,0.18,1
PTK7,0.0221724091753839,-0.458812335392657,0.009,0.012,1
DAPP1,0.0222304557844931,-0.185906122142486,0.063,0.07,1
BX284668.6,0.0223512562744428,-0.350021125323183,0.01,0.013,1
UBE2Z,0.0223944431000136,-0.117049970349607,0.07,0.077,1
DYRK4,0.0224066999896262,-0.176113749390527,0.045,0.051,1
AC025171.3,0.0224193195800969,0.139507232456767,0.101,0.093,1
ZBTB33,0.0224201286383379,-0.227920410577243,0.033,0.038,1
MAP3K13,0.022480709823954,0.141932281929994,0.061,0.055,1
RMDN2,0.0224935514443136,0.377078396961612,0.013,0.01,1
TMEM170A,0.0225484641542776,0.10853509861564,0.118,0.109,1
TCEAL4,0.0225648000477797,-0.183375412312066,0.058,0.065,1
CNEP1R1,0.0226657390345698,0.185079980010668,0.046,0.041,1
UPF3B,0.0227901395903985,-0.134870602344273,0.102,0.111,1
NFU1,0.0228837273028013,0.127674262620573,0.098,0.09,1
MIS12,0.0229259070617945,0.183253219425742,0.051,0.045,1
AC006460.2,0.0229913680792194,0.393533210389242,0.011,0.009,1
TFRC,0.0230778252754592,0.156813259431912,0.087,0.08,1
LINC02384,0.0230813397747555,0.228297963202168,0.053,0.047,1
AL365361.1,0.0231643752152647,0.206938051830432,0.038,0.033,1
GKAP1,0.0232685945724864,0.203185916969325,0.032,0.027,1
AC139530.1,0.0232876863391009,-0.156629542315059,0.057,0.063,1
ZNF805,0.0233429071383426,0.217103637476924,0.033,0.028,1
ZNF525,0.0233925933082495,0.266666254924338,0.024,0.02,1
ZNF83,0.0234188111125333,-0.138294956596963,0.077,0.084,1
ZNRD2,0.0234367768874383,-0.1007755773953,0.109,0.118,1
NPC1,0.0234673520690502,0.170930893491915,0.057,0.051,1
CBWD1,0.0235121514102896,0.142142120746736,0.082,0.074,1
ZBTB37,0.0235264273963548,-0.226288308240952,0.026,0.03,1
KIDINS220,0.0235872808716021,-0.113715840574924,0.101,0.109,1
SMN2,0.0236847225322901,-0.220909168541959,0.029,0.034,1
ZNF747,0.0237560021757469,0.245055960968624,0.028,0.024,1
SMN1,0.0237920699561507,-0.364942508096113,0.009,0.012,1
MFSD11,0.0238139909267095,0.133609290915556,0.111,0.102,1
AL391832.2,0.0238494579346943,-0.400934679912571,0.008,0.01,1
KCNQ1,0.0238692294273031,-0.188630656979241,0.038,0.043,1
AC020911.2,0.0240427116560611,-0.17824050023012,0.056,0.062,1
XPNPEP1,0.0240737079765907,-0.152813722705166,0.088,0.096,1
THAP9-AS1,0.0242812839542638,0.164777925215434,0.069,0.062,1
PLGRKT,0.0243683096540513,-0.130711979960166,0.091,0.099,1
POP7,0.0243994374652338,0.132804662876973,0.064,0.057,1
GATB,0.0244471313354315,-0.255662622221841,0.018,0.022,1
AL592183.1,0.0244872258403711,0.385358626617204,0.013,0.01,1
CNTLN,0.0245097861982991,-0.279454301651662,0.021,0.025,1
UBALD1,0.0245170042994443,-0.159384162415384,0.049,0.055,1
AC099343.3,0.0245214647371501,-0.244302760057294,0.026,0.03,1
MRTO4,0.0247782135126882,0.145481963708068,0.064,0.058,1
FCHO1,0.0248099056067528,-0.140545150404872,0.093,0.1,1
HEIH,0.0248829156543613,0.125822317345975,0.092,0.084,1
NFS1,0.0249051415834219,0.249283632239631,0.022,0.018,1
CCDC144A,0.0249382387249867,0.21850054019397,0.033,0.028,1
MLLT1,0.0250093275399573,-0.229312967818384,0.03,0.034,1
SUSD6,0.0250290540440032,0.155401045269528,0.09,0.083,1
MARC1,0.0250428779844458,-0.252735487666137,0.018,0.022,1
F13A1,0.0250788299444939,-0.144548512906857,0.04,0.045,1
RASSF1-AS1,0.0251210782791783,-0.380308240725846,0.01,0.013,1
UTP15,0.0251514305945179,0.240226574916598,0.03,0.025,1
LZTS3,0.025199358893752,0.470746877136447,0.01,0.007,1
LYRM1,0.0252668873603261,-0.14855238868571,0.067,0.074,1
ZNF75D,0.0253423150017071,-0.248282204384974,0.024,0.028,1
CD58,0.0254206386888169,-0.120356868184909,0.081,0.089,1
GOT2,0.0254265101959787,-0.150776816069621,0.068,0.075,1
TM9SF1,0.0254729582265852,0.208648748475596,0.051,0.045,1
TMEM260,0.0255314341275139,-0.179869727589948,0.035,0.04,1
PRH1,0.0255463637890936,0.140229741167001,0.074,0.067,1
F5,0.025584067360541,-0.281424568777514,0.021,0.025,1
MTF1,0.0256501294834261,0.177896910658461,0.072,0.066,1
RNF20,0.0256877517223428,-0.161861564242192,0.059,0.065,1
FBXO46,0.0256994899847941,-0.305703304721437,0.013,0.016,1
AC004241.1,0.0257135814012126,-0.412071929718402,0.009,0.012,1
SEC24C,0.0257359205514181,0.108995155711856,0.102,0.094,1
CCDC28A,0.0257539304242676,0.108275335764268,0.1,0.092,1
DDB2,0.0257623547923485,0.122213707547239,0.098,0.09,1
CENPW,0.0258047810489572,-0.307175893438542,0.011,0.014,1
ZBED5,0.0258360934207534,-0.116970734587598,0.066,0.073,1
CRK,0.0258512580563706,0.211598944713842,0.047,0.041,1
HIST1H4E,0.0258539393574493,0.40515853550887,0.01,0.007,1
PLEKHM2,0.0258815593039135,-0.175503922251672,0.056,0.062,1
PCGF3,0.025938024996433,-0.16630404823709,0.05,0.056,1
ZNF212,0.0259516217261567,0.264345219649154,0.023,0.019,1
TNFRSF4,0.0259763246132236,0.319198263549625,0.042,0.037,1
PPIF,0.0260093837764569,0.369200234468229,0.112,0.105,1
APTR,0.0260105172404178,-0.370780534088945,0.008,0.011,1
SSX2IP,0.0261110432673014,0.158243795038353,0.022,0.018,1
MED1,0.0262217524052322,0.107792720742722,0.088,0.081,1
RPTOR,0.0262530167718346,-0.137286609784402,0.077,0.085,1
EPHA1-AS1,0.0262890393076269,-0.266337476911362,0.031,0.035,1
MTRR,0.0263024788710685,0.138659398719951,0.072,0.065,1
TANGO6,0.0265321868802307,0.18330913242026,0.037,0.032,1
CXorf56,0.026551816718214,0.205874917518752,0.041,0.036,1
ABCF2,0.0265851621722218,-0.156966266564665,0.064,0.071,1
C11orf74,0.026628087861419,-0.42966598973314,0.009,0.012,1
MOSPD3,0.0266341166906572,-0.130373367725937,0.08,0.088,1
IPO9,0.0266372817763361,0.147103237433152,0.071,0.064,1
TXNL4B,0.0266475648217107,0.198885779535699,0.033,0.029,1
CWF19L1,0.0267120497110685,0.146124865089766,0.071,0.064,1
CDKN2AIPNL,0.0267851713844518,-0.145815666165038,0.075,0.082,1
C17orf75,0.0268106085316496,0.209469118393526,0.024,0.02,1
GALM,0.0268329881688134,-0.144539250582306,0.057,0.063,1
ANKRD13A,0.0268339800915585,-0.141297725058931,0.086,0.094,1
GPR160,0.0268463050711338,-0.258997975167221,0.018,0.022,1
STARD8,0.0268704645335003,0.368810780978011,0.01,0.008,1
TIMM8A,0.0268959518117787,0.270000262024364,0.022,0.019,1
AC004865.2,0.0269494735527821,-0.120010195997286,0.066,0.072,1
ZBED5-AS1,0.027000960692522,-0.19109975742941,0.031,0.036,1
SNHG21,0.0270213482494637,-0.180586359759428,0.044,0.05,1
ZSCAN16-AS1,0.027061628330564,-0.11095443411848,0.14,0.149,1
UTP11,0.0271518765828047,0.182593656454102,0.04,0.035,1
STK25,0.027170756442647,-0.117872994678278,0.11,0.118,1
AL353622.1,0.0272075484447359,-0.386076721185457,0.01,0.013,1
KYAT3,0.0272640070422085,0.159379328383784,0.07,0.064,1
IGFBP4,0.0272828406052707,-0.327382726926435,0.017,0.021,1
NRBF2,0.0273296845039914,0.112784794243231,0.113,0.105,1
UBE2A,0.0274201258200232,0.108106489476834,0.137,0.128,1
ZNF785,0.0274928850824589,-0.360223293895896,0.01,0.013,1
SLC35F5,0.0274996862563663,0.162385223056051,0.046,0.04,1
GP9,0.027521553664091,-0.578721799127853,0.009,0.012,1
LINC02062,0.0275987313421789,-0.379412990904447,0.009,0.011,1
ZNF710,0.0276946124004815,-0.240725335612837,0.017,0.021,1
KLHL7,0.0277138450723371,0.146618469918725,0.057,0.051,1
CNTNAP2,0.0278692552243013,0.299437077937349,0.012,0.01,1
SUGP1,0.0278924620714743,-0.178791192239218,0.053,0.059,1
SEC23B,0.0279732925030076,0.140938430326419,0.08,0.073,1
CLEC17A,0.0279892528730065,0.427704470031579,0.012,0.009,1
TRIB3,0.0279981321278966,-0.226958474699727,0.019,0.023,1
HTD2,0.0280050215631068,0.237359927350335,0.026,0.022,1
AC021683.5,0.0280079209755431,-0.387673506119786,0.007,0.01,1
OPA3,0.0280208196549439,0.188444032814052,0.04,0.035,1
PAK1IP1,0.0280720386713643,0.166348844675408,0.04,0.035,1
AC104530.1,0.0281365282006739,-0.423443573649942,0.008,0.011,1
INTS6-AS1,0.028188703333343,0.194272104222566,0.049,0.043,1
PUDP,0.028195016944558,0.236360484954361,0.026,0.022,1
DMTN,0.028199559780082,-0.437760876474388,0.015,0.018,1
SLC25A35,0.0282166065623569,-0.27779078553553,0.018,0.022,1
ZNF503,0.0282337962685466,-0.182368863113936,0.017,0.021,1
ACSL3,0.0283110094853528,0.135194151269703,0.085,0.078,1
CCRL2,0.0283202226689015,0.401469719791966,0.012,0.009,1
APPBP2,0.0283228264154192,0.140541793304894,0.074,0.067,1
TRDMT1,0.0283304777275348,-0.137575533518306,0.058,0.065,1
WDR53,0.0283647585544711,0.241846618901452,0.029,0.025,1
ZNF18,0.0285099571231228,-0.206574348752756,0.026,0.03,1
TMEM41A,0.0285356313429544,0.156869145062135,0.057,0.051,1
RNF212,0.0285501822334206,0.343275688870873,0.014,0.011,1
TRAF2,0.0285589899929734,-0.198274229012889,0.029,0.034,1
SMARCD3,0.028561312806792,-0.212034142803535,0.043,0.048,1
SMIM15,0.0285657579796032,0.155917671008864,0.078,0.071,1
USP6NL,0.0285961408067274,-0.235906337766667,0.027,0.031,1
SNUPN,0.0286485257117296,-0.159992517433722,0.05,0.056,1
CTDP1,0.0286505345279424,0.151165437641142,0.081,0.074,1
RAB13,0.0286527313991567,-0.340064323428622,0.012,0.015,1
ZNF8,0.0286945064592075,0.219396432658173,0.029,0.024,1
TTC22,0.0287075027387935,-0.30335659138334,0.016,0.019,1
VAMP3,0.0287591498838934,0.110179741399405,0.112,0.104,1
FAM157C,0.0288217868955677,0.257497939650743,0.02,0.017,1
VBP1,0.0288268468336132,-0.11055863380854,0.093,0.101,1
CPT1B,0.0288322964188968,0.275427334408691,0.021,0.017,1
TCERG1,0.0288717356572515,0.111736934849876,0.166,0.157,1
HPS4,0.0288733750467778,0.102197219148257,0.099,0.091,1
GGA2,0.0288970145049449,0.137363431921516,0.127,0.119,1
TMEM220,0.0288986195635894,-0.282157769728865,0.017,0.02,1
EIF3C,0.0289376827391665,-0.16005618035607,0.052,0.057,1
SHMT1,0.0289804382456429,-0.241870653206491,0.023,0.027,1
CCND2,0.0290140666312837,-0.101482582203632,0.14,0.149,1
RNF13,0.0290338777954474,0.111539399144988,0.157,0.148,1
TBC1D23,0.0290421828062983,0.137636010337115,0.075,0.068,1
PIK3CG,0.0290530946847115,0.125136050680299,0.079,0.072,1
ACADSB,0.0290681319392034,0.210266007386635,0.044,0.039,1
NXPE3,0.0291433929269691,-0.136822347498533,0.085,0.092,1
TSPAN31,0.0292439441102816,-0.186404376349093,0.04,0.045,1
PRDM8,0.0292810520796081,0.349724939847113,0.015,0.012,1
PATJ,0.0293537369087498,0.158243795038353,0.055,0.049,1
TRIM73,0.0293749037034809,-0.13516892838479,0.059,0.065,1
TRMT10A,0.0294378852199228,-0.241026388382174,0.019,0.023,1
AC104809.2,0.0294649137785725,0.165576441272822,0.012,0.009,1
TIMELESS,0.0294732714116341,-0.192013022907504,0.019,0.022,1
SLC16A10,0.0296457879209846,0.390251305251522,0.01,0.008,1
TBC1D20,0.0296537511252007,-0.178686463188256,0.064,0.07,1
AKT1S1,0.0298369754856549,-0.203472239602818,0.042,0.047,1
RPP14,0.0298934680504024,0.204466811798999,0.041,0.036,1
SPTBN1,0.0299034745802876,-0.102606363533565,0.167,0.176,1
NRDE2,0.0300547226748635,0.135492561846351,0.078,0.071,1
SVIL,0.0300965801823159,0.135954523809242,0.076,0.069,1
SHROOM1,0.0300973203967673,-0.306262380504791,0.011,0.014,1
NCOR2,0.0301619721043346,-0.146161472601416,0.105,0.112,1
OIP5-AS1,0.0302114662208446,-0.108751820696628,0.145,0.154,1
ZNF770,0.0302231845181826,0.129161315114737,0.082,0.075,1
CD180,0.0302571799657109,-0.284538694723396,0.011,0.014,1
AC009126.1,0.0303153433581043,-0.251557055874343,0.02,0.023,1
FOCAD,0.0303477994678095,-0.244466954565056,0.021,0.025,1
SLC33A1,0.0303624479738983,-0.202443607528365,0.04,0.045,1
PPP1R3E,0.0303645717015108,0.168560016810029,0.059,0.053,1
LMTK2,0.0303694754573661,0.143597019073952,0.054,0.049,1
COL19A1,0.0303739253896903,0.4415126846122,0.016,0.013,1
FKRP,0.0303808221764294,0.300596718449683,0.017,0.013,1
PUS3,0.0305957352322341,0.22714963175442,0.027,0.023,1
TOR1AIP1,0.0306054675653333,0.101461015127074,0.139,0.131,1
PLOD3,0.0306133801838482,-0.125915256973263,0.056,0.062,1
RPAP3,0.0306159784384857,-0.121364707580828,0.071,0.078,1
SNX21,0.0308940932505527,-0.451171749407342,0.007,0.01,1
GGCT,0.0309299050449845,-0.125480469562626,0.068,0.075,1
KIF1B,0.0310228607946834,0.188928932894703,0.048,0.043,1
NOMO1,0.03104592155889,-0.30000577106179,0.016,0.02,1
N4BP3,0.0310656167885009,0.398008421549299,0.013,0.01,1
ACOT7,0.0310703352275888,-0.370994764973156,0.014,0.018,1
EFCAB13,0.0310990900729313,0.34599007356791,0.013,0.01,1
BORCS6,0.0311001017357209,-0.145960550637978,0.06,0.066,1
AGTPBP1,0.0311188219538788,-0.110094642655368,0.182,0.192,1
LCLAT1,0.0311213567144874,0.195565421244088,0.041,0.036,1
PSMD10,0.0312388080344882,-0.165260154774549,0.051,0.057,1
MYPOP,0.0312755605262803,-0.276868144403531,0.019,0.023,1
AC104794.3,0.0313130761516347,-0.247646610993337,0.019,0.023,1
HELB,0.0313568923865634,-0.140111368024909,0.08,0.087,1
PTPRK,0.0313765243827808,-0.313787860378578,0.017,0.02,1
RAB2B,0.031382220346351,0.148154977414769,0.053,0.047,1
GYS1,0.031447117010855,-0.197000619398233,0.032,0.037,1
FBXO9,0.0315942161543976,-0.100751893897987,0.141,0.15,1
AC002558.3,0.0316052260885484,-0.271540289609677,0.016,0.019,1
IPO11,0.0316893616067601,0.172510364111401,0.031,0.026,1
ERBB2,0.0317054736963953,0.296690565007498,0.014,0.011,1
BBS4,0.0317199557968901,0.235832614093456,0.025,0.021,1
TPRKB,0.0317700357413334,0.118548571352227,0.114,0.106,1
ADAMTSL4-AS1,0.0317833253104603,-0.272785737008392,0.018,0.021,1
PASK,0.0318038933640084,0.116786435991675,0.127,0.119,1
KLHL5,0.0318072916885404,0.145238085213589,0.042,0.037,1
DPEP2,0.0318321038629616,-0.10216289102521,0.133,0.141,1
RAB18,0.0318465911134112,-0.112540110400376,0.15,0.159,1
PTAFR,0.0318665829767356,-0.199975572240646,0.03,0.034,1
AK2,0.0319002008065293,-0.110121930756161,0.136,0.145,1
IARS,0.0319595852990522,-0.128637352749809,0.082,0.089,1
ZNF44,0.032014642934069,-0.164446219613689,0.07,0.076,1
NENF,0.0320719650630546,-0.135333886950798,0.072,0.079,1
SLC35E1,0.0321112246059205,0.127304167555786,0.051,0.046,1
CMAS,0.0321559370059688,-0.13551229515799,0.056,0.062,1
RBKS,0.0321873652178109,-0.234022396581833,0.025,0.029,1
CHRAC1,0.0322411504590141,0.104715784102472,0.178,0.169,1
HOTAIRM1,0.03224321951023,0.109577738772526,0.132,0.124,1
VPS33B,0.0324835537468178,0.233205852719575,0.031,0.026,1
CDK16,0.0324855198659823,0.122549587359836,0.116,0.108,1
ARNT,0.0327878428868412,-0.16466339390823,0.054,0.06,1
VPS9D1,0.0328100087272908,-0.230143667778509,0.033,0.038,1
CCDC85C,0.0328528794728485,0.191796354749379,0.035,0.03,1
TMEM267,0.032908249426515,0.255567688006498,0.023,0.02,1
GOLPH3L,0.0329846814930402,-0.246704886616907,0.016,0.019,1
DPH7,0.0331285629686386,-0.12242400863458,0.092,0.099,1
NABP2,0.0331372947504707,-0.133534689169306,0.061,0.067,1
TMEM127,0.0332035020574457,-0.151440704094262,0.058,0.064,1
ZNF675,0.0332085833075749,0.144580999432842,0.062,0.056,1
COX15,0.0333537437877239,-0.183150122437474,0.036,0.041,1
TMEM214,0.0334013966049774,-0.157398037001578,0.051,0.057,1
EEF1AKMT1,0.0334702589795353,-0.302806101997327,0.015,0.018,1
PDCL3,0.0335046081360645,0.118368739013986,0.131,0.122,1
KLHL18,0.0335342557362132,0.147693210585012,0.072,0.066,1
HPSE,0.0336324893497345,-0.172580700337406,0.025,0.03,1
GABPB2,0.0336590503631789,-0.162408143161739,0.041,0.046,1
TLR4,0.0336965635353525,-0.132206068375842,0.04,0.046,1
C17orf107,0.0337941104195656,0.30818442202651,0.013,0.01,1
ENG,0.0338099409434317,-0.141389260158657,0.044,0.05,1
RBM15,0.0338204261010031,-0.140331652694929,0.057,0.063,1
FAR2,0.0338266356590634,-0.318753696341843,0.011,0.013,1
RAMAC,0.0338338340043598,0.111928602125813,0.128,0.119,1
PAFAH2,0.0338793216510995,0.232950418044529,0.028,0.024,1
C1orf54,0.0338851393615811,-0.246451760019032,0.018,0.022,1
LIMS1,0.0339415159100276,-0.172638941385292,0.157,0.166,1
ACOT2,0.0339539261225241,0.1757009921149,0.054,0.048,1
DGAT1,0.0340132009495026,-0.187564876511592,0.038,0.043,1
RAP2C-AS1,0.0340218157805087,0.249283632239631,0.022,0.018,1
TTC39B,0.0340776253929859,0.119988276028351,0.057,0.052,1
R3HCC1L,0.0341149514601565,-0.16368429984901,0.046,0.051,1
CLCN6,0.0342261566175555,-0.212942877137166,0.036,0.041,1
TNPO1,0.0343099783418991,0.122429131766558,0.11,0.102,1
MRPL16,0.0344046925309723,-0.10496753090614,0.123,0.132,1
CCL4,0.0345377812853561,0.509273043355217,0.178,0.169,1
GCDH,0.0345522597113567,0.144458607650921,0.062,0.056,1
VAPB,0.0345597507907273,0.137779692478637,0.077,0.071,1
SEPTIN11,0.0346441135087107,-0.142082045363799,0.059,0.065,1
FAIM,0.034735247647222,0.268559307342509,0.022,0.019,1
ST3GAL5,0.0347430849731083,-0.152690380731378,0.052,0.058,1
MBOAT7,0.0347534329178841,-0.148536620140289,0.059,0.065,1
FBXO8,0.0348024609077195,0.199189345037269,0.038,0.033,1
MACROD1,0.0348281084893981,0.299406197343131,0.019,0.015,1
DUSP10,0.0349045092887295,-0.170121597480152,0.053,0.059,1
GRWD1,0.0349232811838221,0.177630219495648,0.051,0.045,1
TRIM5,0.0350720985316795,-0.164411648007037,0.037,0.042,1
AC114271.1,0.0351596313516885,0.379214141305602,0.01,0.007,1
URB2,0.035206669185489,0.278766556404395,0.02,0.017,1
SLC38A7,0.0352199420194683,-0.261864693787913,0.016,0.019,1
RFFL,0.035284980688911,0.108008328603457,0.086,0.079,1
SLC5A3,0.0352947872329125,0.186483977893626,0.047,0.042,1
ARHGAP21,0.0353462509037667,-0.160340856774638,0.03,0.035,1
RCN3,0.0353484419799939,-0.319987530727685,0.015,0.018,1
BCL2L12,0.0354456056264403,-0.168575980624688,0.038,0.043,1
BBIP1,0.0354504278767978,-0.127218825000282,0.079,0.085,1
TSFM,0.0354935801809097,0.147262238374614,0.058,0.053,1
USO1,0.035511519603974,-0.12366862100113,0.09,0.097,1
ABHD15,0.0357787339443886,0.181015102697011,0.032,0.028,1
FASTKD2,0.0357964678305316,0.121717919013239,0.082,0.075,1
MCM5,0.035814558823156,-0.136357796379892,0.077,0.084,1
LIPE,0.0358486972682226,0.345042615045062,0.014,0.011,1
HACD2,0.0359154398207311,0.167777056869836,0.05,0.045,1
KPNA6,0.0359380774510533,0.110567794496517,0.102,0.094,1
BZW2,0.0359431030785064,-0.116886737321649,0.086,0.093,1
POU2AF1,0.0359778302824014,-0.211898290364267,0.038,0.043,1
NDUFV2-AS1,0.0359879125293732,0.148004610533515,0.063,0.057,1
KHSRP,0.0360203139850291,-0.138510486646144,0.079,0.086,1
SOCS7,0.0361264764310195,-0.266777792813113,0.014,0.017,1
RPRD1B,0.0361723336182038,0.151800643465958,0.069,0.063,1
RTP4,0.0361763970022518,-0.257952961065332,0.018,0.021,1
WDR76,0.0361948551408266,-0.246146460040983,0.025,0.029,1
REEP3,0.0362113204016403,0.150374109009251,0.057,0.052,1
HEBP1,0.036248966607988,-0.138407940712595,0.087,0.094,1
TCF4,0.0363761676670636,-0.176550475606964,0.055,0.061,1
ANO9,0.0363804517623636,0.191256491312537,0.051,0.046,1
CCDC102A,0.0364726852386205,-0.334796216241764,0.01,0.013,1
RAP2C,0.0365418967203053,0.116039091762434,0.106,0.098,1
MAST2,0.0366950032432433,0.335946147072384,0.015,0.012,1
MTM1,0.0367018033574625,0.159178788616698,0.057,0.051,1
MYL6B,0.0367398721658248,-0.218991671528107,0.024,0.028,1
CSTF2T,0.0367786020162193,0.146282183108714,0.06,0.054,1
RHBDD3,0.0368747675738164,-0.259180297077369,0.017,0.02,1
ZNF484,0.0369744351317808,0.143952722350739,0.058,0.052,1
FAM118B,0.0369864675535746,-0.272514162362258,0.014,0.017,1
AL161421.1,0.037099234071597,0.273601032829887,0.019,0.015,1
HIST1H4B,0.0371106728439199,0.325062885612844,0.013,0.01,1
HEATR1,0.0371724530374489,0.145812235073277,0.061,0.055,1
CCDC122,0.0373277027642229,0.270599288374479,0.012,0.01,1
ALKBH2,0.0373484907033718,0.18209053699272,0.041,0.036,1
YEATS2,0.0374288530737755,-0.169668111998012,0.044,0.05,1
PIGL,0.0374714503014422,0.134581117263987,0.058,0.052,1
PPP4R1,0.0375273045839342,-0.16008719547929,0.052,0.057,1
HAPLN3,0.0375555792307767,-0.198449718009686,0.04,0.045,1
MAPK7,0.0375558378627952,0.194685791006413,0.062,0.057,1
AMDHD2,0.0375680940664713,0.144946972424894,0.059,0.054,1
SEPSECS-AS1,0.0376077888731403,-0.219123286274436,0.027,0.031,1
AMBRA1,0.0376167402453408,0.175174190988231,0.055,0.049,1
CCDC71,0.0376493779013427,0.170641400170576,0.05,0.044,1
HAUS8,0.0377321826173956,0.167260668395787,0.03,0.026,1
FBXW4,0.0377539587252736,-0.167816915223923,0.032,0.036,1
ZNF562,0.0377782607871596,0.238637574889097,0.033,0.029,1
ACVR1B,0.037790422062583,0.290491593336792,0.023,0.019,1
POT1,0.0378457751367224,0.230115090230981,0.027,0.023,1
PXK,0.0378476438600247,-0.147996993698219,0.076,0.082,1
THAP11,0.0378697213114141,0.10214165787631,0.074,0.067,1
ECHDC2,0.0379083840583469,0.118929580212814,0.107,0.099,1
MRI1,0.0379267182379248,-0.133501294352631,0.071,0.077,1
AL121603.2,0.0379643478959685,0.259527130875535,0.02,0.016,1
AP003068.2,0.0379881049586893,-0.689221340393404,0.015,0.018,1
INTS6L,0.0383629476857635,0.152674514407563,0.052,0.047,1
CNOT9,0.0385770768129077,0.13436116470127,0.073,0.066,1
ZNF480,0.0387696676682398,-0.154116415148975,0.058,0.064,1
EEF1E1,0.0387751707791773,0.111902477941059,0.088,0.081,1
CHCHD1,0.0388467961717455,-0.137474420526161,0.068,0.074,1
KHDC4,0.0388763772032704,-0.169894791750822,0.064,0.07,1
NUP205,0.0389062624212604,0.142753509133586,0.057,0.051,1
MAP3K14-AS1,0.0389155655108909,0.241954501427585,0.023,0.019,1
IGF2BP2,0.0389830713959888,-0.359408770723378,0.013,0.016,1
CTBP1,0.0390309029214823,-0.108189187257306,0.146,0.154,1
CLHC1,0.0390637797987149,-0.342654440894329,0.009,0.011,1
ELAC2,0.0390799713861442,-0.11956866616672,0.071,0.078,1
VPS16,0.0390968710630943,-0.131011064885093,0.086,0.093,1
POLRMT,0.0391327010610248,0.129351243915666,0.084,0.077,1
SSBP2,0.0393615308352496,0.120108666151582,0.094,0.087,1
PLRG1,0.0393693652350489,0.126014951509787,0.076,0.07,1
TAF13,0.0394018640213141,0.173252461383186,0.043,0.038,1
THEM6,0.0394642293565356,0.215128858580004,0.035,0.031,1
PLXNC1,0.0395447559557494,-0.203732460489078,0.049,0.054,1
SRRD,0.0395645261664916,0.353591393360572,0.013,0.01,1
TOPBP1,0.0395703754967551,-0.126372644596192,0.075,0.082,1
NSMF,0.0395962081593083,0.110825218345583,0.067,0.061,1
DNM1L,0.0396010088183572,0.100810122250868,0.116,0.108,1
RNF25,0.0396140638514032,0.160611780864832,0.045,0.04,1
IMMP1L,0.0396615338176548,0.15109652245873,0.064,0.058,1
PIGC,0.0397374823633078,-0.108483425533973,0.119,0.127,1
TRIM28,0.0399534878537058,-0.110452184776499,0.119,0.127,1
MAN1B1-DT,0.0400087474229631,0.230115090230981,0.027,0.023,1
B3GNTL1,0.0400142276440297,-0.195038732589947,0.03,0.034,1
AC058791.1,0.0402551794847819,-0.321040627788267,0.015,0.018,1
TGFBRAP1,0.0402552738886129,0.187233006938452,0.038,0.034,1
ZNF550,0.0402745087134996,0.218544305306168,0.032,0.027,1
ZNF862,0.0402824035113892,-0.134185230396077,0.044,0.05,1
PSMD6-AS2,0.040339174943037,0.242740069125126,0.019,0.016,1
P2RX5,0.040380234150918,-0.190304700316271,0.064,0.07,1
SLC2A11,0.0405251675056802,0.152188402975805,0.052,0.047,1
TMEM161A,0.040540634832293,0.162543932471978,0.056,0.051,1
PRKCA,0.0405819253129397,0.11491386069186,0.062,0.056,1
PAFAH1B3,0.0406015756068267,-0.124504118369719,0.076,0.083,1
ICAM4,0.0406494808298274,0.326281686936399,0.01,0.008,1
TSPOAP1-AS1,0.040704460368092,-0.163202839794186,0.054,0.06,1
IFFO2,0.0408155821920396,-0.255644604186998,0.018,0.021,1
SH3GLB2,0.0408396811128361,-0.162344127861426,0.04,0.045,1
FOLR2,0.0408464673137492,-0.353755434127579,0.01,0.013,1
CWC22,0.0408677119338727,0.129206090144044,0.072,0.066,1
RABL3,0.0409667192114264,0.202383223771926,0.03,0.026,1
LGR6,0.0410679591487531,0.265304644812431,0.026,0.022,1
S100PBP,0.0411056252459651,-0.158933900295604,0.055,0.061,1
NDUFAF5,0.0411687769933432,0.159478979224154,0.043,0.038,1
SRGAP2B,0.0412127188346421,-0.207465991876923,0.026,0.03,1
AC132938.3,0.0412533634708469,0.421278200872147,0.01,0.007,1
ORC2,0.0412911217047305,0.149681781534929,0.047,0.042,1
ZNF34,0.041320978005063,-0.229086775070649,0.026,0.03,1
L3HYPDH,0.0414082133893147,-0.169369004804081,0.033,0.038,1
NCOA1,0.041606320875452,-0.120065429359436,0.11,0.117,1
TMEM63A,0.0416683914559759,0.11762709857601,0.111,0.103,1
ERCC6L2,0.0418015550291601,0.118850356738266,0.078,0.071,1
LPAR5,0.0418766694330674,0.262155695526926,0.016,0.013,1
RNF8,0.0418826883600108,0.150262059376879,0.04,0.035,1
CHPT1,0.0419193293002346,0.153466654776481,0.054,0.048,1
FXYD7,0.0419386142288092,-0.19743842662407,0.054,0.06,1
SRXN1,0.0419914031494442,0.267178166591517,0.016,0.013,1
AREL1,0.0420143223222557,0.165439296442557,0.048,0.043,1
ZFP62,0.0421402373603821,-0.189031251781117,0.032,0.037,1
ZNF646,0.0422830996586261,-0.253321512333685,0.017,0.021,1
SLC39A1,0.0422939085890507,-0.136044619416948,0.051,0.057,1
FPGT,0.0423785737106627,-0.291145209031268,0.014,0.017,1
FER,0.0424049770825405,0.240507223218042,0.024,0.02,1
TOM1L2,0.0424170408407736,-0.172729439452016,0.041,0.046,1
INSIG2,0.0424286355233929,0.162803386665805,0.063,0.057,1
TCTN3,0.0425187750674176,-0.118495526082754,0.073,0.08,1
NAA16,0.0425379516478299,0.114572117502295,0.141,0.133,1
ACVR1,0.0425731851068602,-0.31010636103076,0.015,0.018,1
DHX57,0.0425885079471612,-0.218787381660746,0.035,0.039,1
EMG1,0.0426053926520343,0.123041613978005,0.076,0.07,1
CTNND1,0.0426530633045338,-0.244749668535509,0.023,0.027,1
ZNF398,0.0427915331681038,0.207049972813,0.027,0.023,1
GRK5,0.0428737374822188,0.126534935311015,0.054,0.048,1
SERF1B,0.0429400288457329,-0.290331819017165,0.016,0.019,1
NKAPD1,0.0431483639842382,-0.131721330039369,0.078,0.085,1
C1orf131,0.0431861067797601,0.133587677319896,0.074,0.068,1
BANK1,0.0432968856166337,-0.264202317494999,0.066,0.071,1
H6PD,0.0434126414626585,0.18496688806975,0.043,0.038,1
FN3KRP,0.043423552291535,0.171815814611881,0.049,0.044,1
CNKSR2,0.0434243272859209,0.252184005695748,0.021,0.018,1
CEP126,0.0435128259129899,-0.283265915601682,0.013,0.016,1
FAM174B,0.0435569939681907,-0.387497395885084,0.008,0.01,1
THEMIS,0.043588094288418,-0.11322889932637,0.159,0.167,1
AC136475.3,0.0436025673971965,0.280747891871046,0.016,0.013,1
GPATCH11,0.043679932954256,-0.160656607151441,0.035,0.039,1
CALML4,0.0437363771813197,-0.203682367780929,0.022,0.026,1
SCCPDH,0.0439100298888612,-0.158209169782859,0.059,0.065,1
ZNF483,0.0439427506195169,-0.251290728563104,0.022,0.026,1
GLE1,0.0439985608207615,-0.184914166409152,0.045,0.05,1
RRP1,0.0440932209760515,0.187417555070007,0.04,0.035,1
GMPR,0.0441150773699596,-0.153560082575302,0.011,0.014,1
CCDC137,0.0441901640708338,0.127409031091095,0.089,0.082,1
HERPUD1,0.0442767113298226,0.11962940924038,0.401,0.392,1
LINC00476,0.0442833815271517,0.151438617133238,0.069,0.063,1
KRIT1,0.0443025087748866,0.104562015371822,0.079,0.072,1
THRA,0.0443411019180751,0.136301242157676,0.079,0.073,1
MX2,0.04436361229751,-0.102527115464076,0.139,0.148,1
ZNF7,0.0443909060248824,0.141009257621999,0.058,0.053,1
ZNF316,0.044420914272389,-0.179803965212286,0.039,0.044,1
CDC23,0.0444237709876935,0.195718500457016,0.033,0.029,1
SCAMP4,0.0446596118700445,0.109289091309442,0.096,0.089,1
ACBD3,0.0447009617405522,0.141836038516741,0.056,0.05,1
ESS2,0.0447366104415764,0.144646191637631,0.049,0.044,1
LINC01806,0.0448399330371449,0.275847761350582,0.015,0.012,1
AP5M1,0.0448753653588356,0.129891115422279,0.075,0.069,1
LINC01678,0.0449643546042277,0.170020962814706,0.044,0.039,1
AP5S1,0.0449758679984861,0.201152386507644,0.026,0.022,1
L2HGDH,0.0450036074797492,0.362116128404002,0.012,0.009,1
ZNF582,0.0450959027269862,0.310246888483403,0.011,0.009,1
TBCCD1,0.04510602749966,-0.189586163291767,0.041,0.046,1
TOB2,0.0451646668674456,-0.120856114694975,0.063,0.069,1
SYNJ1,0.045171109505138,0.119060531927608,0.056,0.051,1
ZDHHC4,0.0451994796343423,0.138729638991542,0.06,0.054,1
TMEM242,0.0452570155296984,-0.107867773044884,0.076,0.082,1
NOD1,0.0452998773805213,0.120053499333577,0.042,0.038,1
CCR6,0.0453716003532827,-0.132968279635695,0.064,0.07,1
HARS2,0.0453844052992801,0.14259488438319,0.065,0.06,1
PRCC,0.0454168692450071,0.106460495147974,0.111,0.104,1
ZFAND2A,0.0455333362908032,0.126883731323082,0.133,0.126,1
TYSND1,0.0455668595933484,-0.163076209201065,0.044,0.049,1
RGS12,0.0456316807894773,0.31756685135004,0.018,0.014,1
LINC00649,0.0456927122179469,-0.19158048529713,0.052,0.057,1
NCOA6,0.0457388147664027,-0.152850493937738,0.045,0.05,1
ALKBH3,0.0457397726681807,0.151923105668999,0.051,0.045,1
ZNF510,0.0458862915185574,0.293068218592406,0.015,0.012,1
SLC27A4,0.0458994072034299,-0.306642253691053,0.011,0.013,1
ALDH6A1,0.0459411932207146,0.222578436790477,0.03,0.026,1
AC027644.3,0.0459932943029554,0.131308216067305,0.063,0.057,1
PECR,0.046007194758908,-0.146453929187289,0.04,0.045,1
FOXO3,0.0460447889364092,0.128802991771755,0.086,0.079,1
MAPK13,0.0461620928702304,0.136251066696297,0.06,0.054,1
DLGAP3,0.0463962232464421,0.263736923885666,0.018,0.014,1
ZBP1,0.0464508911598779,-0.111649313039839,0.151,0.16,1
TTC21A,0.0464586626993455,-0.294578366699962,0.01,0.012,1
MAPK14,0.0464633510807593,-0.156515614088544,0.059,0.065,1
DYSF,0.0465797618440445,-0.202050739646059,0.024,0.027,1
PIP5K1B,0.0466231404175384,-0.211103796325512,0.021,0.025,1
NR2C2,0.0466785091861856,0.14201748062377,0.055,0.05,1
GPR89B,0.0467152232812655,0.173942481396341,0.043,0.038,1
AC004585.1,0.0467266609471187,-0.357397645178897,0.011,0.014,1
PDHA1,0.0467634071790834,-0.125979131963261,0.074,0.08,1
KIAA1143,0.0468023014363121,0.117642122797657,0.14,0.132,1
FCGRT,0.0468487514891671,-0.124041362261669,0.22,0.228,1
NME7,0.0468588505038492,0.191080377046898,0.027,0.023,1
DNAL4,0.046889985345251,-0.214699585709233,0.024,0.028,1
SCRIB,0.04693485033313,-0.2448916151842,0.024,0.028,1
SREBF2,0.0469893181904959,-0.119466710933222,0.109,0.116,1
SMPDL3A,0.0470788481177167,0.305025132376299,0.015,0.013,1
PTRH2,0.0470833841973935,0.195181810772279,0.043,0.038,1
ZNF23,0.0473532487407304,-0.266653727366858,0.022,0.026,1
CPSF3,0.0474596962640664,-0.187202106555146,0.044,0.049,1
REPS1,0.0474680778500935,0.103557443585772,0.093,0.086,1
SLC49A3,0.0474953931733531,-0.358033684003654,0.008,0.01,1
TMEM181,0.0475461177690745,0.117068831805683,0.069,0.063,1
AC008764.8,0.0476335988390607,-0.236196799633378,0.022,0.025,1
LILRA6,0.0477329112840119,-0.151731497087244,0.041,0.046,1
INPP1,0.0478312208854177,-0.210478511327951,0.02,0.023,1
RHOBTB3,0.0478723205241044,0.255469307902066,0.016,0.013,1
ZER1,0.0479427457062696,0.130017242231726,0.058,0.053,1
TRIAP1,0.047985327313138,0.100774990091612,0.112,0.104,1
CTNNA1,0.0480606354537289,-0.154600191699133,0.054,0.06,1
USP42,0.0481389188909509,0.119518688342106,0.071,0.065,1
DDX42,0.0481777259839593,-0.11779490133695,0.079,0.085,1
NSMAF,0.0482829345730142,0.116592258958745,0.11,0.103,1
NUDT16,0.0483318160480979,-0.126956266597909,0.065,0.07,1
HAVCR2,0.0483507401975024,0.207755533429039,0.046,0.041,1
MRPL13,0.0484210230101011,0.11029851689326,0.096,0.089,1
RABEP2,0.0486465185759932,-0.136811438313137,0.063,0.069,1
INKA2,0.048713826435576,-0.588059663707189,0.008,0.01,1
NEU3,0.0488989374366436,-0.272442614895653,0.017,0.02,1
TNFRSF10B,0.0489386928423967,0.128186561182173,0.078,0.072,1
EXT1,0.048991473355753,-0.2742107573179,0.014,0.017,1
CD38,0.0490648535602603,-0.245465227796787,0.04,0.045,1
CLUAP1,0.0492355092081323,-0.19987695147239,0.024,0.028,1
TRUB2,0.0492457359252831,-0.169876133563278,0.035,0.039,1
SYT5,0.0492676376569818,0.262750754686951,0.019,0.016,1
CATSPER1,0.049279717730416,-0.206974582831847,0.021,0.024,1
ABCF3,0.0492828427318088,0.113661582010221,0.073,0.067,1
LTBP3,0.0492936938664688,-0.12223889881317,0.07,0.076,1
MPST,0.0494294588525731,-0.143740727613318,0.065,0.071,1
SIRT6,0.0495079898254513,-0.129536077437164,0.063,0.069,1
ADAM28,0.0495228000328447,0.195196963818796,0.061,0.055,1
CCDC84,0.049742006976257,0.100885704896009,0.082,0.076,1
AC009041.2,0.049809239608031,0.270411535245519,0.014,0.011,1
ACO1,0.0498407679293752,-0.274140947804388,0.018,0.021,1
SLC35D2,0.0498529959254858,-0.233032346539744,0.019,0.023,1
DNAJC11,0.0500433564852516,0.136528730798271,0.06,0.054,1
ZGRF1,0.0500460334130929,0.327302052663133,0.012,0.009,1
ARL17A,0.0501344480459799,0.226870514230491,0.023,0.019,1
ALAD,0.0501363274916278,-0.164225141482668,0.049,0.054,1
KBTBD3,0.050303459436042,0.171479622195047,0.041,0.036,1
ZNF605,0.0504241105312695,-0.197213923414203,0.027,0.031,1
PDZD4,0.0504444907488872,0.257779468589267,0.016,0.014,1
ITGA5,0.0505812988868593,0.134824907654716,0.082,0.075,1
SMYD3,0.0506003095746905,0.106657082932121,0.075,0.068,1
INPP5B,0.0506811313604532,0.195831162597629,0.037,0.033,1
PKP4,0.0506880787913624,-0.307175893438542,0.011,0.014,1
DLG1,0.0507471922640302,-0.135459117384067,0.074,0.08,1
AATK,0.0507901796390679,0.435777770567262,0.011,0.008,1
ZBTB9,0.0510358625459897,0.361157208434576,0.011,0.008,1
NUDT7,0.0511214112524455,0.29981468838648,0.017,0.014,1
TFB1M,0.0511242443383539,-0.151997514228881,0.044,0.048,1
NME6,0.0511276910351898,-0.155162745003157,0.047,0.052,1
OTUD3,0.0513114685186441,0.22029114313897,0.022,0.018,1
CHMP7,0.0513851752523697,0.10282229789159,0.163,0.155,1
TRAPPC11,0.0513957503400048,-0.169981538310219,0.043,0.047,1
AC024075.2,0.051436103437541,-0.300868678582514,0.007,0.01,1
TM9SF4,0.0515027888607928,0.107490494573718,0.107,0.099,1
FAM153CP,0.0515390364768029,-0.13212018403654,0.114,0.121,1
TRAK1,0.0516124314877983,-0.145958130952636,0.041,0.045,1
FEZ1,0.051720892575554,0.221843957267112,0.019,0.016,1
LACC1,0.0519879931777419,-0.338587795404138,0.008,0.011,1
VPS54,0.0519972400073341,-0.21924763303611,0.022,0.026,1
BEST1,0.0520652751015125,0.129632672920827,0.072,0.066,1
ZNF319,0.0520897750062918,-0.203682367780928,0.018,0.022,1
PCGF1,0.0521179899335994,0.192435375152956,0.044,0.039,1
GCN1,0.0522249299057503,-0.137532011993041,0.055,0.061,1
RNF121,0.0523088847075769,-0.183285034504914,0.026,0.03,1
LARS,0.0523686775747474,-0.113283731563055,0.132,0.139,1
FKBP4,0.0524132339298451,-0.108604932127856,0.077,0.083,1
PAOX,0.0524550084492724,-0.222746223412813,0.019,0.022,1
QSOX1,0.0524552558596087,0.131030790315115,0.084,0.078,1
RPP38,0.0525075670396471,0.114755013443138,0.061,0.055,1
RFC4,0.0525111081989925,-0.211469713731001,0.028,0.031,1
MMP28,0.0525256717999061,0.186490232763163,0.024,0.021,1
ZNF544,0.0528083029852085,-0.146264985495878,0.048,0.053,1
PLCL1,0.0528292793233783,0.190061929148692,0.027,0.023,1
SPOPL,0.0528848181659377,-0.163082298988662,0.044,0.049,1
TSC22D1,0.052897838667223,-0.417521545905625,0.03,0.034,1
H1FX,0.0528997860547178,-0.153575846374721,0.266,0.273,1
SCYL1,0.0529130299095692,-0.105167835282069,0.104,0.111,1
MFSD4B,0.0531059479435049,-0.224372226548113,0.025,0.029,1
ARL2,0.053162178815912,-0.100379539013133,0.095,0.102,1
ACAP3,0.0531699506187084,-0.113487153507603,0.061,0.066,1
CBX6,0.0532095099913204,-0.120067763977039,0.085,0.091,1
LINC00863,0.0533855918191474,-0.208610170730526,0.03,0.034,1
C1orf35,0.0533862399327293,0.101531304926938,0.094,0.087,1
SDHAF4,0.0534286926310487,-0.267324371732661,0.016,0.019,1
LIN37,0.0534332331373298,-0.182473151988271,0.04,0.045,1
ZBTB21,0.0535803155330594,0.119249663422489,0.064,0.058,1
TRIM62,0.0537735919286829,0.165670812938423,0.043,0.039,1
UBR1,0.0538895790766448,0.112752410879611,0.104,0.097,1
PRXL2B,0.0539650724268005,-0.198949629668206,0.026,0.029,1
ARMH1,0.0540549397437643,0.109303915417471,0.127,0.12,1
KDM5C,0.0543300011461064,0.119249663422489,0.083,0.077,1
SLC25A15,0.0543655675732284,-0.315687393294059,0.009,0.011,1
POLK,0.0545502075003495,-0.116747985928103,0.085,0.092,1
AUH,0.0545958809244813,0.109494663390327,0.056,0.051,1
NUP93,0.0546243934070404,-0.141164680113319,0.055,0.06,1
UBE2S,0.054630364813899,-0.152411272917926,0.053,0.059,1
CPB2-AS1,0.0547302801533759,0.361406744894748,0.013,0.01,1
SLC25A12,0.0547928513033556,-0.116616046192231,0.06,0.066,1
AC003102.1,0.0548380007156748,-0.210769435918751,0.024,0.027,1
MFN2,0.0548505879860975,0.123973892953607,0.057,0.052,1
CLUH,0.0548513742651857,-0.193696868915449,0.025,0.028,1
NAALADL1,0.0548591191189078,-0.151364028213142,0.043,0.048,1
B4GALT5,0.0550300456047055,0.198627208867225,0.042,0.038,1
TMEM71,0.0551678305535842,0.102416409032568,0.102,0.095,1
SLC25A22,0.0551808284338212,-0.17325762655581,0.042,0.047,1
CYSLTR1,0.0552622780572366,-0.199603874103953,0.039,0.043,1
NUBPL,0.0553386907675383,0.182890801527487,0.031,0.027,1
CHP1,0.0553451263409079,-0.10186082215573,0.093,0.1,1
TMEM115,0.0554082218624279,0.117002124346821,0.06,0.054,1
AL117379.1,0.055431506619202,-0.311100123798408,0.011,0.013,1
ITPRIPL1,0.0554360402765923,-0.211840338003662,0.021,0.024,1
DNMBP,0.0556763577846328,0.214639850850251,0.028,0.024,1
UPK3A,0.0557242807123238,-0.325228160503666,0.012,0.014,1
CCDC141,0.0557309552442352,0.194128330736884,0.036,0.032,1
SLC9A6,0.0558386026210435,0.147713127546184,0.036,0.032,1
MFAP1,0.0559220288164638,0.147610399536867,0.042,0.038,1
KCNC3,0.0559794373235629,-0.279754852683801,0.01,0.013,1
MRPL12,0.056004350772922,-0.100640781495297,0.084,0.09,1
HSPA1A,0.0560479956032386,-0.155888939095053,0.047,0.052,1
SRR,0.0561441614486381,-0.373046772736338,0.008,0.01,1
IGKV3-20,0.0563298004584444,-0.529823034612498,0.017,0.02,1
USP12,0.0563876373215787,0.107617721968385,0.076,0.07,1
ISG20L2,0.056441570131069,0.107000926792685,0.118,0.111,1
ZC3H11A,0.0565412687674821,0.12587354850455,0.058,0.052,1
PCYOX1L,0.0565789815971132,-0.190298292453584,0.031,0.035,1
RNF103,0.0566925938689978,0.142124129675076,0.045,0.04,1
GTPBP10,0.0567331578311145,0.152324570849833,0.058,0.053,1
SLC1A7,0.0567661299220096,0.193250244866266,0.014,0.012,1
NSDHL,0.05691007339139,-0.258229936356011,0.014,0.017,1
YOD1,0.0569406476522112,-0.209633885709504,0.023,0.026,1
CERS5,0.0569879709998251,0.13916942409817,0.061,0.056,1
IL18R1,0.0569913566566897,0.17427859349135,0.031,0.027,1
OXSM,0.0570347155725125,0.259390518495253,0.018,0.015,1
LINC01137,0.0572862848197615,-0.269517211861134,0.014,0.017,1
WWC3,0.0573198962739491,-0.184967858216975,0.035,0.039,1
AMT,0.0573445594869461,-0.316946839066658,0.013,0.016,1
NCAPD3,0.057364122125107,0.134305740381597,0.043,0.039,1
GAN,0.0574107057856847,0.290033667593894,0.012,0.01,1
KBTBD7,0.0574824714704617,0.332468933914291,0.014,0.011,1
C11orf71,0.0575398618613388,0.206589102757309,0.034,0.03,1
METTL15,0.0575549191273869,0.122049154243919,0.06,0.055,1
USP24,0.0576313428671519,-0.123390912242509,0.083,0.089,1
PLEKHG4,0.0576817858543255,0.320192075757832,0.014,0.011,1
TARS,0.0577211240214096,-0.110462255102481,0.06,0.065,1
MED16,0.0577585598616604,-0.11141088706097,0.076,0.082,1
SUCLA2,0.0577675411949925,-0.107138365651864,0.084,0.091,1
ZNF626,0.0578064835195884,-0.162778368867349,0.029,0.033,1
OARD1,0.0579077955385082,0.12861204757729,0.096,0.09,1
DRAM1,0.0579262470185395,0.183321146319032,0.034,0.03,1
TRAF7,0.0580294607445013,-0.104502717489863,0.106,0.113,1
SIAH1,0.0581910514783073,0.172670865673632,0.037,0.033,1
GABPA,0.0582068466647101,-0.152011087616791,0.051,0.056,1
NFKBID,0.0582414146560915,0.221620570131775,0.112,0.105,1
AL118558.3,0.0582723181881942,-0.356329377791405,0.009,0.012,1
GAA,0.0583281204174761,-0.110867601405561,0.086,0.092,1
TMEM187,0.0583403688251928,0.280001514020156,0.013,0.011,1
CAMTA2,0.0583499943844373,0.107892335674584,0.077,0.071,1
ZNF275,0.0584077127542749,0.273179561883013,0.02,0.017,1
CCDC102B,0.0584938242406471,-0.25903217643649,0.018,0.021,1
ZYG11B,0.0585952990606213,0.14397470621934,0.052,0.047,1
DNAJA4,0.0586062380360211,0.267365517418465,0.017,0.014,1
ZNF138,0.0586768991458238,0.130796789693529,0.059,0.054,1
CPEB3,0.05871053191047,-0.279668170493077,0.012,0.015,1
TAF12,0.0587552301829941,-0.109515324415942,0.088,0.094,1
ZBTB17,0.0588248007414021,0.13597190269348,0.064,0.059,1
AC108134.3,0.0590436217509134,-0.17547021422672,0.024,0.028,1
PGRMC2,0.0590688454289895,0.151057254445084,0.058,0.052,1
CD300C,0.0591307870220979,-0.144981742871526,0.034,0.038,1
IBA57,0.0592917611755444,0.245959940659616,0.02,0.017,1
PYGB,0.0593172289799738,-0.125095802171762,0.074,0.08,1
INF2,0.0593240959809165,-0.106403461763742,0.079,0.085,1
ATPAF2,0.0595213367142797,-0.13568318575538,0.04,0.044,1
ZNF441,0.0595340119678124,0.282831430903002,0.015,0.013,1
FEM1C,0.0597106896979579,0.143311308598538,0.047,0.042,1
TRMT1L,0.0597215817468038,-0.20811176590944,0.024,0.028,1
AC005037.1,0.0598360280330273,0.177352617986058,0.038,0.034,1
CREB3,0.0598663817419179,-0.138149207741872,0.056,0.061,1
DST,0.0598768294276957,-0.238871796243228,0.013,0.016,1
PPID,0.0599949596693753,-0.103655483563333,0.085,0.091,1
SLC27A1,0.0601444530850352,-0.177919736434473,0.024,0.028,1
SLC39A3,0.0602084555085117,-0.108588332039075,0.074,0.08,1
LIME1,0.0603091878014231,-0.10663926816052,0.468,0.468,1
GATD1,0.0603392114428887,-0.177981015910369,0.032,0.036,1
SNX12,0.0603854030073391,0.140756368309512,0.046,0.041,1
HPCAL4,0.0606513380475566,0.342422780160907,0.01,0.008,1
COX10,0.0607186826127437,-0.139078330324872,0.049,0.054,1
EFL1,0.0607967633847042,-0.186404376349094,0.033,0.037,1
CARMIL1,0.0608765124420498,-0.281041250487168,0.01,0.012,1
BRCA2,0.0610314138200895,-0.2582018986333,0.014,0.017,1
RELL2,0.0610381411938598,-0.148397321947815,0.055,0.06,1
PDCD7,0.0610921193619717,-0.136287064803913,0.048,0.053,1
CYB5R1,0.0611006511735929,-0.13517068825939,0.057,0.062,1
MBIP,0.0612427136951209,0.127286982487908,0.065,0.059,1
CD72,0.0612510198611215,0.104593097972841,0.04,0.036,1
COA6,0.0615096744914496,-0.115556302323463,0.066,0.072,1
ALAS1,0.0615110078971402,-0.165394667614112,0.031,0.035,1
CTSO,0.0615716933421948,-0.130364226648983,0.048,0.053,1
ZNF273,0.0615884783730799,0.119540265707869,0.037,0.033,1
C1orf159,0.0616659341706932,0.208733565492046,0.028,0.025,1
RRP15,0.0617674307572536,0.131335921574836,0.066,0.06,1
MAP3K5,0.0617911917107276,-0.12870030808881,0.062,0.067,1
CD19,0.0618383403990593,-0.269643126507503,0.041,0.046,1
GPATCH2,0.0618893215525221,-0.151686766749416,0.036,0.04,1
CELA1,0.06190337187949,-0.282589705117829,0.016,0.019,1
CRTC1,0.0620330395478384,-0.164901250609391,0.044,0.049,1
ZW10,0.0621214171774477,-0.267873150120981,0.013,0.015,1
ZSCAN26,0.0621311245245363,0.240897535476393,0.024,0.021,1
PWWP2B,0.0623582619512006,0.229600400901546,0.021,0.018,1
DERA,0.0624810560523855,-0.176774299289454,0.057,0.062,1
ARMT1,0.0626827683624297,-0.16368429984901,0.028,0.032,1
LRRC27,0.062785883575121,-0.234338853412796,0.014,0.017,1
RWDD4,0.0627871365420684,-0.11892284884226,0.08,0.086,1
AC010618.3,0.0628152948362186,-0.256793704240491,0.013,0.015,1
TSHZ2,0.06286571307885,0.134349015823398,0.068,0.062,1
ZSCAN21,0.0629199376084954,0.353462816644575,0.01,0.008,1
RECQL5,0.0629334994420424,-0.191962254176074,0.024,0.027,1
TOP3B,0.0629793802213082,-0.141361146079822,0.037,0.042,1
MVB12A,0.063016001022127,-0.114475238596717,0.064,0.069,1
FAM66B,0.0630393355796616,0.320131477415247,0.01,0.008,1
PXMP2,0.0631681196798029,-0.263366358163977,0.012,0.015,1
AL359711.2,0.0631875129228964,0.327234710957009,0.011,0.009,1
USB1,0.0632604940909059,-0.106191965972053,0.093,0.1,1
CEP120,0.0634604893487558,0.129168223498446,0.074,0.068,1
TP53I3,0.0635436968264723,-0.283012700148485,0.014,0.017,1
TAF1A,0.0635466143547534,0.247559626271388,0.012,0.01,1
ING1,0.0638121110404736,-0.14666277175387,0.048,0.053,1
WDR86,0.0638705187680923,0.147103237433153,0.028,0.024,1
TBC1D22B,0.0639131424147142,0.152188402975805,0.036,0.032,1
ABRAXAS2,0.0639149118482443,0.166066327980521,0.048,0.043,1
TYW5,0.0639593802456037,0.181786510894007,0.036,0.032,1
CBX1,0.0639848079678196,-0.12092867588631,0.066,0.072,1
TRAPPC2,0.0639887102597853,-0.139994193803909,0.068,0.073,1
TTI2,0.0641451123433447,0.266630386171533,0.018,0.015,1
TRAM2,0.0643089138204783,-0.179048609501189,0.026,0.029,1
TPT1-AS1,0.0643777029932932,-0.143818994023725,0.043,0.048,1
TIMM22,0.0646422875697484,0.15113414356604,0.07,0.064,1
GPAT3,0.0647727781666978,0.338816040680174,0.027,0.023,1
ERI3,0.0649560408454766,-0.10101049464881,0.077,0.083,1
TRUB1,0.0649869376464882,0.241095294064396,0.024,0.021,1
PAXBP1,0.065018672964812,0.134289062886631,0.06,0.055,1
CIAPIN1,0.0652259664817307,0.113238974174924,0.074,0.068,1
FGGY,0.0652350658913468,-0.233225233102086,0.018,0.021,1
OSER1-DT,0.0653311471562216,0.153466654776481,0.044,0.04,1
REV3L,0.0654413356641155,0.119791012412289,0.094,0.087,1
DNAJB2,0.0654714342842923,0.119008631755253,0.059,0.054,1
NEK9,0.0655003010973804,0.102432932069847,0.116,0.109,1
RPP25L,0.0655245660545738,-0.188262322569675,0.039,0.043,1
ZNF737,0.0655605580191836,0.133312101752945,0.051,0.046,1
IPO7,0.0655636083221231,0.111039585574953,0.099,0.093,1
C18orf25,0.0655891608377054,-0.14781658227708,0.064,0.069,1
PRMT7,0.0656136086572481,-0.115340402409125,0.062,0.068,1
C19orf48,0.0656955299298087,0.111127273761138,0.081,0.075,1
TSPAN18,0.0658138469628418,0.136078139235885,0.019,0.016,1
AP001636.3,0.066130660344415,-0.346991513212069,0.008,0.01,1
THAP7-AS1,0.0661503057859701,0.19806490040067,0.028,0.024,1
CTNNBIP1,0.0661677858216761,-0.125807075467246,0.062,0.068,1
CCAR2,0.0662892650100081,0.103189060750768,0.096,0.089,1
PIGV,0.0662939776179294,-0.282328796347628,0.012,0.014,1
AC127521.1,0.0664544476926831,-0.32496520688207,0.01,0.013,1
FUT8,0.0664752488775223,0.105571111568302,0.068,0.063,1
FOXN2,0.066579615405009,-0.101826274749071,0.112,0.118,1
CDK5,0.0665906346313394,-0.177223353502726,0.034,0.038,1
MRPL32,0.0666916996325647,0.110697324408861,0.075,0.07,1
WIPI1,0.066954275203007,0.175930295506189,0.04,0.036,1
AZIN1-AS1,0.0670305862672984,0.251353199429834,0.019,0.016,1
CCDC82,0.0671162934063187,-0.107203026219615,0.092,0.098,1
MAVS,0.0672630433340863,-0.145002878782934,0.063,0.068,1
NAA40,0.0672881903623313,-0.120732154664462,0.041,0.045,1
CCDC167,0.0673179371830857,0.130839308981787,0.083,0.077,1
COQ10A,0.0675710883269327,0.139052530018516,0.05,0.046,1
TMEM177,0.0677441249798925,0.279259195999719,0.018,0.015,1
HEG1,0.0678010518145576,0.19713727000051,0.032,0.028,1
FUCA2,0.0678116190998573,-0.132896216093793,0.053,0.058,1
HK2,0.067886676623228,-0.208568548324081,0.018,0.021,1
MXD3,0.0679160896557371,-0.152770639697263,0.031,0.035,1
AAGAB,0.0679434561534328,-0.11899810739696,0.069,0.074,1
ABHD10,0.0679868457296058,0.138703608642708,0.061,0.056,1
MAP11,0.0679869032130916,-0.138149207741872,0.045,0.05,1
AL355001.2,0.0680169627443159,0.198044803096328,0.027,0.024,1
ZMAT3,0.0680589767125803,-0.113958926069036,0.066,0.071,1
TRIM52-AS1,0.0681116396277991,0.113774689581445,0.123,0.116,1
INPP5E,0.0681686999394052,0.148429505211397,0.033,0.029,1
TELO2,0.0681746755617045,-0.13506116366597,0.06,0.065,1
CCDC92,0.0681811644303132,-0.144256386533189,0.034,0.038,1
DPY30,0.0682410548586022,-0.109362049439146,0.098,0.105,1
ELP6,0.0685430530404409,0.115947443073741,0.064,0.059,1
CASTOR2,0.0690185927415408,0.250345378892246,0.018,0.015,1
ZIK1,0.0691182980724237,0.266950054480853,0.014,0.011,1
ZFP14,0.0692758632737347,-0.160348587285753,0.047,0.052,1
CCDC180,0.0693951107385778,-0.288131670773498,0.008,0.01,1
IGHV3-23,0.0694297908065863,-0.26335486144087,0.014,0.011,1
TRAPPC6B,0.0694303490904438,0.104006468416006,0.052,0.047,1
ZNF317,0.0694860310449765,0.107757601583984,0.059,0.054,1
LPCAT1,0.0696448005146667,0.111871225958417,0.114,0.108,1
HEATR3,0.0698141888422552,-0.14392104502758,0.043,0.047,1
CCHCR1,0.069915645919585,0.185866193373593,0.026,0.022,1
MAGEF1,0.0699289969379269,0.141994443393278,0.056,0.052,1
CD200,0.0701619860816424,0.286736077493319,0.013,0.011,1
HSPBP1,0.0704482791771465,-0.137494775868147,0.053,0.058,1
CSAD,0.0704848745407491,-0.126525501524245,0.039,0.044,1
C10orf91,0.0706744092005024,0.268233826226434,0.015,0.013,1
IGLC2,0.0711544219466837,-0.319366175672158,0.023,0.026,1
TRAPPC2B,0.0712280676676914,0.130031057687056,0.054,0.049,1
QSER1,0.0712296758372849,-0.1590439129571,0.028,0.032,1
FBXL17,0.071260909250226,0.16851213049218,0.046,0.042,1
SLF1,0.0713843176359594,-0.137716615522472,0.051,0.056,1
AC007541.1,0.0714873948176742,-0.287258984967542,0.009,0.011,1
AL157392.3,0.0715344248664594,-0.273867217599432,0.012,0.014,1
NXT2,0.0716115138494913,0.184475336611532,0.031,0.027,1
RPUSD3,0.0717077420800606,-0.113151565830016,0.082,0.088,1
RFK,0.0718658833578763,-0.117034206550188,0.048,0.053,1
SMIM30,0.0718832511666231,-0.186873927220899,0.033,0.036,1
MIR222HG,0.0718931534099286,-0.273561917621383,0.015,0.018,1
BCL2,0.071931946137242,0.106596088257684,0.124,0.117,1
RANBP3,0.0719842998866346,0.105837208567131,0.093,0.087,1
GNPTAB,0.0719996723840944,0.103918428923635,0.143,0.136,1
THAP6,0.0720779915379232,0.138878470171422,0.049,0.044,1
DYRK2,0.0721367831741497,-0.112531190820529,0.057,0.062,1
AL139384.1,0.072195843965055,0.337949817273251,0.01,0.008,1
KIF20B,0.0722312353092814,-0.152506750537524,0.048,0.053,1
NMRK1,0.0724233187835432,-0.112959327376029,0.111,0.118,1
AL451085.2,0.0724450390425081,0.30762141907658,0.01,0.008,1
ENPP4,0.0725113141040973,0.175721591891308,0.033,0.029,1
CCNY,0.0725305963770131,-0.121592966359976,0.083,0.089,1
MLC1,0.0725810711163753,-0.206019137007364,0.018,0.021,1
CLECL1,0.0726381222478869,-0.232754692672873,0.024,0.027,1
UBAC1,0.0726827676935395,-0.127065708612855,0.058,0.063,1
CPOX,0.0727134540031683,-0.274715612237753,0.011,0.014,1
AC007613.1,0.0727464478594998,-0.304359387492547,0.01,0.012,1
C16orf72,0.072871150968633,0.139134972090648,0.042,0.038,1
SLC31A2,0.0729314917043747,0.131771583677161,0.045,0.041,1
ZNF720,0.0734847931155604,-0.146581872158295,0.044,0.048,1
RUFY1,0.0735582949421496,-0.211151038684779,0.053,0.058,1
LRRC57,0.0736125131799962,0.101333581753605,0.057,0.052,1
ACTR8,0.0737705234177775,-0.165656542180614,0.041,0.045,1
TARBP1,0.0741359020619885,-0.160461839181806,0.041,0.045,1
PUS1,0.0742031044987477,-0.143220197289294,0.04,0.044,1
BX293535.1,0.074333917440125,0.356829493145304,0.011,0.009,1
WDFY2,0.0743728781713462,-0.113463754215716,0.117,0.124,1
AC087623.2,0.0744859482406477,0.160274330265723,0.038,0.034,1
MCOLN1,0.0745871870081078,-0.154431986610813,0.059,0.064,1
SLC35E3,0.0746169028997865,-0.153205375037309,0.043,0.047,1
BARD1,0.0747629829326952,-0.188651215365585,0.022,0.025,1
TAF6,0.07491748384629,-0.100351334402137,0.097,0.103,1
TTYH3,0.0750236455589244,-0.166908200723296,0.047,0.051,1
LDLR,0.0751860415419714,-0.161959619379548,0.03,0.033,1
RECQL,0.0752243323574937,-0.10058600699787,0.123,0.13,1
SLC7A6OS,0.0752608933642194,-0.134684428126457,0.059,0.064,1
PAPSS1,0.0754486927745497,-0.117538273728964,0.063,0.068,1
AL512625.3,0.0754638504675343,-0.211176904327853,0.014,0.016,1
ZNF286A,0.0754660084265812,0.18249134128503,0.033,0.029,1
PEX1,0.075485340564367,0.167389277587406,0.057,0.052,1
RELA-DT,0.0756943518500138,-0.183447554670439,0.032,0.036,1
PI4K2A,0.0757196263125764,-0.190200744628085,0.033,0.037,1
SLC36A4,0.0757419839895142,0.113824593837378,0.064,0.058,1
AC016747.1,0.0758755134169106,-0.207465991876923,0.013,0.015,1
ABCA2,0.0759418170342146,-0.152356294047497,0.048,0.052,1
TRAF3IP1,0.0760066440993451,-0.332965384725894,0.009,0.011,1
SLC16A1,0.0761428034103772,0.190544286941662,0.03,0.026,1
SCAF1,0.0761707846220358,-0.112848334432575,0.054,0.059,1
ATP6V1C1,0.0761802602299715,-0.135504486486308,0.041,0.045,1
CASP8AP2,0.0762147333120622,-0.104849198585694,0.072,0.078,1
ZNF585A,0.0762713899098358,-0.103903071523593,0.059,0.064,1
CCDC58,0.0764989030426479,0.164713290367911,0.034,0.03,1
LINC00526,0.0766274791766034,0.259527130875535,0.013,0.011,1
GCA,0.0766380069529335,-0.152158046467982,0.077,0.083,1
DCAF13,0.0766985990520092,0.112047419061974,0.071,0.066,1
ZBED6,0.0767653239406278,0.195305889259898,0.026,0.023,1
DHRS4-AS1,0.0769756443850325,-0.177150367449451,0.022,0.025,1
FOXK1,0.0770507693114856,-0.151003718452504,0.047,0.051,1
URB1-AS1,0.0770515599703268,-0.229957519268176,0.017,0.02,1
ERCC6,0.0772123892015174,0.148259706465731,0.052,0.048,1
MAST4,0.077298327611135,-0.12344245265582,0.043,0.048,1
TOP1MT,0.0773340981560792,-0.161736028059488,0.042,0.046,1
BAG3,0.0773676630878985,0.143357288223877,0.051,0.046,1
NR2C1,0.0773902267189393,0.105294915089394,0.088,0.082,1
LINC01431,0.0774646501226088,-0.253480970199655,0.012,0.015,1
LTA4H,0.0774709656195758,0.110884629623391,0.235,0.228,1
GLYR1,0.0777004321796528,-0.116817694811035,0.104,0.11,1
ZSCAN32,0.0780261790555089,0.211728084745833,0.023,0.019,1
PNPT1,0.0780343624980402,-0.120580797878751,0.068,0.074,1
SMIM1,0.0780571856408739,-0.258680813784757,0.01,0.012,1
TTC37,0.0781315999153292,-0.110759568589685,0.09,0.096,1
JUP,0.0782580760278025,-0.168155003894236,0.028,0.032,1
AL358334.2,0.0782778850173051,0.177549317835144,0.019,0.016,1
ZNF821,0.0783057402832001,-0.154732699004481,0.053,0.058,1
CCDC14,0.0783160137663226,-0.110509294948346,0.061,0.066,1
CCZ1,0.0785048664422305,-0.146364823648983,0.046,0.051,1
IDNK,0.0789404741267689,-0.168959241889684,0.031,0.034,1
P2RY11,0.078962736751863,-0.300737051828088,0.011,0.013,1
MEX3C,0.0790595874448549,-0.13183543380967,0.05,0.055,1
ATG2A,0.0791425308004369,-0.109046148993753,0.169,0.176,1
TP53,0.0793350948695373,-0.137016349386929,0.041,0.045,1
SH3BP5-AS1,0.0795129052474427,0.198885779535699,0.023,0.02,1
LSS,0.0795129706367948,0.139134972090648,0.035,0.031,1
CBWD3,0.0797617926610748,0.344927314742032,0.01,0.008,1
AP5Z1,0.0799198829368441,-0.118495526082754,0.088,0.094,1
DGKG,0.0802138235697176,-0.4570432425396,0.008,0.01,1
POLR3B,0.0804929980607706,0.22974674324046,0.018,0.015,1
ZNF592,0.0808113906068034,-0.123785339179333,0.079,0.085,1
CFAP36,0.0808239977251235,0.108519992006288,0.09,0.084,1
FAM111A-DT,0.0810061267931785,0.259689058597898,0.015,0.013,1
FAM174A,0.0811007140221071,0.192895341693315,0.034,0.031,1
SUPT7L,0.0811735291905636,0.10099357877412,0.114,0.107,1
NUP155,0.081194185340564,0.121113564452608,0.05,0.045,1
PLA2G12A,0.0813755796112209,-0.196329062976596,0.052,0.056,1
GMIP,0.0814215762082619,0.107567858374854,0.156,0.149,1
MIER2,0.0817048660748132,-0.152531438910283,0.033,0.037,1
CHPF2,0.0819155416789693,-0.119848390998928,0.072,0.077,1
LIAS,0.0819738521741424,-0.152139961622464,0.039,0.043,1
PGP,0.0819790018878305,-0.135695804634878,0.06,0.065,1
GPR141,0.0820481641667926,-0.168920948215156,0.029,0.032,1
AC004797.1,0.0825886869425859,0.335238369805455,0.01,0.008,1
NAT9,0.0826235596799606,0.106101489521004,0.087,0.082,1
MOCS2,0.0828250781500601,-0.126847531668638,0.059,0.064,1
PI16,0.0828541597215142,0.310801664510577,0.015,0.013,1
SLC35B4,0.0828627598347916,0.206660924089055,0.028,0.025,1
GSTZ1,0.0830495208934053,-0.197292692491828,0.022,0.025,1
TEPP,0.0831514117751382,0.282301787723337,0.01,0.008,1
AL590705.1,0.0831926827660268,0.278766556404395,0.01,0.008,1
PSMG3-AS1,0.0832328659308679,-0.218024134075915,0.019,0.022,1
NOL9,0.0834658129922248,0.109022846164872,0.07,0.065,1
SAMD1,0.0835192213779859,-0.215745955420153,0.028,0.032,1
CDAN1,0.0835204050343717,-0.282328796347628,0.012,0.014,1
NSUN4,0.0835884733860801,0.151791397435984,0.045,0.041,1
NANS,0.0836715197824013,0.112711178305033,0.082,0.076,1
SCAMP1,0.0837557031642937,0.104088024991448,0.071,0.065,1
DHRS7B,0.0838689625934994,0.198885779535699,0.023,0.02,1
SWI5,0.0847171591436672,-0.152629111340014,0.043,0.047,1
ADGRG5,0.0847363047182646,-0.165110592640305,0.035,0.039,1
AGPAT4,0.0848520960926881,0.115847501516081,0.057,0.052,1
SAMM50,0.0848578349925103,0.10320624510221,0.111,0.104,1
DDX51,0.0848717023243289,-0.165878513261921,0.024,0.028,1
UBL7-AS1,0.0849832002475704,-0.160675549976671,0.035,0.039,1
MECR,0.0851318910790093,0.13941068267986,0.027,0.024,1
CD244,0.0851646416553039,-0.168133944607169,0.063,0.068,1
PDCD2L,0.0853271817603661,0.277750889494442,0.013,0.011,1
PUSL1,0.0853501167065035,-0.156895134186371,0.032,0.036,1
PGM2,0.085380685552759,-0.112957931666839,0.038,0.042,1
ADTRP,0.0854802989567005,-0.199649797136882,0.026,0.029,1
UBE2E2,0.0855690760799976,-0.13692502859257,0.064,0.069,1
DENND6B,0.0857506426966504,-0.18257861160148,0.039,0.043,1
LINC00672,0.0859387923668118,0.265022502900939,0.015,0.013,1
MPIG6B,0.0859405012727278,-0.430894381653996,0.011,0.013,1
TTC13,0.086113712167673,-0.100025662626692,0.06,0.065,1
B3GALNT2,0.0863251593228082,-0.232331646798579,0.019,0.022,1
VNN3,0.0864323074816101,0.186061739178115,0.01,0.008,1
LANCL1,0.0866493395464448,-0.159951580972679,0.057,0.061,1
AC008105.3,0.08673281938075,-0.131551678908201,0.05,0.054,1
AC008267.5,0.0868135749207539,-0.20281063113883,0.021,0.025,1
NCOA4,0.086821684812182,-0.197098513377708,0.212,0.218,1
UFSP2,0.0868368699883537,-0.120377073431834,0.063,0.068,1
PRICKLE3,0.0868469866967537,-0.219867135242134,0.016,0.018,1
RBM45,0.0870198751956897,-0.225514537752633,0.021,0.024,1
LARP1B,0.0870373460675554,0.139507232456767,0.039,0.035,1
ATAD3A,0.0871923312847843,-0.193290761934333,0.024,0.027,1
BCL9,0.0872104838233933,0.23741400847196,0.012,0.009,1
TMEM229B,0.0873445268355142,-0.248573197435523,0.012,0.015,1
GSTM2,0.0873646534295535,0.128093763167576,0.072,0.067,1
HLA-DOA,0.0874039507689041,-0.1441843596414,0.044,0.049,1
CAMK2N1,0.088037997286263,0.220745213499439,0.013,0.01,1
SLC1A4,0.0880777160380284,0.162703443229052,0.029,0.025,1
ELF4,0.0881522556951393,-0.12234350446811,0.065,0.07,1
CBFB,0.0881901706396933,0.116282171719622,0.079,0.074,1
U2AF1,0.0883887183376451,-0.12563569199983,0.044,0.048,1
FANCA,0.0883897082600617,-0.185208012534877,0.021,0.024,1
CNIH4,0.0883945454194297,-0.104224532115871,0.1,0.107,1
NFE2L1,0.0884800588346731,0.119563326874293,0.051,0.046,1
EXOG,0.0887060720582222,-0.10085253150034,0.079,0.085,1
FRAT2,0.0887995049235374,-0.145762391851747,0.033,0.037,1
AL050309.1,0.0888244810160177,-0.147196177060441,0.019,0.022,1
VWA5A,0.0889503029428175,-0.294154231744418,0.009,0.011,1
CASZ1,0.0890313460208012,0.172548253990615,0.026,0.022,1
AC025171.1,0.0891646152518374,0.196518764991783,0.029,0.026,1
ZFYVE1,0.0892387711554871,-0.193228575463025,0.024,0.028,1
SLC49A4,0.0894628311440166,0.179256972786766,0.025,0.022,1
AC090825.1,0.0897109624087833,0.198136522161866,0.03,0.027,1
ZNF528,0.0898841168267555,0.310246888483403,0.011,0.009,1
ALDOC,0.0898945451786589,-0.168300927919379,0.023,0.026,1
AC009061.2,0.089902070647599,-0.217293092461609,0.02,0.023,1
LINC00937,0.0899541084686872,-0.132038673232544,0.046,0.05,1
USF1,0.0899571153128969,-0.101287762711142,0.07,0.075,1
CAPN15,0.0901948264773519,-0.111637552079414,0.056,0.06,1
ZNF549,0.0903174969979149,0.243279898894152,0.016,0.014,1
UBA6-AS1,0.0903729533364359,-0.202660267107012,0.02,0.022,1
FICD,0.0903827322838664,0.306945525393151,0.011,0.009,1
ACY1,0.0905314744944949,-0.176175244032207,0.026,0.029,1
LIG1,0.0906260117536572,-0.127771657245647,0.063,0.068,1
SLC26A11,0.0907277642443162,-0.169916253560524,0.03,0.034,1
NCDN,0.090732143472821,-0.153755182605278,0.027,0.03,1
ABL2,0.0910002742114995,0.138009311298299,0.033,0.029,1
AC005842.1,0.0911782677965506,-0.137243390520623,0.031,0.034,1
C1orf56,0.0915439544836965,-0.320924041660207,0.009,0.011,1
ULK1,0.091635067887552,-0.134419705343815,0.06,0.065,1
GPR171,0.0917024066052158,-0.177005678346844,0.029,0.033,1
RASGEF1B,0.0918713468871397,0.231765394060436,0.061,0.056,1
DSTYK,0.0923355024139995,0.151904411665383,0.053,0.049,1
GPR180,0.0926717702736918,0.177756451450104,0.022,0.019,1
POGLUT3,0.0927004398757986,0.187203974488063,0.021,0.018,1
TCF3,0.0927882625725748,-0.13904279404538,0.044,0.049,1
PDSS2,0.0927937281971317,-0.13356193824622,0.048,0.052,1
SLC40A1,0.0928347677848929,0.246853812719301,0.042,0.038,1
NLE1,0.0928839988520361,0.146098365176264,0.031,0.028,1
ADAM9,0.0930780232134188,0.188798372749737,0.028,0.025,1
TRIM66,0.0932879626677753,0.159455634707161,0.022,0.019,1
ZNF71,0.0933481717189962,0.234974649803577,0.022,0.019,1
MDC1,0.0935093821773341,0.100260610931945,0.052,0.048,1
E2F5,0.0935168364913709,-0.266777792813113,0.01,0.012,1
VIPR2,0.0936073331468898,0.26015721126328,0.017,0.015,1
FAM219A,0.0936196294258427,0.184345897583934,0.023,0.02,1
SFXN2,0.0937302018547197,0.280415665032297,0.013,0.011,1
ANAPC2,0.0938535732545397,0.102052626364608,0.087,0.082,1
BX255925.3,0.0940421549468777,-0.238562967163404,0.011,0.014,1
ZCCHC3,0.0943470385400532,-0.230798495707546,0.014,0.016,1
ZSWIM8,0.0947226799509196,-0.139949651056649,0.048,0.052,1
MYC,0.0948856812182539,0.155154511115112,0.11,0.104,1
ZDHHC18,0.0949744064682224,-0.161526191681601,0.037,0.041,1
WDR75,0.0949932173187101,0.111567617230985,0.069,0.064,1
FAM189B,0.0951192685028432,0.157453060548353,0.034,0.03,1
TMEM65,0.0951421332877257,-0.16368429984901,0.032,0.036,1
QTRT2,0.0951838076709312,0.129030380038693,0.04,0.036,1
PRPF39,0.0953164618800625,0.116697349548681,0.069,0.064,1
MRPL15,0.0953218009252581,-0.148497896034334,0.043,0.047,1
AMFR,0.0953416696007943,-0.119603231384893,0.063,0.068,1
ABHD8,0.0956652897865981,-0.180335540399173,0.023,0.026,1
TMEM101,0.0957393056878288,-0.100378595227332,0.067,0.073,1
AL135999.1,0.0959895545151447,-0.224347081755633,0.018,0.021,1
RIOX2,0.0959998677089888,-0.15998602804456,0.036,0.04,1
SUCLG2-AS1,0.0960511659023522,0.264974969993471,0.011,0.009,1
ATP13A2,0.0960991016205341,-0.152305237718519,0.033,0.037,1
UVSSA,0.0966388765554382,0.133936167790484,0.037,0.033,1
TMEM38B,0.0971199814680975,0.130062462820095,0.055,0.051,1
ACACA,0.0973464934155114,-0.189621089032636,0.033,0.036,1
TTN,0.0975460749038326,0.163677681088981,0.093,0.087,1
KCNQ1OT1,0.0976208849397031,0.212182602149157,0.018,0.015,1
NPIPB15,0.0977774838889977,0.240252206196584,0.01,0.008,1
ZNF20,0.0980270569350871,0.284541864080407,0.01,0.008,1
NOTCH2NLA,0.0980640224618742,-0.172195799704527,0.019,0.022,1
EXD3,0.0982450237512033,-0.136384442945807,0.046,0.05,1
MAML3,0.0984323745033099,0.169739433876182,0.032,0.028,1
MYO1D,0.0984676920211356,0.218461317872459,0.012,0.01,1
CDC34,0.098474827506023,-0.141580113142145,0.031,0.035,1
ZMYM6,0.0985940637449577,-0.101936613740288,0.069,0.074,1
CACNA2D2,0.0987466433165008,0.253053488419673,0.015,0.013,1
AGBL2,0.0988539558383388,-0.296082835354547,0.009,0.011,1
FBXW8,0.0989152403460307,-0.214149366831998,0.018,0.02,1
SLC17A9,0.09894071061496,0.157182599668043,0.025,0.022,1
NFIX,0.099049002275146,-0.280497964831759,0.009,0.011,1
SNX22,0.0990803678828376,-0.191952024871815,0.022,0.025,1
SLC10A3,0.0991837206329273,0.106739777544552,0.087,0.081,1
DHX37,0.0993316043486366,0.137971400012092,0.047,0.043,1
IFT27,0.0993838313985078,-0.152957893255951,0.04,0.044,1
IDUA,0.0994370302111504,-0.111312123067032,0.041,0.045,1
MDM1,0.0994509519645362,-0.136628001418751,0.033,0.037,1
ZNF473,0.0995831701760784,0.163480443404501,0.025,0.022,1
SPOUT1,0.0996431402546896,-0.125549170962238,0.052,0.056,1
FAM156A,0.0996575372804697,-0.263219973399924,0.013,0.015,1
ZNF787,0.0997607725054842,-0.158094618153372,0.024,0.027,1
ABCA7,0.0999561902544828,-0.113811511366855,0.084,0.09,1
DTYMK,0.0999687733265113,-0.110266093062758,0.048,0.052,1
SNHG22,0.100079242430022,0.176000265842511,0.027,0.024,1
HCG11,0.10014441356517,0.222843034726237,0.021,0.018,1
NBPF10,0.100147766039665,-0.121906619479527,0.101,0.107,1
ALG9,0.100174733831137,0.159139600742942,0.03,0.027,1
IL15,0.100281307963174,-0.138717384332434,0.03,0.033,1
SLC27A5,0.10036366865336,0.169648558310602,0.035,0.031,1
SLC30A6,0.100384706808462,-0.172729439452016,0.027,0.03,1
MCM2,0.100566051462337,-0.297207972686399,0.012,0.014,1
ST3GAL4,0.100669053049821,0.148568734000572,0.035,0.031,1
SETDB2,0.100737611702424,-0.114774699368064,0.052,0.057,1
POLR3A,0.100830707059436,-0.15586479538971,0.03,0.034,1
KIR3DL2,0.100854616935568,0.268597149218714,0.033,0.03,1
HNRNPA1P48,0.100901672684726,-0.207240665835749,0.02,0.023,1
ZNF500,0.100905668679339,-0.210334393147831,0.016,0.018,1
TNFRSF10A,0.100967610736218,-0.10210366967388,0.056,0.061,1
CCDC65,0.101249933394467,-0.229714170184207,0.02,0.023,1
AC113410.4,0.101260126993076,-0.271054397365661,0.008,0.01,1
BICD1,0.101449412720718,0.133879246639153,0.038,0.034,1
DCUN1D2,0.101834176817868,0.220979550386316,0.013,0.011,1
APPL2,0.101962306167587,0.134771190600468,0.032,0.028,1
TRMT11,0.101994934934845,0.139707843600926,0.039,0.035,1
TFDP1,0.102006697156796,0.112452023058387,0.067,0.062,1
PKD2,0.102043333837688,-0.265355717743915,0.012,0.014,1
GRAMD1B,0.102294129719365,0.172481032695126,0.033,0.03,1
SLC66A2,0.10241923562751,-0.14491449582917,0.047,0.051,1
GPD2,0.102896418235842,-0.238538294533223,0.019,0.022,1
VPS52,0.102972500043723,-0.112204152866644,0.058,0.062,1
AL353708.3,0.103169160971487,-0.266777792813113,0.012,0.014,1
PPP1R13B,0.10334444969929,0.273432732900753,0.015,0.013,1
MFAP3,0.103547368237876,0.174512184183102,0.019,0.016,1
RRM2B,0.1037125448911,0.147161585900973,0.052,0.047,1
MLF1,0.103878978210999,-0.27859807455884,0.011,0.013,1
NOM1,0.103925391335845,0.107334471036297,0.042,0.038,1
C11orf49,0.104029465452317,-0.115749822785308,0.045,0.049,1
LRRC37A2,0.104056461753249,0.198235770495242,0.018,0.015,1
TWNK,0.104067191690345,0.274436812542876,0.012,0.01,1
SORD,0.10415619340323,-0.240976998777716,0.018,0.021,1
PRKCI,0.104254047942405,0.128751022425344,0.038,0.035,1
EID3,0.10442000519672,0.139242833108296,0.039,0.036,1
SNAPC5,0.104647621458346,0.105596857313974,0.079,0.074,1
GSPT2,0.104680101828403,0.140341225987088,0.034,0.031,1
SNTB2,0.104991994962629,0.168421580042385,0.031,0.028,1
SLC39A13,0.10503113487063,-0.104000309465961,0.051,0.055,1
APOBEC3B,0.105602470618781,-0.364596993775006,0.008,0.01,1
VIM-AS1,0.10561133973396,-0.128891239880776,0.067,0.072,1
BTN2A1,0.105616391094701,0.112376786281024,0.078,0.072,1
ARSG,0.105732868710223,0.122424602858321,0.056,0.052,1
MBTD1,0.105797358350294,-0.170256953772496,0.033,0.036,1
AC092164.1,0.105948049492713,0.237678262532757,0.016,0.013,1
NPIPA1,0.105967820726992,0.115121430392705,0.044,0.04,1
TTC33,0.10598882930219,0.140600834251103,0.033,0.03,1
FBXL22,0.106127215611882,0.174185338907374,0.02,0.018,1
IL11RA,0.106343041483355,-0.194263974603824,0.022,0.025,1
IL23A,0.106472195208059,0.205340801672998,0.021,0.019,1
SLC19A1,0.106505865830669,-0.165678349981097,0.027,0.03,1
CCDC90B,0.106529213083518,-0.107335910435308,0.089,0.094,1
ITSN1,0.106592383922426,-0.273014056698821,0.011,0.013,1
SIGLEC7,0.106663024068007,-0.158778837656373,0.026,0.029,1
TBC1D12,0.10667733315899,0.218970025579031,0.02,0.018,1
CCDC146,0.10675922639425,0.170685773720471,0.023,0.02,1
AC008124.1,0.106819817524346,-0.143355894144651,0.045,0.049,1
POLA2,0.106873411466807,-0.222121126585711,0.021,0.024,1
SLC23A2,0.10692260775113,-0.106488898267466,0.062,0.067,1
ZNF813,0.106957616099054,0.289366525366566,0.01,0.008,1
CCDC120,0.107250343547917,0.291440763229565,0.012,0.01,1
CD101,0.107266628765164,-0.231799324773622,0.015,0.017,1
AL136038.5,0.107314666620233,-0.150827607142903,0.029,0.032,1
NREP,0.107380838481627,-0.220267828215377,0.011,0.013,1
GLCE,0.107403398388098,-0.191698676018606,0.018,0.021,1
RPL26L1,0.107414004000948,-0.110968059938785,0.068,0.073,1
ATRN,0.107420702359125,-0.171611215620638,0.027,0.03,1
NFKBIE,0.107683555521295,-0.134185230396077,0.044,0.048,1
HIST1H1A,0.107751501541172,0.262288677110989,0.011,0.009,1
SLC35C1,0.107850277082604,-0.172481248086168,0.024,0.027,1
TULP3,0.107910396244594,0.127133262498322,0.021,0.018,1
C2CD2,0.107939863401372,-0.213437335046109,0.017,0.02,1
CDPF1,0.108000233312736,-0.19028965643118,0.022,0.025,1
DNMT3A,0.108067075447744,0.101897605715625,0.068,0.063,1
AHI1,0.108090893671692,0.13513843477556,0.038,0.035,1
RUBCN,0.108226363863237,0.108993413868237,0.076,0.071,1
ADPRHL2,0.108280639651779,0.103130330976072,0.059,0.055,1
AC009961.1,0.108372125168432,-0.217904690846896,0.013,0.015,1
LINC02328,0.1084330833729,0.132906861717447,0.045,0.041,1
GPR35,0.108523178443913,0.186404887540453,0.037,0.034,1
SIK1B,0.108705866902026,-0.121309348127208,0.039,0.042,1
PIAS4,0.108774986261495,-0.143905992572396,0.037,0.04,1
ZNF219,0.108936944887089,0.244400438788068,0.014,0.012,1
C2CD3,0.108953945436112,0.152670847342151,0.038,0.034,1
PTCH1,0.109113824347139,0.168046970068712,0.024,0.021,1
PTPN13,0.109207503667467,-0.370322649870905,0.009,0.011,1
POLR1E,0.109245309941665,0.118829113925009,0.074,0.069,1
TRIM35,0.109305866526736,0.180738432825439,0.026,0.023,1
DHX32,0.109528798287969,0.19434964732939,0.028,0.025,1
DHX34,0.109886129325257,0.157439841247201,0.033,0.03,1
STS,0.109903264793357,0.222949484426168,0.011,0.009,1
ZNF174,0.109942964535314,-0.246878235375408,0.017,0.019,1
SIGLEC10,0.110312628958031,0.16098917177717,0.046,0.042,1
TBC1D7,0.110371191341274,0.119028831485599,0.048,0.044,1
DAPK3,0.11041755846147,-0.113332725194157,0.055,0.06,1
TECPR1,0.110526364974613,-0.10092493266414,0.121,0.127,1
ARHGAP19,0.110757924387118,-0.153588422113502,0.04,0.044,1
SLC9B1,0.110801819123503,0.261237788361679,0.01,0.008,1
ST8SIA6,0.110906448669278,0.25392714309366,0.01,0.008,1
CLMN,0.111253966604492,-0.11769809457483,0.035,0.039,1
OSBPL1A,0.111432649049896,-0.239235332856186,0.014,0.016,1
DHFR,0.111653091805579,-0.262859704939844,0.019,0.022,1
INTS14,0.112001795842118,0.131022326303328,0.039,0.036,1
ZNF543,0.112093525243538,0.250607813187012,0.012,0.01,1
PEX5,0.112399564381448,-0.157258030689577,0.029,0.033,1
NIFK-AS1,0.112543784330287,0.150353009418887,0.03,0.027,1
GCNT4,0.112555345584982,0.188301028894532,0.016,0.014,1
AGAP1,0.11293145953257,0.236360484954361,0.013,0.011,1
FARS2,0.113551796192895,-0.113111605561432,0.071,0.076,1
RPGR,0.113726035252281,0.129479772169172,0.035,0.031,1
SP4,0.113856752055107,0.104670437918048,0.07,0.066,1
EID2,0.114040752511931,-0.17872818007346,0.018,0.02,1
TJP3,0.11420560754865,0.253724103892581,0.011,0.009,1
TATDN2,0.114382273542435,-0.127997443935295,0.042,0.046,1
LINC00243,0.11456769667258,-0.121456064459712,0.023,0.026,1
ANAPC10,0.114747064672479,0.123656012500917,0.047,0.043,1
PAM16,0.114823839016696,-0.100088874127268,0.063,0.068,1
CYREN,0.114857315729255,-0.102819774154766,0.052,0.056,1
STRADB,0.115305358511091,0.129388932366168,0.045,0.042,1
PANK2,0.115754541396525,-0.104103147280369,0.083,0.088,1
CLN8,0.11585966040802,0.12630727316112,0.06,0.055,1
CHML,0.116042968772372,-0.243118767343415,0.015,0.017,1
CAMSAP1,0.116542094182061,-0.248206208403767,0.019,0.021,1
CCDC34,0.11655277049102,-0.225447467373146,0.012,0.014,1
RNF169,0.116553581681595,-0.139837557894642,0.04,0.044,1
FAM89B,0.11679701180441,-0.10840186434782,0.051,0.055,1
AL050341.2,0.117017859089539,0.247448744973918,0.018,0.016,1
ARFGAP1,0.117086644052434,0.105663879916987,0.051,0.047,1
AC006333.2,0.117090603910387,0.27190057683392,0.012,0.01,1
MAP3K2-DT,0.117091506437806,0.265327922910434,0.012,0.01,1
ATP2A2,0.117105892127468,-0.109942076442671,0.069,0.073,1
LMAN2L,0.117127041801107,-0.217974455349963,0.013,0.015,1
FAM215B,0.117220576302874,0.199681749233621,0.015,0.012,1
TPM2,0.117313058106436,-0.25039593304234,0.011,0.013,1
FUBP3,0.117325719781772,0.127179783040082,0.046,0.042,1
C3orf18,0.117349162541446,-0.190451209411795,0.015,0.017,1
TNS3,0.117357402204905,-0.213072326811173,0.022,0.025,1
PGAM5,0.117424177385933,-0.242438411263421,0.011,0.014,1
ANKRD55,0.117758860993233,0.172149397063571,0.034,0.031,1
RRAGC,0.117790434461949,-0.120170677949006,0.045,0.049,1
HIST2H2BF,0.117898356512852,0.218785336973403,0.015,0.013,1
WIZ,0.11790989737448,-0.21051343199652,0.016,0.019,1
PPARD,0.118073558427354,0.113254467083954,0.062,0.058,1
TMEM135,0.118245513160905,0.125036749648434,0.045,0.042,1
TMEM129,0.118258200791677,-0.130093938121948,0.05,0.054,1
TMEM42,0.118277991093934,-0.121207383484847,0.058,0.062,1
NNT-AS1,0.118609354878435,-0.203594137646609,0.028,0.032,1
ARHGEF19,0.11870039190523,-0.194186388246353,0.018,0.02,1
AC009113.1,0.118747009221471,0.292954103896607,0.01,0.008,1
ARHGAP6,0.119199267768621,-0.189679508381954,0.012,0.01,1
CAB39,0.119222788924439,-0.104183288100347,0.079,0.084,1
SLC18B1,0.119279749791289,-0.16121604425826,0.032,0.036,1
LRP8,0.1195567823961,-0.289215181932868,0.008,0.01,1
CACNA2D4,0.119597904417061,0.107169610444084,0.036,0.032,1
LACTB,0.119887481008763,-0.142256448350212,0.051,0.055,1
ZNF211,0.119982737838849,0.13636691472874,0.046,0.042,1
AC005280.2,0.120027541470941,-0.20721167538993,0.02,0.023,1
LDLRAD4,0.12005338798122,0.138777972449888,0.067,0.063,1
CMKLR1,0.120068451197677,-0.233225233102086,0.012,0.014,1
SLC8A1,0.120148398437101,-0.121198367317054,0.044,0.048,1
TRIM41,0.120285604879904,-0.111857422984039,0.053,0.057,1
AC138969.1,0.120735218508433,0.182375457511252,0.024,0.021,1
SNRNP25,0.121223382436604,-0.123748768499325,0.058,0.063,1
CSF2RB,0.121381304065939,-0.124951905360295,0.032,0.035,1
PHF8,0.121472575176581,0.134122939904019,0.052,0.048,1
CRACR2B,0.121627536750376,-0.229387546899839,0.01,0.012,1
SPA17,0.121772121350762,-0.249657522958862,0.008,0.01,1
CCDC125,0.122203836379045,-0.181692248999772,0.019,0.022,1
HOMEZ,0.122330943512008,-0.185057950641577,0.023,0.026,1
CR2,0.122519670758061,-0.26045072784858,0.011,0.013,1
LINC02352,0.122580570199266,-0.264211175802974,0.011,0.013,1
SASS6,0.122611098137657,-0.18840672926024,0.022,0.025,1
ANO6,0.12275417508477,-0.103542761321918,0.105,0.11,1
PLCG2,0.122789197438777,-0.101153444992024,0.087,0.092,1
NSL1,0.122831922197578,-0.103339886625077,0.088,0.093,1
ZNF184,0.123068628413618,0.195718500457016,0.025,0.022,1
EME2,0.123202061060344,-0.198049913367834,0.023,0.025,1
BMI1,0.123256834369723,0.108034703350029,0.067,0.063,1
MTO1,0.123975851290069,-0.113355083719715,0.064,0.068,1
PAN2,0.124034562557719,-0.126608128974563,0.042,0.046,1
GNPDA2,0.124251128796051,0.155235045166015,0.027,0.024,1
HYLS1,0.124282333525213,0.203886460594065,0.016,0.014,1
TRAF3IP2,0.124428894488783,0.143744225343237,0.038,0.035,1
HECTD4,0.124519971801354,-0.122885577338484,0.058,0.062,1
FRA10AC1,0.124626369521833,-0.102713647596807,0.072,0.077,1
MYO19,0.124648601976418,-0.158337678383531,0.045,0.049,1
YRDC,0.124653709203927,0.170470097371612,0.039,0.035,1
LTA,0.124710391254259,-0.161146577047109,0.031,0.034,1
MCM3,0.124792395907347,-0.13419300313961,0.051,0.055,1
AAR2,0.125472537908164,0.12586062118755,0.077,0.072,1
STK35,0.125594795943267,-0.200659543590228,0.018,0.02,1
UGDH,0.125627138475908,-0.176175244032207,0.02,0.022,1
ARMC1,0.125685262437522,0.101521205026412,0.058,0.054,1
KBTBD11,0.125792533072179,-0.206420181725371,0.014,0.016,1
PROSER3,0.126002485197514,0.111994315237006,0.032,0.029,1
GFOD1,0.126248713395129,0.179267045608771,0.029,0.026,1
VPS35L,0.12633964300364,-0.111341427375065,0.056,0.06,1
GOLGA8A,0.126461476865259,0.128899833456209,0.041,0.037,1
SMYD4,0.126466089913794,0.100392139284611,0.046,0.042,1
ATP8B4,0.126468709819968,-0.185290756038384,0.013,0.015,1
SLFN11,0.126501755155579,-0.116230380741498,0.036,0.039,1
EIF2B3,0.126514709099255,-0.133427656121046,0.044,0.047,1
UBE2W,0.126996713058843,-0.119128868359691,0.062,0.066,1
AP003307.1,0.127268922577265,0.164224772089081,0.031,0.028,1
BMPR1A,0.127270096044407,-0.182793122796713,0.015,0.018,1
CAPN10,0.12736594768444,-0.147258751935898,0.03,0.033,1
TXNDC16,0.127531788582141,0.169588768632361,0.021,0.019,1
ZNF337-AS1,0.127627246589305,-0.225932740535731,0.011,0.012,1
SMARCAL1,0.127640778665676,-0.141204956918997,0.03,0.033,1
ARHGEF12,0.127647732053202,0.121717919013239,0.024,0.021,1
SLC22A17,0.127792549916957,0.227481270540509,0.017,0.015,1
CEP97,0.12799449816901,0.187222862010119,0.02,0.017,1
TSGA10,0.128207180611411,0.137789697263925,0.037,0.034,1
EEPD1,0.128770867166318,-0.158559267671142,0.021,0.023,1
AC008969.1,0.128801807524555,-0.238178026073143,0.011,0.013,1
KDSR,0.128860140802381,-0.115937528802806,0.079,0.084,1
DBT,0.128929069003275,-0.255217849314952,0.013,0.015,1
AL162458.1,0.128929465892561,0.244955428231684,0.011,0.009,1
TSEN2,0.128978606830403,0.173673835607959,0.026,0.023,1
EI24,0.129248869641631,0.105325910460396,0.07,0.065,1
TTLL4,0.129324973200303,-0.173465320641594,0.019,0.022,1
STX2,0.129511795150248,0.143204395574212,0.036,0.033,1
ZBED1,0.12980168905107,0.11263004618528,0.101,0.096,1
AFF3,0.130047129594051,0.249614132413293,0.082,0.077,1
AC106791.1,0.130122690255824,-0.203212664035647,0.019,0.021,1
SOCS5,0.130261294402464,0.166112038371693,0.024,0.021,1
QPCTL,0.130487140573466,0.210332306186808,0.013,0.011,1
CCL28,0.130539226580648,0.11513722154036,0.061,0.057,1
ZNF213-AS1,0.130857515757159,-0.110046336246937,0.053,0.057,1
CHKB-DT,0.131066541981355,-0.250299942154991,0.009,0.011,1
SCOC-AS1,0.131364915283415,-0.227010235217839,0.012,0.014,1
RABIF,0.131513948468066,0.105944218206577,0.083,0.078,1
SFXN4,0.131655923730663,-0.118795344251478,0.041,0.045,1
RMI1,0.13178689371239,-0.285940049900008,0.008,0.01,1
LINC00892,0.13188078673101,-0.300737051828088,0.015,0.017,1
IL17RC,0.131894962136701,-0.279161517268945,0.013,0.015,1
HNRNPA1L2,0.131979880115007,0.270861358319048,0.01,0.009,1
TAX1BP3,0.132009453691354,-0.104790610795441,0.058,0.063,1
CTU1,0.132159112685522,-0.279161517268945,0.008,0.01,1
EEF1AKNMT,0.132356978759156,-0.159769249845627,0.021,0.023,1
PDCD4-AS1,0.132504602373572,0.105911263185164,0.062,0.057,1
WDFY1,0.132516335248702,-0.100674502323209,0.09,0.095,1
P2RX4,0.132517191194482,0.112415017040129,0.066,0.061,1
TDRKH,0.132537316271188,-0.258543486190451,0.011,0.013,1
RASD1,0.132554613884687,0.131276747438084,0.01,0.009,1
ACVR2A,0.132662573299935,0.273344771736143,0.012,0.01,1
NF1,0.13313288756432,-0.132412838192728,0.056,0.06,1
MAMSTR,0.133599307006373,-0.22862303154933,0.01,0.012,1
MAPRE3,0.13376655794075,0.247248801097098,0.013,0.011,1
CHST13,0.133797527594155,-0.291145209031267,0.009,0.011,1
CLDN15,0.134076733910666,-0.275874445806196,0.009,0.011,1
AC087500.1,0.134264643253978,-0.162137173651532,0.017,0.019,1
PANX1,0.134435971284632,0.159308121933463,0.025,0.022,1
FAM114A2,0.134518801601753,0.183118463677382,0.03,0.027,1
PLAUR,0.134727906968029,0.513729824894676,0.13,0.128,1
AP002490.1,0.134826889581385,0.19527452598332,0.019,0.017,1
RDH14,0.134898018082393,0.103261464064031,0.091,0.086,1
DERPC,0.134943742917369,-0.177288897405691,0.022,0.025,1
SND1-IT1,0.134961322157919,-0.215285496336222,0.013,0.015,1
DOP1B,0.134995217987554,-0.127600493703527,0.067,0.071,1
AC123768.3,0.135021455832954,-0.247207655411293,0.008,0.01,1
GTF2IRD2,0.135021734339728,0.173350687428561,0.032,0.029,1
RBM41,0.135155902451037,-0.159664528396672,0.034,0.037,1
SEC24A,0.135161368966952,0.126271405300073,0.039,0.036,1
USP40,0.13525878844608,-0.192088014852675,0.016,0.018,1
ALOX12-AS1,0.135275040200352,-0.10669432126418,0.063,0.067,1
ZCCHC18,0.135762159084314,0.227230405229661,0.014,0.012,1
AL135791.1,0.135934688389365,0.196762607642729,0.016,0.014,1
MORN1,0.13601971090476,0.211192674987312,0.011,0.009,1
NRCAM,0.136386951534081,-0.254777358641986,0.01,0.012,1
KDM7A-DT,0.136739147594635,0.246191494314055,0.01,0.008,1
AC244090.1,0.136821831260445,-0.19586470559816,0.015,0.017,1
WDR83,0.136951846793912,-0.105817805599169,0.043,0.047,1
RNF2,0.13707337379259,0.132078051026352,0.048,0.044,1
FANCD2,0.137209572695664,0.135691953048505,0.022,0.02,1
TMEM44-AS1,0.13744971702134,0.125559985307634,0.034,0.031,1
TMEM201,0.137523962858682,0.218785336973403,0.012,0.011,1
MFSD8,0.13778686040168,-0.125294469096213,0.06,0.064,1
PHF23,0.137834490057414,-0.152861330554473,0.025,0.028,1
NSUN3,0.138086058215196,0.108354919245993,0.049,0.046,1
METTL2B,0.138148639582394,-0.11855492435935,0.041,0.044,1
RCC1,0.138180315116643,0.164807904695846,0.029,0.026,1
ASH2L,0.138259880220232,0.108826471504168,0.053,0.049,1
AL162231.1,0.138350429362696,-0.227249428626475,0.01,0.012,1
PTPRM,0.138798158228201,-0.179024845983495,0.018,0.021,1
MAP1LC3B2,0.138805141066473,-0.242672595995838,0.009,0.01,1
SLCO4C1,0.139055019957067,0.215529535655571,0.015,0.013,1
METTL1,0.139138174751622,0.209774095678435,0.015,0.013,1
CROT,0.139163163815842,0.136186874165156,0.027,0.024,1
SIMC1,0.139284873093796,-0.107189413615992,0.048,0.051,1
RPUSD4,0.139503229943019,0.117661984261725,0.049,0.045,1
HCFC2,0.139558714578767,-0.165015813594554,0.02,0.023,1
MYBL1,0.139637873457253,-0.138728952592305,0.063,0.067,1
STAM2,0.139815208909012,-0.158094618153372,0.024,0.027,1
AL359513.1,0.140038860396097,0.154586771430264,0.022,0.019,1
LRRC37B,0.140101421572409,-0.157584100312592,0.018,0.02,1
ALG6,0.140344759728522,-0.141857937395831,0.037,0.041,1
CHSY1,0.140839625270445,0.198438778744861,0.025,0.022,1
KIAA0355,0.141122942645861,0.121130622021253,0.051,0.047,1
ZNF254,0.141160601078255,0.118382206449982,0.039,0.036,1
ARHGAP11A,0.141219964250685,-0.322882894698263,0.009,0.011,1
ZNF778,0.141629431173619,0.101352458895932,0.039,0.036,1
SRBD1,0.141984892009065,-0.115803603517858,0.04,0.043,1
SLC48A1,0.14198654248025,-0.180558118413406,0.019,0.022,1
LRCH1,0.142427092844779,0.12245267586176,0.054,0.05,1
LINC00954,0.142532702407125,-0.138680293719116,0.032,0.035,1
IFNG-AS1,0.142669706307237,-0.175366104896646,0.019,0.022,1
DOHH,0.142669934154361,0.126173894060495,0.034,0.031,1
MAGEE1,0.142702386382941,0.161464097805996,0.017,0.014,1
CHM,0.143077270715846,0.130852142539109,0.039,0.036,1
RNF34,0.143253406274012,-0.107063127285302,0.056,0.06,1
PIGU,0.143696331250012,-0.176284336628643,0.017,0.019,1
CD109,0.14398937244591,0.266208804379313,0.015,0.013,1
KLHL11,0.144505712781786,0.110878340098043,0.043,0.04,1
HLTF,0.144617415237562,-0.152457044425756,0.026,0.029,1
RPE,0.14492347737639,-0.143726787722687,0.026,0.029,1
GPX7,0.144928405588947,-0.107865784093218,0.04,0.043,1
CENPQ,0.145142619711831,-0.216151719743145,0.01,0.012,1
MPHOSPH9,0.145455624210224,0.110044706781021,0.072,0.068,1
VDR,0.145472294144176,0.115651918313885,0.015,0.013,1
KIF1C,0.145518569353526,-0.172446899703576,0.021,0.024,1
C2,0.145577324382572,-0.271833103704632,0.009,0.011,1
HSBP1L1,0.145949747348908,0.114981331785686,0.059,0.055,1
AP000873.2,0.14623471149654,0.155876780494436,0.023,0.02,1
KLHDC1,0.146535502863433,-0.206208916495567,0.017,0.02,1
PRKAR1B,0.146617363411219,-0.120337400455263,0.065,0.069,1
NCK1-DT,0.146624997247852,-0.220992982812644,0.014,0.016,1
DYNLL2,0.146681896115783,-0.111143941788916,0.067,0.072,1
C3AR1,0.146866885975476,0.189363005417192,0.024,0.021,1
BLM,0.147221814463506,0.236166795615159,0.018,0.016,1
ENDOD1,0.147895366818389,-0.160598319975267,0.032,0.036,1
GBA,0.14821347516512,-0.12954634956761,0.047,0.051,1
TMEM69,0.148701324390917,0.148387599293338,0.043,0.04,1
GPHN,0.14872008728866,-0.119740952261412,0.044,0.048,1
MSANTD4,0.149128843431116,0.201496992992237,0.018,0.016,1
KANSL1-AS1,0.149313242473129,-0.121039962440516,0.052,0.056,1
PPP1R14A,0.149381613657752,-0.296028867523591,0.017,0.019,1
STYXL1,0.14965980325571,-0.123775578412373,0.047,0.051,1
TXLNG,0.150304349181773,0.100935112074718,0.069,0.065,1
PHF7,0.15041199163044,0.137485234871556,0.036,0.032,1
METAP1D,0.15050361329529,0.145419754680769,0.031,0.028,1
CHIC1,0.150724484337544,0.14453887975104,0.025,0.023,1
SP1,0.150853616181864,-0.126473220751937,0.063,0.067,1
ZNF827,0.151266800265661,0.149856009545634,0.037,0.034,1
DOLPP1,0.151483319439939,-0.248332125492294,0.01,0.011,1
CCDC43,0.151523890232604,0.119008631755253,0.051,0.047,1
STK3,0.151789853083129,-0.193637521950637,0.016,0.018,1
PRPS2,0.151864382784005,-0.116049728210124,0.065,0.069,1
AC005520.2,0.151866103374879,0.277687347243297,0.01,0.008,1
RPA1,0.151914789526209,-0.100429901733589,0.103,0.108,1
MSANTD2,0.151959944241258,0.262580454853088,0.01,0.008,1
HIPK1-AS1,0.152017977226064,0.184946588577825,0.017,0.015,1
EIF3J-DT,0.152669662979213,-0.137350152035546,0.042,0.046,1
ABCA5,0.153255479501118,0.154031543751439,0.031,0.028,1
BORA,0.153560369257539,0.127256102554669,0.015,0.013,1
TTC5,0.154045764641426,-0.119290180490556,0.036,0.039,1
SLC25A29,0.154297899727584,0.152282236799636,0.026,0.023,1
EIPR1,0.154887911680918,-0.114349439220285,0.065,0.069,1
GEMIN2,0.15494762581096,0.157065603841072,0.023,0.021,1
EPS8,0.155136626859916,-0.137517637867543,0.045,0.048,1
TMEM86B,0.155552964470461,-0.190991645844745,0.008,0.01,1
TBKBP1,0.155658103476093,-0.149470440629308,0.022,0.025,1
TEC,0.155673266098914,-0.170025826722837,0.012,0.014,1
HLA-DOB,0.155962168130747,-0.165270550740961,0.03,0.032,1
SLC25A25-AS1,0.156287974138639,-0.214057822364129,0.011,0.013,1
DAPK2,0.156446284836117,0.266950054480853,0.013,0.011,1
HES6,0.156526811360796,0.181451186199678,0.011,0.009,1
IKBIP,0.15679351138875,-0.122603314934722,0.057,0.061,1
TPRG1L,0.157270388904928,0.135657109971112,0.046,0.043,1
ALCAM,0.157776869049135,-0.165940273789378,0.024,0.026,1
HLA-G,0.158065612479349,-0.265061320224091,0.01,0.012,1
ARV1,0.158094238804345,-0.105435534829823,0.027,0.03,1
OSBP,0.158147853891555,0.13533548772831,0.053,0.049,1
SENP2,0.158381895046831,0.113354446078612,0.061,0.057,1
MTG2,0.15861758040609,0.113439760904904,0.044,0.04,1
AVEN,0.158643507627875,-0.256793704240491,0.009,0.011,1
CDK5RAP2,0.158830573406448,-0.119450328688632,0.061,0.065,1
AC012020.1,0.159369723345941,-0.319478972456433,0.008,0.01,1
TSPAN4,0.159387149521818,-0.143715883616414,0.041,0.044,1
ZNF189,0.159461497233166,-0.167295553401388,0.015,0.017,1
CASK,0.159907932346449,-0.136763000533721,0.033,0.036,1
COPS7A,0.160031443074481,-0.10589704694446,0.069,0.073,1
ZNF519,0.16019090241082,-0.21326632869957,0.016,0.018,1
POLR1B,0.160536740985026,0.175453085070576,0.028,0.025,1
ZNF93,0.160724052193363,-0.208353349182738,0.015,0.017,1
LINC00528,0.161028000931041,-0.13183543380967,0.025,0.028,1
CYB5D1,0.161489972752639,0.222498336757649,0.01,0.008,1
AKR1C3,0.161605012865333,0.109846970479239,0.023,0.021,1
ZNF680,0.161871828582899,0.145987816857486,0.03,0.028,1
AC127502.2,0.161956671184009,-0.234407623584216,0.031,0.034,1
PIK3C2B,0.162001493083042,0.181144197148432,0.021,0.019,1
SLC25A53,0.162614978929624,0.135751434589707,0.033,0.03,1
TADA2B,0.162931022638914,-0.127646476748389,0.032,0.035,1
KATNAL1,0.163288431007805,0.185700757761394,0.021,0.019,1
ZC4H2,0.163525640435906,0.173091559445666,0.016,0.014,1
TAF5L,0.16364452755459,0.165548595661586,0.018,0.016,1
ARHGEF11,0.164083269360546,-0.213787614272073,0.02,0.022,1
IGKV4-1,0.164129216727722,0.882499678548158,0.014,0.012,1
SULT1B1,0.164337079498226,-0.143784742411305,0.028,0.031,1
ASNSD1,0.164623664556598,-0.202678431464873,0.016,0.019,1
NR1D1,0.165211712056379,-0.183760076613669,0.042,0.045,1
TMCO3,0.165212434691954,-0.102489399122338,0.067,0.071,1
C1orf109,0.165271252064987,0.166497896251009,0.023,0.02,1
AFMID,0.165471340179931,-0.227249428626475,0.01,0.012,1
TMEM140,0.165564727551493,-0.248955993627806,0.029,0.032,1
MICU3,0.166094306734505,0.176593104917245,0.012,0.01,1
SFT2D3,0.166401331765541,0.21195438178312,0.017,0.015,1
LANCL2,0.166916937441651,0.144231704665629,0.025,0.023,1
GPR150,0.167221461013007,0.220979550386316,0.013,0.011,1
AL034397.3,0.167275644104969,-0.135939309366106,0.028,0.03,1
CBR1,0.16741029702289,-0.109033619399762,0.06,0.064,1
C16orf86,0.167496970654558,-0.174899087344936,0.017,0.019,1
ZNF865,0.167779749751599,-0.176881602230587,0.022,0.025,1
ZNF420,0.16779248782134,0.169626063474891,0.028,0.025,1
TRMT44,0.167862012703985,-0.183049624715941,0.017,0.019,1
ABCC10,0.16790877180569,-0.109091060864481,0.042,0.045,1
RASGEF1A,0.168044258332594,-0.219179412440713,0.011,0.013,1
TIMP1,0.168125630476061,0.209473544646296,0.261,0.256,1
PPP2R3B,0.168563927129599,-0.247012683447905,0.01,0.012,1
TTC39C-AS1,0.168571662635283,-0.26461320869979,0.012,0.014,1
BASP1,0.168590329681279,0.240705955230325,0.048,0.045,1
EPHA1,0.168800605270081,0.170917625073463,0.019,0.017,1
XCL1,0.16967600283931,0.224298198708713,0.033,0.03,1
ZNF25,0.1697061329665,0.160568847984597,0.023,0.021,1
ITFG2-AS1,0.170490129679373,0.165517029950531,0.026,0.023,1
B9D2,0.170849760513308,0.113827629438089,0.037,0.034,1
AC010883.3,0.17108846896175,0.153728313915861,0.018,0.016,1
PDHX,0.172451537136002,-0.126773609856776,0.038,0.041,1
RWDD2B,0.172492906871529,-0.247804921013236,0.009,0.011,1
FBXO10,0.172500138373309,-0.256793704240491,0.011,0.013,1
SEPSECS,0.173010308069724,-0.12956795491694,0.03,0.033,1
SH2B2,0.173115852931047,-0.152836917612016,0.02,0.022,1
PEX10,0.173431981810564,-0.116489132179315,0.033,0.036,1
CHTF18,0.173464863265854,0.164267582666123,0.022,0.02,1
SPATA6,0.173880565969855,0.184838005050066,0.02,0.018,1
TRIM13,0.173984768225111,-0.106171841193802,0.064,0.068,1
HIST1H2AB,0.174011774482715,0.244955428231684,0.011,0.009,1
CPEB2,0.174318796209121,-0.151654610987809,0.031,0.034,1
PAPSS2,0.174325270490762,0.245801453747298,0.016,0.014,1
AC008443.1,0.174507720892211,-0.158768809434894,0.022,0.024,1
AL592295.5,0.174822218320026,-0.220959105200758,0.012,0.014,1
SLC45A4,0.175149767899392,-0.214758484443279,0.008,0.01,1
PARP2,0.175525856536142,0.13153443482467,0.031,0.028,1
BAG4,0.175631611591179,-0.122764044535701,0.057,0.061,1
PTPN9,0.175648491561026,-0.111714309550151,0.04,0.043,1
HEXIM2,0.175920079240626,-0.273867217599432,0.009,0.011,1
AMY2B,0.175946696640774,-0.211151038684779,0.016,0.019,1
BOLA2,0.176077203489793,-0.118662785376998,0.032,0.034,1
TRIM24,0.176531440828988,0.1147253318717,0.032,0.029,1
GGACT,0.176541668327851,0.167829843867551,0.017,0.015,1
SUSD4,0.176985320210192,0.227009380450087,0.012,0.011,1
PDXP,0.177253901561264,-0.155222721100813,0.013,0.014,1
ZBTB34,0.177261116012189,-0.235517044610076,0.012,0.014,1
EFNB1,0.177434086828081,-0.275172233555345,0.011,0.012,1
LGMN,0.177503306041516,0.18003248380364,0.024,0.021,1
DDI2,0.177566206861183,-0.114201303817756,0.043,0.046,1
ZNF687,0.177664823985023,0.100736646255747,0.057,0.054,1
SLC25A42,0.177858862553215,-0.143740727613318,0.034,0.037,1
PAAF1,0.178362454776931,-0.136661126082463,0.027,0.03,1
TAFA2,0.178621104141981,-0.204119164248247,0.014,0.016,1
LINC00265,0.178684636602694,-0.204484830974449,0.019,0.021,1
NPHP4,0.179013810580898,-0.190729122863238,0.013,0.015,1
Z93930.2,0.179278493464053,-0.12964272648847,0.054,0.058,1
INIP,0.17931150229592,0.117539824460055,0.048,0.045,1
EFCAB11,0.179392342396116,-0.236035144073694,0.01,0.012,1
TRIM68,0.179583770767212,0.244851633487879,0.014,0.012,1
KIAA1324,0.179641859228579,0.174922536184983,0.016,0.014,1
PLEKHA5,0.180004378654066,-0.137452758275829,0.016,0.018,1
AC008957.1,0.180124953392529,-0.205912535238308,0.011,0.013,1
CPM,0.18032576436578,-0.211512824939624,0.015,0.017,1
LINC00920,0.180788574222805,-0.256793704240491,0.009,0.01,1
NOXA1,0.180832583347188,-0.138149207741872,0.024,0.027,1
PDE1B,0.181018932637062,-0.215285496336222,0.013,0.015,1
RAD17,0.181598728736194,0.110840925807562,0.053,0.049,1
AC006504.5,0.181816996576278,-0.237684881292786,0.01,0.011,1
KIF21A,0.182239120207727,0.135788944210657,0.043,0.04,1
ZNF416,0.182282752348668,0.199862884240092,0.012,0.01,1
RALGPS2,0.182430471989843,-0.159218112041564,0.079,0.083,1
ZMAT1,0.182788643682151,-0.103574392829003,0.05,0.054,1
ZNF236,0.183510344658479,0.101999684398733,0.054,0.051,1
SEMA7A,0.183666629932823,-0.176623355556507,0.009,0.011,1
RFT1,0.183818439886822,-0.133244352005319,0.026,0.028,1
LINC00426,0.183829635707708,-0.152735888940534,0.026,0.029,1
ZNF260,0.184381127288818,0.152461442444347,0.023,0.021,1
AC027279.1,0.184392122868909,-0.168737527575295,0.01,0.012,1
AC091271.1,0.184790539784959,0.12727240797051,0.03,0.027,1
LRSAM1,0.185433184019996,-0.12561625901549,0.029,0.032,1
MFSD5,0.185925354531199,-0.101450132572126,0.063,0.067,1
AC009133.3,0.185978659805137,0.160925385105737,0.02,0.018,1
TMEM102,0.18633880739554,-0.160008641705611,0.022,0.024,1
XKR6,0.186522753982428,-0.212294244073631,0.012,0.014,1
ZP3,0.186541721278668,0.253724103892581,0.011,0.01,1
AL451085.1,0.186597119341357,0.163890358179494,0.014,0.013,1
HIST1H4F,0.186914709791456,-0.252657929671286,0.014,0.016,1
ERF,0.187005807922392,0.151671141114867,0.036,0.033,1
RASA4B,0.187114930778903,-0.198241521885378,0.013,0.014,1
AC211476.2,0.187221031064104,-0.176623355556508,0.015,0.016,1
UBXN10-AS1,0.187239056762011,0.148512257020579,0.011,0.009,1
LINC01002,0.188005248004472,0.165057007421844,0.016,0.014,1
GP1BB,0.188068398306968,0.113543987567539,0.014,0.015,1
CDK2,0.188138919624203,0.15317280549093,0.016,0.014,1
AC079305.3,0.188583873544131,0.139039584141202,0.011,0.01,1
ALG2,0.189155625320483,0.104677331117951,0.057,0.053,1
ZNF142,0.189187687486066,0.109051507177078,0.032,0.029,1
FKBP14,0.189565827591158,0.210440006163781,0.011,0.009,1
MAPKBP1,0.189758265677087,0.166100560764591,0.026,0.024,1
HENMT1,0.189849497970526,-0.100092482420948,0.053,0.057,1
NAPEPLD,0.190014275086696,-0.201416947204118,0.013,0.015,1
RITA1,0.19058880689583,-0.120007047606369,0.028,0.031,1
ZNF117,0.190745941620972,0.200888132446846,0.011,0.01,1
SLC41A1,0.19083991887041,0.142377389579332,0.024,0.021,1
URGCP,0.191111091523157,0.123243312295776,0.046,0.043,1
FAM20B,0.19252929261247,-0.14198922874969,0.023,0.025,1
FAM229A,0.19258138523398,0.206380316082623,0.011,0.009,1
EBF1,0.192930321086369,-0.193499954284571,0.022,0.024,1
MAP1LC3A,0.192966280128991,0.156158975252297,0.025,0.023,1
MTERF3,0.193105653865547,0.120673874793831,0.029,0.027,1
LINC00926,0.193224624948711,0.368652919609992,0.069,0.066,1
LRIG2,0.193918146118484,-0.111097337754789,0.033,0.036,1
TMEM67,0.194023718000181,0.212182602149157,0.012,0.01,1
AC011462.5,0.194229244146534,0.20368676579952,0.012,0.01,1
CNNM3,0.194303245714545,0.122010703395957,0.034,0.032,1
BCS1L,0.194518288331091,-0.113653422563253,0.032,0.035,1
RORA-AS1,0.194740318272694,0.150920454232494,0.015,0.013,1
AP006621.3,0.19478348117771,0.128195021471344,0.033,0.03,1
ERCC2,0.1950207458437,-0.119651531786343,0.028,0.03,1
PAICS,0.195066630537338,-0.107270990943744,0.051,0.054,1
TFCP2,0.195285680829128,-0.105513429783916,0.043,0.046,1
FAM193A,0.19549134984718,-0.10126935453173,0.047,0.051,1
ZNF407,0.195706380757313,0.110938080259996,0.036,0.033,1
EXOSC4,0.195741424757843,-0.105888134652775,0.041,0.044,1
LEF1-AS1,0.195838185088357,0.103191035739958,0.037,0.034,1
SSH1,0.195972770033783,0.107885973287894,0.057,0.054,1
BRMS1L,0.196387016809807,0.170470097371612,0.018,0.016,1
SERPINE2,0.197078372960341,-0.175089063121258,0.009,0.01,1
AFDN,0.197368994845961,0.206938051830432,0.013,0.011,1
AC020765.2,0.197435223846491,-0.13181727836672,0.026,0.029,1
MTFMT,0.198026253334541,-0.10976740637205,0.046,0.049,1
PCSK5,0.198230728766309,0.116664691286954,0.046,0.043,1
KRBA2,0.198524941819276,-0.148417543195699,0.01,0.012,1
HINFP,0.198604983036716,-0.109644460136121,0.03,0.033,1
SLC29A2,0.198692155154123,-0.223241144529464,0.01,0.011,1
TMEM182,0.199142799215937,0.233819569645086,0.012,0.01,1
PARP3,0.199440454026869,-0.117187636944909,0.029,0.031,1
ERV3-1,0.199556592531134,0.192158552761463,0.035,0.032,1
NAT10,0.200764473115452,0.127095096467689,0.037,0.035,1
MON1A,0.201788724568718,-0.202279545161587,0.012,0.013,1
GET1,0.202171820719589,-0.117494666828942,0.033,0.036,1
TMEM106A,0.202301359111481,-0.145569505289404,0.021,0.023,1
ZNF665,0.202724888643035,0.206539352079134,0.014,0.012,1
TMEM63B,0.203236039395431,-0.109431540502954,0.032,0.034,1
THTPA,0.203348537645433,0.111286725752484,0.03,0.027,1
ZNF346,0.203397914860672,-0.126209594430346,0.032,0.035,1
DHRS13,0.203628793518866,0.118501206329696,0.041,0.038,1
THOP1,0.203796001699362,-0.113543655801418,0.048,0.051,1
SLX4,0.20419075348753,-0.24132690289472,0.012,0.013,1
PTDSS2,0.204809820464762,0.140183823493362,0.019,0.017,1
ZDHHC2,0.205369377625549,-0.118394189338132,0.034,0.036,1
LINC01504,0.205488094395664,-0.189154987365128,0.015,0.017,1
ZRANB3,0.206007911710044,0.16851213049218,0.016,0.014,1
SH3BP5L,0.206114843694895,-0.173599768714093,0.016,0.018,1
DIPK1A,0.206370142600229,0.105580476570912,0.044,0.041,1
FCRL6,0.206528911754399,-0.114053532124409,0.104,0.108,1
ANKRD40,0.206694733914846,0.126534935311015,0.021,0.019,1
TNFSF9,0.206720240987363,0.19500234504847,0.03,0.027,1
AC147067.1,0.20771286075242,-0.147515362955499,0.018,0.02,1
CHRNB1,0.20799624351566,-0.202573313242604,0.021,0.023,1
HSCB,0.208139806644467,-0.114833156591308,0.047,0.05,1
CTNNAL1,0.208423374528053,-0.32496520688207,0.01,0.012,1
TTC9C,0.208959631507035,-0.116646843725366,0.026,0.029,1
CAD,0.20909296764101,-0.139837557894642,0.027,0.03,1
PCCA,0.209103849620996,0.111127273761138,0.028,0.025,1
LIPT1,0.209585346003837,-0.131525632074635,0.028,0.03,1
ZDHHC13,0.209710237324948,0.131464463922752,0.024,0.022,1
APLF,0.210375349561642,-0.24132690289472,0.012,0.014,1
LIMS2,0.210386148338198,0.135121237006606,0.021,0.019,1
FANCG,0.210458200201521,0.19955726897807,0.017,0.015,1
ALPK1,0.210677803306605,-0.155179967613845,0.022,0.025,1
TIPARP-AS1,0.21087774764337,0.126753508910538,0.031,0.029,1
YTHDF1,0.21167394194351,-0.108292299506993,0.046,0.049,1
LENG9,0.211946212728225,0.174185338907374,0.01,0.009,1
RNASEH2A,0.212466687687269,-0.127787643158237,0.03,0.032,1
ACSM3,0.212699506420953,0.17359175937179,0.017,0.015,1
Z93241.1,0.212914647005601,-0.111974078395463,0.072,0.076,1
FUZ,0.213009094764372,0.13968797601011,0.029,0.026,1
NLN,0.213555092343454,-0.223626840305291,0.012,0.014,1
CCDC71L,0.213656331552563,0.120060601150465,0.024,0.022,1
SPRY1,0.213710461243644,-0.181505576936254,0.015,0.017,1
RBBP9,0.214041666932721,0.171758601512835,0.016,0.014,1
RXYLT1,0.214179230768889,-0.108881914610422,0.035,0.038,1
CDKL5,0.214644929271897,0.185210842638622,0.01,0.009,1
DET1,0.214659607206858,-0.181574458744898,0.01,0.012,1
PRMT5,0.214739347058957,-0.121807659700024,0.028,0.031,1
SERPINB8,0.215107455198812,-0.105968801992722,0.03,0.033,1
CCDC77,0.215155995304632,0.170541153841738,0.024,0.022,1
ZNF134,0.21527435068586,0.101618749670561,0.049,0.046,1
KHK,0.215646933229733,-0.217385319682255,0.009,0.011,1
SSSCA1-AS1,0.215811985844906,-0.163684299849009,0.015,0.016,1
ALG1,0.215946270953338,-0.126578743233816,0.035,0.037,1
LLGL1,0.21641421151969,0.109467561328095,0.034,0.031,1
SLC4A8,0.216435124738146,-0.202050739646059,0.013,0.015,1
NDOR1,0.216667342688402,-0.122914694046711,0.036,0.039,1
AC093323.1,0.216691413585699,-0.101142833780297,0.03,0.033,1
SNX30,0.216819825140883,-0.176019894201288,0.024,0.026,1
TNPO2,0.21689161886415,-0.120234043815612,0.032,0.035,1
PEMT,0.217198833830946,0.101736698821662,0.054,0.05,1
GTDC1,0.217454723049776,-0.100335164431279,0.058,0.061,1
SLC39A4,0.217531035650643,-0.112566728446727,0.039,0.042,1
SNTB1,0.217654398104038,-0.111528327334623,0.035,0.037,1
ZNF408,0.218349154327351,0.109988626431131,0.041,0.038,1
AP005019.1,0.21846408267509,0.139076384300395,0.018,0.016,1
EPHX2,0.218568556233171,-0.117048962936931,0.08,0.084,1
TTPAL,0.218943268194572,0.134208863196435,0.021,0.019,1
LINC002481,0.21946919937482,-0.133252403635049,0.028,0.031,1
PPP1R14B,0.21966265911746,-0.128060390118288,0.039,0.042,1
ARMCX5-GPRASP2,0.220430233544336,-0.237684881292786,0.009,0.01,1
SLC43A1,0.220885594864166,-0.179577946271407,0.018,0.02,1
MVK,0.221398763131234,-0.133058335818245,0.02,0.023,1
CD83,0.221808336176993,0.218392850195145,0.182,0.19,1
RBMS2,0.221869154497599,-0.156989647275001,0.016,0.018,1
CPLANE1,0.222121026441609,0.10032194505211,0.032,0.03,1
MGAT4B,0.222316166585701,-0.102382844785571,0.035,0.038,1
LYN,0.222354306138431,0.224832554238429,0.226,0.224,1
COQ2,0.222664184969654,0.103497770674521,0.046,0.043,1
AC021054.1,0.223309251564444,-0.127615045141487,0.018,0.02,1
ZXDC,0.223527999443259,0.107831582739876,0.047,0.044,1
PLXNA3,0.223565403862637,-0.116616046192231,0.015,0.016,1
USP37,0.223666748458048,0.138106149467277,0.037,0.034,1
CENPH,0.223980900593839,-0.161703935720769,0.027,0.03,1
ZKSCAN8,0.224161824376817,-0.103613380994592,0.034,0.037,1
RFC5,0.224280468801862,0.137485234871555,0.023,0.021,1
ZXDB,0.224641833739584,0.181327408151395,0.023,0.021,1
CD200R1,0.224883750354163,-0.202416694337725,0.011,0.013,1
SPATA33,0.22494902298508,-0.105469685903714,0.033,0.035,1
AC105020.6,0.224957262409806,0.226900155705295,0.012,0.01,1
CLCC1,0.225079103632514,-0.117671902092174,0.025,0.027,1
AC120193.1,0.225103770457867,-0.236489607785401,0.009,0.01,1
EYA3,0.225188669857599,-0.124061527715416,0.032,0.034,1
PWWP3A,0.225283359073538,0.109853392404047,0.042,0.039,1
ALDH5A1,0.226018068368123,-0.154316117314814,0.023,0.025,1
LFNG,0.226079432247754,0.139007576175436,0.039,0.037,1
PON2,0.226186134718026,-0.166997033889845,0.016,0.018,1
AP003392.5,0.22660259558339,-0.203682367780928,0.009,0.011,1
MLLT11,0.226896433064846,0.135369328785766,0.024,0.022,1
TRIM61,0.227070387017498,0.159920372845737,0.016,0.014,1
ATG9B,0.227630197918473,0.144316836996275,0.021,0.019,1
AJM1,0.228039234870806,-0.128185618627624,0.021,0.023,1
TCEANC2,0.228214436063564,-0.150297746234099,0.022,0.024,1
TMEM79,0.228614202790727,-0.15437054870938,0.015,0.016,1
EZH2,0.22917129549243,-0.147624448952911,0.03,0.033,1
PEX7,0.229178765720681,-0.12151484560507,0.018,0.02,1
DGCR6,0.229926356985051,-0.205678388513637,0.009,0.01,1
NDC80,0.230130623977006,-0.188206618983078,0.019,0.021,1
KCNQ5,0.23079632731507,0.234865076641266,0.01,0.008,1
ARMC2,0.231248678261402,0.12378432429498,0.03,0.027,1
SLX1B,0.2312872425205,-0.160409167816149,0.017,0.019,1
VIPAS39,0.231687358283719,-0.142467813939313,0.031,0.033,1
DYNC2LI1,0.23186782494585,0.212691579060729,0.01,0.009,1
DUS2,0.232161617142132,-0.125356181189909,0.03,0.033,1
TEX261,0.232439483791837,-0.155620024850053,0.034,0.036,1
ALDH18A1,0.232530547835583,-0.110572963389447,0.042,0.045,1
ZNF624,0.232859917335902,0.184671920315997,0.011,0.01,1
RECK,0.23287109285056,0.131564730849954,0.061,0.058,1
SPRYD7,0.233282059224724,0.174814774532621,0.026,0.023,1
CDKL1,0.233286543810867,-0.208353349182738,0.009,0.01,1
TXLNA,0.23472837541383,-0.142758460994462,0.035,0.038,1
LINC02591,0.234731076042857,0.186812947235124,0.026,0.024,1
FAM185A,0.235524618451347,0.117458180191853,0.026,0.024,1
LRMDA,0.235762521460599,-0.141749329345124,0.027,0.029,1
MICALL1,0.236032388367352,-0.137016349386929,0.02,0.022,1
ELOVL6,0.236130727487155,-0.237684881292786,0.008,0.01,1
CTRL,0.236275123015169,-0.161908674959158,0.015,0.017,1
PRKAB2,0.236449697581595,-0.11393126465191,0.026,0.028,1
LINC01409,0.236620951917942,-0.103574392829003,0.052,0.055,1
SLC66A1,0.237002979362904,-0.171063830214607,0.015,0.016,1
SPATA5L1,0.237640758314206,0.107264941665639,0.037,0.034,1
FCRL3,0.238161003356527,-0.172763593759872,0.051,0.054,1
ANGEL1,0.238331995267166,-0.139231256124471,0.027,0.029,1
AC103724.3,0.238512838581906,0.139198039347806,0.016,0.015,1
ACTR3C,0.239047710483666,0.146000199283606,0.02,0.018,1
AL355816.2,0.239097158454498,0.226775176709168,0.011,0.009,1
SCD5,0.239542845520292,-0.198690749676923,0.01,0.012,1
RAB27B,0.240390693337462,-0.180789776851667,0.024,0.026,1
PLD1,0.240428179026568,-0.150137768011062,0.012,0.013,1
TRMT12,0.240684088797858,-0.122745739126775,0.023,0.025,1
PRR11,0.240994750720833,-0.224056917828491,0.009,0.01,1
SLFN12L,0.241175285957274,-0.128601840693564,0.024,0.026,1
SEPTIN10,0.241254921441304,-0.212182817540199,0.009,0.01,1
TMEM168,0.241449712412551,0.117272013982047,0.049,0.046,1
EXOSC2,0.241737164465219,-0.100068200553038,0.033,0.036,1
PWP2,0.242677345564284,-0.136548169911495,0.018,0.02,1
SLFN13,0.242967413006388,-0.107416080202264,0.027,0.029,1
ENDOG,0.243043437649166,-0.196002020121738,0.011,0.013,1
AC103591.3,0.243435713733092,-0.144754571314158,0.122,0.125,1
SLC39A9,0.243550193467365,-0.102283755184867,0.043,0.045,1
SLC35A5,0.244040657323913,-0.12657112683191,0.024,0.026,1
HEATR6,0.244770550233876,-0.129132989637113,0.028,0.03,1
OTUD7B,0.245150691194595,0.154763226303391,0.015,0.014,1
LRRC40,0.245263593362087,0.11465452649067,0.045,0.042,1
KHDRBS2,0.245736455507005,0.211824835243196,0.013,0.012,1
GNPNAT1,0.246086660433791,0.150174365062467,0.023,0.021,1
MPZL3,0.246302013701923,0.102524353779928,0.04,0.038,1
ACOX3,0.246424323606304,-0.145278184751753,0.025,0.028,1
PRIM2,0.246703985381411,-0.120841298843274,0.033,0.035,1
LINC01465,0.247555581405088,0.177173523573203,0.01,0.008,1
MOSMO,0.247588227929012,0.171706054844916,0.018,0.016,1
NDUFA6-DT,0.248058755895762,0.170667510486437,0.017,0.016,1
AF213884.3,0.248527543348542,0.132739835418801,0.03,0.027,1
TSNARE1,0.249269050150935,0.110618629018873,0.025,0.023,1
TPST1,0.249506652829182,0.156344262122872,0.014,0.012,1
RAD52,0.250436844234599,0.166348844675408,0.013,0.012,1
PTCD2,0.251531547886298,-0.185379370948328,0.01,0.011,1
ZNF696,0.251565316426685,0.153344995625513,0.011,0.01,1
AC021188.1,0.251724106124499,-0.135939309366106,0.016,0.017,1
ANKRD42,0.251756641318143,0.13362000806953,0.024,0.022,1
AC002310.1,0.252099425470754,-0.161164307870494,0.011,0.012,1
HIST2H2AA4,0.252429046597747,-0.165782765733007,0.038,0.04,1
CCDC117,0.252475212839911,-0.118549387128509,0.027,0.029,1
LNX2,0.25261154089562,0.109670291248708,0.027,0.025,1
CASC1,0.252919704691281,0.145792053992096,0.023,0.021,1
PVRIG,0.253370615280044,0.169091177275345,0.02,0.018,1
AL121839.2,0.253482276015897,0.166181614462993,0.014,0.012,1
RPAP1,0.253871453978805,-0.113058226779042,0.032,0.034,1
RPS6KA2,0.254585562248306,0.185349025200951,0.011,0.01,1
CPT2,0.255165802832543,0.10032194505211,0.033,0.031,1
NFYB,0.255275165707757,-0.103383789581195,0.035,0.038,1
C17orf80,0.256902424388009,-0.185710606179008,0.014,0.016,1
OR4D1,0.257598525431633,0.147954535646848,0.018,0.016,1
CEP162,0.257673764558363,-0.167984437282636,0.018,0.02,1
SFMBT2,0.257702012175258,0.116344746914387,0.047,0.045,1
ATG4C,0.257980083039838,-0.110334875256076,0.028,0.031,1
ZNF235,0.258316627569848,0.118517516722742,0.022,0.02,1
IDE,0.258493798874129,-0.105033100928106,0.037,0.04,1
ZFP30,0.258726237320772,0.203432568804608,0.012,0.011,1
AEBP1,0.258771760141848,0.163703385436142,0.019,0.018,1
ZNF684,0.258860161023466,0.166559063250356,0.016,0.015,1
EPM2A,0.259116761223731,-0.18418995528365,0.009,0.01,1
EPN2,0.259380654718828,0.181939887481709,0.015,0.013,1
FBXO30,0.2597074386437,-0.17137869163901,0.011,0.012,1
SETD6,0.259933918469035,-0.133381539685484,0.024,0.026,1
RNASEH1-AS1,0.259953212797029,-0.147930228534458,0.022,0.024,1
MOB1B,0.261233661836762,-0.11249684499022,0.032,0.035,1
SGPL1,0.261248139100763,0.130274679179685,0.034,0.031,1
A2M-AS1,0.261737261312155,-0.199635282445162,0.014,0.015,1
COL6A3,0.261751112464719,-0.112975453604752,0.091,0.095,1
CCDC126,0.262034845797458,-0.120798486995834,0.026,0.028,1
DARS2,0.262430156891923,-0.189447395914091,0.008,0.01,1
MMP17,0.262536602064774,0.22535799089689,0.012,0.011,1
AC244213.1,0.263663477564557,-0.190451209411794,0.01,0.011,1
RPL39L,0.263727559053219,-0.120732154664462,0.021,0.023,1
TNFRSF13C,0.264274095107603,0.102209760124024,0.044,0.041,1
PLAGL1,0.264409274159966,-0.121373494991045,0.029,0.031,1
AC083880.1,0.264692073239236,0.158243795038353,0.013,0.012,1
DOP1A,0.265168970865609,-0.124304766842252,0.04,0.042,1
CCNJ,0.265816327563332,0.177783981433998,0.013,0.011,1
UBFD1,0.266563610779521,0.150316879266724,0.014,0.012,1
FAM229B,0.267002922411105,0.187605854669695,0.01,0.009,1
E2F3,0.267122800259134,-0.122885577338484,0.057,0.06,1
SLC12A2,0.267255526137872,0.110263766136531,0.019,0.017,1
ARSB,0.267542684924876,0.151101725794333,0.023,0.021,1
ACP6,0.267614297910423,-0.11431822252803,0.018,0.02,1
WDR91,0.267722335675569,-0.124653365257649,0.03,0.032,1
ACAD10,0.26815938449422,-0.122695888398171,0.027,0.029,1
BCLAF3,0.269259142665124,0.142875393615149,0.014,0.012,1
STARD4,0.269268825960461,0.101128649510904,0.027,0.025,1
ZNF783,0.269616036851284,0.105859214858339,0.035,0.032,1
LINC02611,0.2700557986546,-0.143862858936266,0.019,0.021,1
PPP1R3F,0.270139011198213,-0.123191115830459,0.015,0.017,1
RNASE4,0.270991645251294,-0.245478391012656,0.009,0.01,1
AC034236.2,0.271071530189249,-0.235834085604845,0.009,0.01,1
XRCC4,0.272180038438856,-0.114774699368063,0.025,0.027,1
AC016074.2,0.27228320603151,-0.171063830214607,0.01,0.012,1
AC096677.1,0.272596927778493,-0.180962291280845,0.009,0.011,1
LRP5L,0.273261960066565,-0.125174736742412,0.02,0.022,1
ST3GAL3,0.273911746031821,0.107670702818574,0.034,0.032,1
TMEM97,0.275604914646891,0.147103237433153,0.017,0.015,1
AC133552.5,0.276330127342217,-0.161486744144764,0.012,0.014,1
ETV2,0.277389222668826,0.197953504840324,0.012,0.011,1
HDAC11,0.277411472330406,-0.152457044425756,0.01,0.011,1
CKB,0.277706419577718,0.146957987491837,0.014,0.013,1
GIHCG,0.277745962078051,-0.109576894509559,0.035,0.037,1
ERVK13-1,0.2782074206352,-0.112660296824543,0.029,0.031,1
GORAB,0.278345842521575,-0.124038495388719,0.025,0.027,1
INCENP,0.278356375058785,-0.135313442620717,0.016,0.018,1
LRG1,0.279176875957581,-0.218546234883528,0.02,0.022,1
DTWD2,0.279231632726479,0.195002345048471,0.012,0.01,1
C3orf14,0.279687718719489,-0.184004284228605,0.011,0.012,1
RBAK,0.279873494876865,0.126271405300073,0.02,0.018,1
GCLC,0.2799082882088,0.120411721512614,0.023,0.021,1
PM20D2,0.280005983881123,-0.135778303279126,0.024,0.026,1
KIF27,0.280640564795364,-0.170637060490777,0.015,0.017,1
TMEM53,0.280915448617562,-0.208353349182738,0.009,0.01,1
CCDC61,0.280946445040643,-0.166338753294987,0.01,0.011,1
RRAGD,0.281593383565352,-0.181386301582468,0.009,0.01,1
AL139011.1,0.283520024145224,-0.183583857286715,0.011,0.012,1
TMEM184C,0.284174897709715,0.140649735023615,0.027,0.025,1
MIR3936HG,0.284461645175188,-0.181574458744898,0.01,0.012,1
EXT2,0.28458473158931,0.118378087964865,0.044,0.042,1
FAM161B,0.284726521030276,-0.256793704240491,0.009,0.01,1
UBE3D,0.284974294298246,0.147416764553997,0.02,0.018,1
CKS1B,0.285161023980487,-0.132523368362549,0.034,0.037,1
FAM222B,0.285714078116001,0.10154766168903,0.037,0.034,1
ROCK2,0.286925339051937,-0.169112344567869,0.034,0.036,1
NBPF3,0.287172821837649,-0.148620427394123,0.02,0.022,1
SNHG20,0.287568345947799,0.105991526146165,0.027,0.025,1
MS4A1,0.287998087579579,-0.368242902177573,0.085,0.088,1
AC008763.1,0.288589339698587,-0.235023081569272,0.011,0.012,1
ATXN7L3,0.289156071726355,-0.117231637871299,0.044,0.046,1
TTC30A,0.289582292109858,0.171299947863799,0.012,0.011,1
MCM4,0.290723125919748,0.100196509670481,0.018,0.017,1
LINC00115,0.29073240581097,0.137105027980202,0.015,0.014,1
LRRC8B,0.291031737654585,-0.151671782147029,0.022,0.024,1
CKMT2-AS1,0.291588208195066,-0.148644900384868,0.012,0.014,1
NIPA1,0.291987058766768,0.201152386507643,0.01,0.009,1
ZNF707,0.293066150782545,0.122146336251989,0.023,0.022,1
LINC01003,0.293823578219215,-0.130947513437009,0.024,0.025,1
NEURL4,0.293914719326832,-0.159769249845627,0.014,0.015,1
MFHAS1,0.294573368445859,0.118481966162981,0.036,0.034,1
ZNF322,0.295009417300985,-0.113498542680793,0.017,0.019,1
EXOSC3,0.295051346601191,0.115444082105085,0.035,0.033,1
ZCCHC14,0.295329203774573,0.150778344791788,0.014,0.013,1
ATAT1,0.295555601322406,0.114798505073448,0.019,0.017,1
IER2,0.296388668110643,-0.145258670558211,0.69,0.67,1
ADO,0.296738931742856,-0.16368429984901,0.014,0.015,1
AMMECR1L,0.296774408634547,-0.16494594841292,0.021,0.023,1
DFFB,0.297110369561792,0.111063526548574,0.021,0.019,1
AL022345.4,0.297189470004167,-0.113880743928395,0.009,0.01,1
SPRYD4,0.297229586350255,-0.150448472692315,0.016,0.018,1
BEX5,0.297296827272216,-0.102283755184866,0.024,0.026,1
WDR3,0.297883541983404,-0.138680293719115,0.022,0.024,1
ZNF341,0.298319199917974,0.155817057643813,0.011,0.01,1
DNAJB4,0.299373932494711,-0.12635876416019,0.028,0.03,1
MOB3C,0.299488249242553,-0.314537377257964,0.014,0.015,1
BICRA,0.300118952815576,0.107076548354653,0.037,0.035,1
TPM4,0.300254064826462,-0.105860759065857,0.283,0.287,1
TESK2,0.300698296877293,0.118281565564308,0.034,0.032,1
MAP4K3,0.300776669459243,0.173091559445666,0.016,0.015,1
KIAA1841,0.301957983910088,-0.271833103704632,0.009,0.011,1
MBTPS2,0.302413040157216,0.103986516105503,0.021,0.019,1
ZNF771,0.30246605361015,0.134397053083985,0.011,0.01,1
ZNF649,0.302623514053501,0.110709968149332,0.023,0.021,1
TIRAP,0.303496751636562,0.117272013982047,0.018,0.017,1
IL2RA,0.304638070603582,0.154230732531729,0.018,0.016,1
CCSAP,0.304829543609156,-0.139071745367397,0.019,0.02,1
ARSK,0.305964828999371,0.102595765488439,0.02,0.018,1
CENPM,0.306147002040476,-0.261239609271683,0.013,0.014,1
MAN1C1,0.306206381219545,0.160461620288172,0.012,0.011,1
TMEM203,0.307423624068737,0.107983405051002,0.043,0.04,1
MICA,0.307520388426808,-0.101261799315195,0.035,0.037,1
ELAC1,0.309299879967716,0.124620142967,0.017,0.016,1
LINC02785,0.309488412727574,-0.180962291280845,0.009,0.01,1
TCAIM,0.309859681380003,-0.10181904426415,0.03,0.032,1
HRAS,0.310315028447941,0.108275335764268,0.025,0.023,1
GRAP2,0.310714468746677,-0.12438874105918,0.151,0.155,1
RAB12,0.311070312016876,0.123373335191301,0.012,0.011,1
FMN1,0.311074562082376,0.116717237954872,0.026,0.024,1
EPHB6,0.311137827540414,0.153243113979986,0.067,0.064,1
PALLD,0.311390207781363,0.175521786470189,0.022,0.02,1
UBR5-AS1,0.312159831012362,-0.152163624871327,0.026,0.028,1
TNNI2,0.312358942928611,-0.105840225276725,0.025,0.026,1
KNSTRN,0.31248482275308,0.15321697796352,0.011,0.01,1
CPSF4,0.312728312123972,-0.111673501272467,0.031,0.033,1
PTPDC1,0.313570153806605,-0.127883578421162,0.015,0.017,1
MOCS3,0.313604540890679,0.207380573701155,0.012,0.011,1
DNAJC27-AS1,0.314198991271056,-0.147382487519908,0.01,0.011,1
DHDDS,0.31421216029465,-0.102604294724987,0.033,0.035,1
AC104971.3,0.314510957815184,0.126271405300073,0.013,0.012,1
TMEM64,0.314653862001256,-0.16368429984901,0.016,0.017,1
SH3PXD2A,0.315135517825171,-0.16121604425826,0.011,0.012,1
IQCH-AS1,0.315914147417216,-0.180962291280845,0.014,0.015,1
SNURF,0.316212524458335,0.105776375144218,0.028,0.026,1
MAP3K9,0.31621987239588,0.131022326303328,0.01,0.009,1
SLC2A1,0.316473787030529,0.10687816278731,0.058,0.055,1
CDC42EP4,0.317575590510023,0.151189037504403,0.012,0.01,1
KCNMB1,0.318211645585419,-0.18323709727041,0.01,0.011,1
FBXO45,0.318503611118891,0.112073613605427,0.012,0.01,1
AL162253.2,0.318953356495102,-0.116478456659831,0.018,0.019,1
AL391839.3,0.320865595770589,0.165439296442557,0.015,0.013,1
RWDD2A,0.322662696554576,-0.153836513892663,0.011,0.012,1
TCEAL1,0.322752056262513,0.143744225343237,0.02,0.019,1
TUBD1,0.323614953345334,0.150705201577662,0.028,0.026,1
AC136475.2,0.324735019330895,0.13666326445284,0.021,0.019,1
TCEANC,0.325623654428949,0.145846768888885,0.017,0.016,1
IGHV5-78,0.32587213784713,-0.158015549762317,0.009,0.01,1
ZNF251,0.326616210980667,-0.119767183318802,0.021,0.023,1
TCAF1,0.32662070217157,0.11559945762986,0.028,0.026,1
KMT5C,0.326733563534216,0.107071143048838,0.035,0.033,1
XXYLT1,0.327311719712437,-0.101999040838472,0.037,0.039,1
DPY19L1,0.327585899553083,-0.147382487519908,0.01,0.011,1
NEO1,0.327619875113849,0.201965172467671,0.011,0.01,1
AL451165.2,0.327793606871279,-0.105652178477595,0.036,0.038,1
LINC02295,0.327936052308134,-0.137016349386929,0.01,0.011,1
C4orf46,0.32794621476089,0.124746883050266,0.017,0.015,1
NFXL1,0.32822082137086,-0.120934652389672,0.03,0.032,1
KIAA1671,0.32849752684041,-0.227556483015394,0.009,0.01,1
PLPP1,0.330396286549066,-0.101142833780297,0.025,0.027,1
ZNF354B,0.330533232470221,-0.106527228568647,0.021,0.022,1
NDC1,0.330670331834622,0.154285781469669,0.02,0.019,1
MTMR1,0.330743101944625,0.121349179064678,0.027,0.025,1
AC026471.2,0.330827055460174,-0.16368429984901,0.009,0.01,1
ARIH2OS,0.331202794031981,0.111540646851564,0.034,0.032,1
PLAG1,0.331481967658443,0.11040529449378,0.028,0.026,1
PRDM10,0.33220796122331,-0.131262822156631,0.016,0.017,1
CLCN5,0.332269847520692,-0.149037523884608,0.011,0.012,1
ARMCX5,0.33242650629932,0.183118463677382,0.013,0.012,1
TMEM68,0.333490622910838,-0.108429187858789,0.031,0.033,1
ELMO3,0.333547802340533,-0.18349278092919,0.012,0.013,1
C5AR2,0.333853458510685,-0.17770087823031,0.013,0.014,1
ZWILCH,0.333976767075214,0.124422127941617,0.015,0.014,1
LOXL1-AS1,0.334116467942794,-0.152096325573797,0.014,0.015,1
RMND1,0.336010466964692,-0.120095031301327,0.025,0.027,1
GOLM1,0.336544844466516,-0.140844323490898,0.021,0.022,1
CD40,0.336588909516988,0.124249407714862,0.035,0.033,1
TRIM58,0.337040222443082,-0.407317868759628,0.01,0.012,1
TM6SF1,0.33704543001494,-0.138530822620671,0.014,0.016,1
MINPP1,0.337058977503229,0.143425080326807,0.013,0.011,1
PDSS1,0.338268605305437,0.134331175094024,0.02,0.018,1
HIST1H3H,0.338321914587608,-0.211512824939624,0.024,0.026,1
TCF19,0.33836262241898,0.161215361569644,0.018,0.016,1
PTCD1,0.33849180751162,0.10204925558574,0.024,0.022,1
SEL1L3,0.339535054919922,0.125701432931737,0.086,0.083,1
AL450326.1,0.339885578387797,0.147103237433153,0.012,0.011,1
C1RL-AS1,0.340085646371279,-0.140985251589875,0.02,0.022,1
JRK,0.340533336426984,-0.18602062982711,0.013,0.014,1
ZNF674-AS1,0.340847179092828,0.116884765277296,0.017,0.015,1
MAD2L1,0.341212424112125,-0.144659474167253,0.026,0.028,1
ATP1A1-AS1,0.341528496090176,0.135369328785766,0.016,0.015,1
FAM241A,0.341899870853846,-0.106527228568647,0.021,0.023,1
TMSB15B,0.342471428200362,0.146170962737778,0.014,0.012,1
ZNF530,0.342565166799674,0.174638233289021,0.01,0.009,1
PHC1,0.342916756438719,0.100069834131858,0.044,0.042,1
ZNF358,0.343009995208817,0.147355478895617,0.012,0.011,1
GEMIN6,0.34309111209341,0.126947664548814,0.021,0.02,1
CD24,0.34364498634219,0.111398931578686,0.023,0.022,1
IZUMO4,0.34422065129456,0.132932706509165,0.019,0.017,1
LINC01011,0.344833516259508,-0.169420669398154,0.014,0.015,1
RDH13,0.346124008029052,-0.116138715581217,0.023,0.024,1
MED22,0.346640726853866,-0.122745739126775,0.024,0.025,1
AL035587.2,0.347678979392305,-0.137263122112079,0.02,0.021,1
L3MBTL1,0.347994372995451,0.125203533274345,0.015,0.013,1
LIX1L-AS1,0.349154043448488,-0.127025829270162,0.016,0.017,1
ZSCAN5A,0.349481563069714,-0.121947567576187,0.019,0.02,1
LINC01534,0.349609099083151,-0.157878678167803,0.009,0.01,1
ZNF257,0.349968462498904,-0.120732154664462,0.014,0.015,1
SHLD3,0.350793772134216,-0.124811408204719,0.018,0.02,1
WDR19,0.351403354133899,0.148259706465731,0.013,0.012,1
PUS10,0.351843624849856,0.135369328785766,0.016,0.015,1
ZNF234,0.351925684797207,-0.146136098638162,0.011,0.012,1
AC009951.6,0.351986779384521,-0.188775280811839,0.009,0.01,1
MIS18A,0.352635224585541,-0.11506559462883,0.019,0.021,1
TPRG1,0.353492589373553,-0.173157052469292,0.014,0.015,1
NPDC1,0.354623660969843,-0.107878685099681,0.052,0.055,1
RALGPS1,0.357575933117794,0.117086470281593,0.017,0.016,1
ZFPM1,0.357912447251597,0.147713127546183,0.01,0.009,1
SLC25A19,0.358074513814409,0.149549093485946,0.021,0.02,1
ARF4-AS1,0.358236553574591,-0.108271179530402,0.019,0.02,1
TRIM47,0.358656659984866,-0.147005558702379,0.01,0.011,1
HIST1H2AG,0.358889219550198,0.123318753811115,0.036,0.034,1
ZNF532,0.359002295892718,0.172049594563383,0.01,0.008,1
PER2,0.359215889954384,0.152282236799636,0.018,0.016,1
AC091982.3,0.359417377392407,0.117886057422212,0.013,0.012,1
ABCB10,0.360148480668087,-0.144825272597694,0.017,0.019,1
GCH1,0.360447967050682,0.102875222155828,0.09,0.087,1
STXBP4,0.361183322299052,0.136186874165156,0.013,0.012,1
FLCN,0.361756261756235,-0.11781729109168,0.028,0.029,1
CCDC30,0.36197900670014,0.148259706465731,0.011,0.01,1
GRAP,0.362278551014776,0.103924153756291,0.038,0.036,1
PLPP6,0.362796899604598,-0.167043311938924,0.016,0.018,1
RASGRP3,0.362993510803849,0.175117613602749,0.013,0.012,1
NFKBIA,0.363126046066643,0.106001327848049,0.585,0.595,1
MAFB,0.363156089965579,0.288386613837034,0.102,0.1,1
SDR42E2,0.363640609767583,-0.12514969843002,0.024,0.025,1
SENP3,0.364519354788488,-0.107650264934682,0.015,0.017,1
RTKN2,0.364912210442111,0.194889391825403,0.017,0.015,1
FDXR,0.365616791894558,-0.120057367448752,0.013,0.014,1
COX10-AS1,0.365851512782058,-0.104790610795441,0.019,0.021,1
FCRL2,0.36647669754701,-0.151010469813898,0.016,0.018,1
USP13,0.366526728767732,0.114352269324031,0.026,0.024,1
ADGRE3,0.366787997381972,0.20842955220657,0.011,0.009,1
PIGN,0.368736539850755,-0.103383789581195,0.029,0.031,1
OPRL1,0.36888060014212,-0.157425309377327,0.009,0.01,1
TERF2,0.369759018955476,-0.110942837777036,0.022,0.024,1
FKTN,0.369840447363508,-0.14932900687194,0.011,0.012,1
EPB41L5,0.373765421574808,0.101660266671986,0.014,0.013,1
ZNF765,0.374178998792574,0.161801614451542,0.022,0.021,1
CD27-AS1,0.374661479672076,-0.12734245278529,0.018,0.02,1
NUGGC,0.375338192183632,0.139242833108296,0.01,0.009,1
ZNF596,0.376251784170826,0.137485234871555,0.011,0.01,1
TRIM16,0.376645012834468,0.147103237433153,0.014,0.013,1
FLVCR2,0.37692240090783,-0.123527173377027,0.009,0.01,1
ENTPD5,0.377468069352775,0.100309025954211,0.017,0.015,1
NUP37,0.377691592261267,-0.105267613623687,0.038,0.04,1
CREB3L4,0.380265737533264,0.127870145994835,0.013,0.012,1
HCAR3,0.38090147335176,0.114616862638094,0.02,0.018,1
ANKS1A,0.380922716522807,0.150508146258748,0.017,0.016,1
PPARA,0.381170874685536,0.109919347694972,0.022,0.021,1
INAFM2,0.381378543931001,-0.149037523884608,0.015,0.016,1
SLC25A23,0.381559049125347,0.135433912130266,0.014,0.013,1
SPATA7,0.38206435706821,-0.212399584882037,0.009,0.01,1
FAM13A,0.383287079996442,-0.169077558619228,0.023,0.025,1
ETV7,0.383801216433201,-0.14262268432118,0.011,0.012,1
RHEBL1,0.384304206627103,0.132601911781169,0.017,0.016,1
SPAG5-AS1,0.384322819816689,-0.105968801992722,0.026,0.027,1
TCF7L2,0.384582429353193,0.17905109407919,0.043,0.041,1
NLK,0.385253299320404,-0.166744099598068,0.009,0.01,1
MYO1C,0.38536800905056,0.135460399394066,0.019,0.018,1
ZNF440,0.386406711353222,-0.141929747208488,0.014,0.015,1
ZNF569,0.386522884671157,0.108621294883421,0.031,0.029,1
AC067852.2,0.387240232625192,-0.103142757913959,0.016,0.018,1
AC007383.2,0.389410421249361,-0.112636694258617,0.018,0.02,1
ZBTB26,0.389651957166253,0.136975178284701,0.012,0.01,1
BAHD1,0.389795408259627,-0.108218022991612,0.018,0.02,1
ATP6V1E2,0.390070464670026,0.161464097805996,0.016,0.015,1
ZNF445,0.392330834999793,0.10154766168903,0.036,0.034,1
WDR25,0.392398381267774,-0.118596410320471,0.015,0.016,1
AL121832.2,0.394771660941022,-0.133034087008825,0.012,0.014,1
PARD6B,0.397682390200991,0.102748682446649,0.014,0.013,1
OLFM2,0.400618610280084,-0.138737942718778,0.01,0.011,1
GINS4,0.400965532924522,0.158243795038353,0.011,0.01,1
TLR8,0.40106911282047,-0.14549118308304,0.015,0.016,1
CDKL3,0.401144439174592,-0.137595070980349,0.01,0.011,1
PUS7,0.402059520297394,-0.131921737464221,0.011,0.012,1
ARAP3,0.402178940547105,-0.125862834414042,0.012,0.013,1
MFSD13A,0.404153667327017,-0.134240521956528,0.015,0.016,1
AC020910.5,0.404707456681802,-0.14932900687194,0.011,0.012,1
GTF3C4,0.405415948293495,0.105320475301305,0.019,0.018,1
LAX1,0.40566300239116,-0.117587885259556,0.035,0.037,1
SMKR1,0.40825691141609,0.128885615439554,0.013,0.011,1
AP001816.1,0.408497332897594,-0.182299978016356,0.009,0.01,1
RIN1,0.409071349225758,0.132773107522235,0.022,0.02,1
EXO5,0.409321505033669,-0.123420429635282,0.012,0.013,1
GSTCD,0.409624125825845,-0.137595070980349,0.01,0.011,1
ZNF48,0.411391427986244,0.128885615439554,0.013,0.012,1
DLEC1,0.412494950201878,0.158243795038352,0.01,0.009,1
REEP6,0.415527211249374,-0.17635071168517,0.011,0.012,1
C17orf67,0.415543925153774,0.143370518556822,0.011,0.01,1
ELOA-AS1,0.416175077808539,-0.122878083461124,0.014,0.015,1
AC107884.1,0.417102298196498,0.147103237433152,0.01,0.009,1
CES4A,0.420632070089226,0.1280818245281,0.016,0.015,1
BTBD8,0.423993967847296,0.18209053699272,0.01,0.009,1
AC008443.5,0.42468312398852,-0.102535644324028,0.014,0.015,1
ZNF343,0.424879346760137,0.129097449378836,0.014,0.013,1
ZNF280C,0.427500806527005,0.114188614960417,0.012,0.011,1
PIGM,0.427786525749339,0.110429551865274,0.02,0.019,1
CUL7,0.427955404917215,-0.101142833780297,0.012,0.013,1
KANTR,0.428255191628422,-0.128494871386709,0.019,0.02,1
TNNT1,0.428361929910452,-0.151300575393178,0.013,0.014,1
HIC1,0.42902383526969,0.191796354749379,0.011,0.01,1
BRI3BP,0.431377084037166,-0.114440780829161,0.025,0.026,1
KLHL17,0.43197485513307,-0.147382487519908,0.01,0.011,1
HIST1H2BK,0.432147314654496,-0.115701385005892,0.042,0.044,1
FGF9,0.432611819619968,0.125539629965647,0.01,0.009,1
AC040970.1,0.439611346601965,-0.111940724755011,0.013,0.015,1
ZNF551,0.439664581796487,0.10868797056412,0.02,0.019,1
EDARADD,0.441480377563911,0.158243795038353,0.011,0.01,1
SERPINB9P1,0.442061061196292,0.139507232456768,0.014,0.013,1
MRM1,0.443409767560752,0.130498804555448,0.012,0.011,1
AC010226.1,0.443589110755348,-0.160656607151441,0.009,0.01,1
FLT3,0.446642907260729,0.197899995390143,0.01,0.009,1
CEP70,0.447139543065016,0.112851892224339,0.02,0.019,1
HHLA3,0.447326537037669,-0.104235834768267,0.016,0.017,1
AC132192.2,0.447603550173864,-0.140844323490898,0.011,0.012,1
TOR4A,0.447983934479356,-0.123222303504961,0.013,0.014,1
SERAC1,0.451112855014656,-0.107930318326008,0.014,0.015,1
SNAI1,0.451795645617804,0.164938447612362,0.011,0.01,1
INSR,0.452166176400661,-0.135115147652238,0.015,0.016,1
LINC01781,0.452214819905527,-0.131510729200955,0.017,0.018,1
AC099778.1,0.453307112791525,0.128827307061619,0.01,0.009,1
ATP1A3,0.453738801230207,-0.106320104753581,0.023,0.025,1
PFAS,0.454454804500274,-0.101674637573585,0.017,0.019,1
ZKSCAN2,0.455214655568853,0.11409669135397,0.013,0.012,1
KTI12,0.45596137046642,0.104804536076893,0.018,0.017,1
LINC02265,0.457061034038141,-0.146610786490069,0.009,0.01,1
FAM149B1,0.458697913062855,-0.134537954189493,0.011,0.012,1
NEDD4L,0.459698776745263,-0.166338753294987,0.01,0.011,1
GNG7,0.459853516352425,0.104119350132656,0.054,0.052,1
SNHG19,0.462022821099625,-0.122165030410743,0.032,0.033,1
CACNB1,0.466183117636297,-0.12220766387285,0.014,0.015,1
AC242426.2,0.468293212583447,-0.171904806653978,0.01,0.011,1
PIM3,0.470159657704532,0.124398678609391,0.219,0.219,1
BBS1,0.472918907882764,0.119008631755253,0.022,0.021,1
CEP57L1,0.473097918213979,0.105973048178519,0.014,0.013,1
BCORL1,0.473311739549562,-0.183702193425966,0.01,0.01,1
ZNF232,0.474360300247222,-0.143626647507756,0.01,0.01,1
ATAD5,0.474737141239695,-0.130261298311559,0.022,0.023,1
FAN1,0.474791782306208,-0.127025829270161,0.021,0.022,1
MINDY1,0.475335508744789,-0.262694305680175,0.015,0.016,1
ZNF182,0.475448433228217,-0.146136098638162,0.011,0.012,1
PTK2,0.47550699712177,-0.111089348901452,0.023,0.024,1
HIST1H2AC,0.475994802035635,-0.239975039137112,0.068,0.066,1
SHPK,0.476124528764315,-0.107930318326008,0.014,0.015,1
BID,0.476852465087262,0.155388000431245,0.159,0.158,1
SETBP1,0.477978611466671,0.130763058616246,0.028,0.026,1
E2F6,0.478132542966076,0.115570458443115,0.018,0.017,1
ZNF513,0.478202972908606,-0.121104511110171,0.017,0.018,1
HIST1H2AL,0.479980894765939,-0.189546363160975,0.014,0.015,1
DISC1,0.480215146514674,-0.120547796471011,0.024,0.026,1
DNAAF5,0.481032056876502,-0.108807971328936,0.015,0.016,1
KLHL3,0.483078528894339,0.108490759841253,0.011,0.01,1
MEGF8,0.483512251023218,-0.169916253560523,0.009,0.01,1
CAB39L,0.484034309112723,-0.104119745849203,0.013,0.014,1
SNX16,0.485482771773862,-0.13183543380967,0.013,0.014,1
AC008875.2,0.486947771891517,-0.126209594430347,0.01,0.011,1
AC139720.1,0.488496688580338,0.139039584141202,0.011,0.01,1
IPO9-AS1,0.493555209635848,-0.128060390118288,0.009,0.01,1
HSPA1B,0.496811939916725,-0.127686101611612,0.014,0.015,1
CEP76,0.497006327235516,-0.129066102979434,0.013,0.014,1
ZNF354C,0.499479626003893,0.155987821097985,0.012,0.011,1
NDST1,0.500996160701717,0.104493409260744,0.016,0.015,1
MANEA,0.501866964911124,-0.101868292247254,0.017,0.018,1
CNNM4,0.502420306053092,0.109692050206244,0.013,0.012,1
AC023157.3,0.507363974984045,-0.138957213946632,0.014,0.015,1
HIP1,0.508698464253874,-0.101674637573584,0.029,0.03,1
ZNF90,0.509223834574727,-0.116541316449866,0.011,0.012,1
C17orf58,0.51280310738802,0.131022326303328,0.01,0.009,1
STARD9,0.514501791458859,0.139507232456768,0.014,0.013,1
AC093249.6,0.516512337028731,-0.109236515826633,0.012,0.013,1
IRF2BP1,0.519340703354515,0.109036270954719,0.015,0.014,1
SEC24B-AS1,0.519442828742702,0.124661194513972,0.01,0.009,1
SIAE,0.519550964158962,0.129623117098585,0.01,0.009,1
PAQR8,0.521240785665944,0.123373335191301,0.012,0.011,1
C5AR1,0.521647740080194,0.251784562877775,0.109,0.114,1
ABHD4,0.524451913061202,-0.131262822156632,0.02,0.021,1
GPA33,0.524785349199981,-0.130484249530673,0.019,0.02,1
ANKRD44-IT1,0.526151139631794,-0.12151484560507,0.009,0.01,1
ESRRA,0.528197762517623,-0.126814498020295,0.028,0.029,1
AC025257.1,0.531413184837584,0.123597652231461,0.011,0.01,1
ADAMTS6,0.533508422577175,-0.111756507805149,0.015,0.016,1
GGPS1,0.533839525545721,0.110678111786297,0.01,0.009,1
TRAV1-2,0.533938275466404,-0.107901305142814,0.036,0.038,1
PTGR2,0.535404895065412,-0.123270031403101,0.01,0.011,1
ZNF81,0.536651359680211,-0.120431101895126,0.009,0.01,1
NMB,0.53784534469852,-0.10665335481263,0.017,0.018,1
SPIN3,0.543566713104131,-0.160801791315888,0.009,0.01,1
CD300E,0.54493814165411,0.308594198343891,0.074,0.073,1
IGLV2-14,0.547608005467424,1.20180318679263,0.024,0.023,1
VPREB3,0.552990855172751,-0.179332642814494,0.03,0.031,1
MS4A4A,0.554127198411744,-0.144825272597694,0.012,0.013,1
PNPLA7,0.55605263813327,-0.107650264934682,0.016,0.016,1
ZNF561-AS1,0.556370330021772,0.128885615439554,0.013,0.012,1
COBLL1,0.556608380210424,-0.143472494894087,0.029,0.03,1
ZNF629,0.560481933629535,-0.105267613623687,0.009,0.01,1
GAS6-AS1,0.562908980375879,-0.128329023401047,0.01,0.011,1
SLC35F2,0.564583933712881,0.11989748338887,0.011,0.01,1
PDIA5,0.566657213103692,-0.10520583458328,0.011,0.012,1
B3GNT5,0.571213940272493,0.108240415095699,0.015,0.014,1
AC040169.1,0.584716024096556,-0.117587885259555,0.012,0.013,1
PTGS2,0.592942710134029,-0.174194659467469,0.048,0.049,1
MXRA7,0.593461638612266,0.115607384503911,0.031,0.03,1
NAB1,0.594029962005774,-0.112545450857208,0.029,0.03,1
AL513303.1,0.605478937635783,-0.125754844216687,0.009,0.01,1
IGLC3,0.609607847123433,-0.625977525339101,0.018,0.017,1
G0S2,0.61258938872533,0.214994699127501,0.114,0.113,1
TSPAN33,0.616826142512793,0.122838458907155,0.017,0.016,1
RETN,0.617916735157818,0.163396282803956,0.075,0.073,1
LINC00342,0.646487300574131,-0.109559085988042,0.038,0.039,1
GALNT4,0.646709077427103,-0.115222810892364,0.012,0.013,1
KANK1,0.659452998997056,-0.135339674155047,0.014,0.015,1
SMYD5,0.692544008137386,-0.102693669959861,0.017,0.018,1
HIST1H2BJ,0.702719614363624,-0.177759485060732,0.016,0.015,1
KLF5,0.7237890843631,-0.1395473939675,0.012,0.013,1
JAM3,0.755103099556061,-0.108695065251357,0.011,0.011,1
CDHR3,0.755467029131211,-0.121249033528612,0.021,0.021,1
IGHM,0.777617659877837,-0.30109573962026,0.067,0.068,1
C1QA,0.779765662568235,-0.10144716772107,0.011,0.011,1
IRF4,0.807815557015753,0.138261549820664,0.045,0.046,1
RMRP,0.819310175108945,0.22196939264874,0.041,0.041,1
ACACB,0.873506938424717,-0.105158223242554,0.012,0.013,1
NINJ1,0.875212239777403,0.214964664072242,0.223,0.228,1
TKTL1,0.891416080122945,-0.203682367780929,0.016,0.017,1
GZMH,0.896576596967169,-0.143480870064521,0.244,0.237,1
COL9A3,0.967527981817972,0.10664259855114,0.012,0.012,1
EHD3,0.968491546805453,-0.143699925394855,0.016,0.016,1
BCL2A1,0.99089438634588,0.179105401170759,0.167,0.169,1
MS4A7,0.992745393439739,0.12190526173064,0.082,0.083,1
TYROBP,0.99777891472406,-0.208367736020844,0.301,0.286,1
